00001-1.opus,1150410,あい,愛,,1
00002-1.opus,1401310,あいかわらず,相変わらず,,0
00003-1.opus,1150600,あいきょうしん,愛郷心,,3
00004-1.opus,1150740,あいこくしん,愛国心,,4
00005-1.opus,1150750,あいさい,愛妻,,0
00006-1.opus,1586070,あいしょう,相性,,3
00008-1.opus,1150860,あいじょう,愛情,,0
00009-1.opus,1150870,あいじん,愛人,,0
00010-1.opus,1150450,あいする,愛する,,3
00011-1.opus,1575660,あいそ,愛想,,3
00012-1.opus,1575670,あいぞう,愛憎,,0
00013-1.opus,1215230,あいだ,間,に,0
00014-1.opus,1400980,あいつぐ,相次ぐ,,1
00015-1.opus,1401000,あいて,相手,,3
00016-1.opus,1379210,あいにく,生憎,,0
00017-1.opus,1151030,あいびょうか,愛猫家,,
00018-1.opus,1401350,あいぼう,相棒,,0
00019-1.opus,1151090,あいよう,愛用,する,0
00020-1.opus,1198180,あう,会う,,1
00021-1.opus,1284430,あう,合う,,1
00022-1.opus,1212850,あえて,敢えて,,1
00023-1.opus,1381390,あおい,青い,,2
00024-1.opus,1750010,あおき,青木,,0
00025-1.opus,1381760,あおじろい,青白い,,4
00026-1.opus,1381600,あおしんごう,青信号,,3
00027-1.opus,1381470,あおぞら,青空,,3
00028-1.opus,1381580,あおだたみ,青畳,,3
00029-1.opus,1381510,あおな,青菜,,0
00030-1.opus,1383240,あかい,赤い,,0
00031-1.opus,1383630,あかげ,赤毛,,0
00032-1.opus,1383440,あかじ,赤字,,0
00033-1.opus,1383440,あかじ,赤字,,0
00034-1.opus,1518280,あかす,飽かす,,2
00035-1.opus,1383260,あかちゃん,赤ちゃん,,1
00036-1.opus,1383610,あかぼう,赤帽,,0
00037-1.opus,1532340,あからむ,明らむ,,3
00038-1.opus,1383290,あからめる,赤らめる,,4
00039-1.opus,1352290,あがる,上がる,,0
00041-1.opus,1532350,あかるい,明るい,,0
00042-1.opus,1383310,あかんぼう,赤ん坊,,0
00043-1.opus,1383310,あかんぼう,赤ん坊,,0
00044-1.opus,1332650,あき,秋,,1
00045-1.opus,1518300,あきあき,飽き飽き,する,3
00046-1.opus,1332720,あきかぜ,秋風,,
00048-1.opus,2859046,あきがっき,秋学期,,
00050-1.opus,1245320,あきかん,空き缶,,0
00051-1.opus,1586220,あきす,空き巣,,0
00052-1.opus,1621650,あきっぽい,飽きっぽい,,4
00053-1.opus,1346590,あきなう,商う,,3
00054-1.opus,1586240,あきびん,空き瓶,,0
00055-1.opus,1532310,あきらか,明らか,な,2
00056-1.opus,1586250,あきる,飽きる,,2
00058-1.opus,1586270,あく,開く,,0
00059-1.opus,1151800,あくじ,悪事,,1
00060-1.opus,1152730,あくしゅ,握手,する,1
00061-1.opus,1151980,あくじょうけん,悪条件,,3
00062-1.opus,2040990,あくとくしょうほう,悪徳商法,,5
00063-1.opus,1254010,あくび,欠伸,,0
00064-1.opus,1152510,あくま,悪魔,,1
00065-1.opus,1152530,あくむ,悪夢,,1
00066-1.opus,1532260,あくるひ,明くる日,,
00067-1.opus,1586300,あげくのはて,挙句の果て,,
00069-1.opus,1202450,あける,開ける,,0
00070-1.opus,1352320,あげる,上げる,,0
00071-1.opus,2864818,あげる,挙げる,,0
00072-1.opus,1428280,あさ,朝,,1
00073-1.opus,1390800,あさい,浅い,,
00074-1.opus,2256720,あさがた,朝型,,
00075-1.opus,1390840,あさぐろい,浅黒い,,
00076-1.opus,1586330,あさごはん,朝御飯,,3
00078-1.opus,1390850,あさせ,浅瀬,,0
00079-1.opus,1584640,あさって,明後日,,2
00080-1.opus,1584640,あさって,明後日,,2
00082-1.opus,1428410,あさねぼう,朝寝坊,,3
00083-1.opus,1609030,あさはか,浅はか,な,2
00084-1.opus,1428500,あさひ,朝日,,1
00086-1.opus,1428510,あさめしまえ,朝飯前,,5
00087-1.opus,1404630,あし,足,,2
00088-1.opus,1526960,あじ,味,,0
00089-1.opus,1404770,あしおと,足音,,
00090-1.opus,1151300,あしからず,悪しからず,,3
00091-1.opus,1404810,あしこし,足腰,,
00092-1.opus,1584660,あした,明日,,3
00092-2.opus,1584660,あす,明日,,2
00094-1.opus,1527010,あじわう,味わう,,
00095-1.opus,1544970,あずかる,預かる,,3
00096-1.opus,1348560,あずき,小豆,,
00097-1.opus,1544990,あずける,預ける,,3
00098-1.opus,1213060,あせ,汗,,1
00099-1.opus,1621740,あせかき,汗かき,,2
00100-1.opus,1856430,あせだく,汗だく,,0
00101-1.opus,1213070,あせばむ,汗ばむ,,3
00102-1.opus,1350780,あせる,焦る,,2
00103-1.opus,1542160,あそぶ,遊ぶ,,0
00104-1.opus,1581630,あたい,価,,0
00105-1.opus,1609040,あたいする,値する,,0
00106-1.opus,1544730,あたえる,与える,,0
00107-1.opus,1586420,あたたかい,暖かい,,4
00109-1.opus,1586430,あたたまる,暖まる,,4
00110-1.opus,1586430,あたたまる,温まる,,4
00111-1.opus,1586440,あたためる,暖める,,4
00112-1.opus,1586440,あたためる,温める,,4
00113-1.opus,1582310,あたま,頭,,
00114-1.opus,1361490,あたらしい,新しい,,4
00115-1.opus,1512080,あたり,辺り,,1
00116-1.opus,1448800,あたりまえ,当たり前,,0
00117-1.opus,1448810,あたる,当たる,,0
00118-1.opus,1275320,あつい,厚い,,
00119-1.opus,1343460,あつい,暑い,,2
00120-1.opus,1467720,あつい,熱い,,2
00122-1.opus,1151470,あっか,悪化,する,0
00123-1.opus,1275330,あつかましい,厚かましい,,5
00124-1.opus,1152990,あっかん,圧巻,,0
00125-1.opus,1153080,あっしゅく,圧縮,する,0
00126-1.opus,1153140,あっしょう,圧勝,する,0
00128-1.opus,1153260,あっとう,圧倒,する,0
00129-1.opus,1153270,あっとうてき,圧倒的,な,0
00130-1.opus,1153310,あっぱく,圧迫,する,0
00131-1.opus,1609050,あつまり,集まり,,
00132-1.opus,1333550,あつまる,集まる,,3
00133-1.opus,1333560,あつめる,集める,,3
00134-1.opus,1153340,あつりょく,圧力,,2
00135-1.opus,1334270,あてる,充てる,,0
00136-1.opus,1448860,あてる,当てる,,0
00137-1.opus,1383680,あと,跡,,1
00138-1.opus,1270140,あとあじ,後味,,
00139-1.opus,1697370,あとかた,跡形,,0
00140-1.opus,1269350,あとで,後で,,
00141-1.opus,1254480,あな,穴,,2
00142-1.opus,1583670,あなどる,侮る,,3
00143-1.opus,1249900,あに,兄,,1
00144-1.opus,1307630,あね,姉,,0
00145-1.opus,1612740,あのよ,あの世,,
00146-1.opus,1519330,あばく,暴く,,2
00147-1.opus,1519340,あばれる,暴れる,,0
00148-1.opus,1150050,あびきょうかん,阿鼻叫喚,,
00149-1.opus,1547440,あびせる,浴びせる,,0
00150-1.opus,1547450,あびる,浴びる,,0
00151-1.opus,1218380,あぶない,危ない,,
00152-1.opus,1538590,あぶら,油,,0
00153-1.opus,1311750,あぶら,脂,,0
00154-1.opus,1538630,あぶらえ,油絵,,
00155-1.opus,1538630,あぶらえ,油絵,,
00156-1.opus,1311800,あぶらしょう,脂性,,0
00157-1.opus,1311810,あぶらっこい,脂っこい,,5
00158-1.opus,1311790,あぶらみ,脂身,,
00159-1.opus,5101892,あべ,阿部,,
00160-1.opus,1213400,あまい,甘い,,
00161-1.opus,1213440,あまえる,甘える,,0
00162-1.opus,1171920,あまがえる,雨蛙,,3
00163-1.opus,1171910,あまぐも,雨雲,,0
00164-1.opus,1171910,あまぐも,雨雲,,0
00165-1.opus,1213520,あまざけ,甘酒,,
00166-1.opus,1543860,あます,余す,,2
00167-1.opus,1586640,あまだれ,雨垂れ,,0
00168-1.opus,1172130,あまつぶ,雨粒,,
00169-1.opus,1463400,あまでら,尼寺,,
00170-1.opus,1171970,あまど,雨戸,,2
00171-1.opus,1582020,あまのがわ,天の川,,3
00172-1.opus,1213470,あまやかす,甘やかす,,
00173-1.opus,1172040,あまやどり,雨宿り,,3
00174-1.opus,1543910,あまる,余る,,2
00175-1.opus,1621660,あまんじる,甘んじる,,
00176-1.opus,1586670,あみもの,編み物,,
00177-1.opus,1511950,あむ,編む,,1
00178-1.opus,2848784,あめ,天,,1
00179-1.opus,1171900,あめ,雨,,1
00180-1.opus,1586680,あめあがり,雨上がり,,3
00181-1.opus,1149840,アメリカがっしゅうこく,アメリカ合衆国,,7
00182-1.opus,1218360,あやうい,危うい,,
00183-1.opus,1218370,あやうく,危うく,,
00184-1.opus,1586700,あやしい,怪しい,,
00185-1.opus,1200200,あやしむ,怪しむ,,3
00186-1.opus,1621790,あやつりにんぎょう,操り人形,,5
00187-1.opus,1400010,あやつる,操る,,3
00188-1.opus,1218410,あやぶむ,危ぶむ,,3
00189-1.opus,1196010,あやまち,過ち,,
00190-1.opus,1196020,あやまつ,過つ,,3
00191-1.opus,1271300,あやまる,誤る,,3
00192-1.opus,1323010,あやまる,謝る,,3
00193-1.opus,1514360,あゆむ,歩む,,2
00194-1.opus,1586740,あらあらしい,荒々しい,,5
00195-1.opus,1281450,あらい,荒い,,
00196-1.opus,1390930,あらう,洗う,,0
00197-1.opus,1281480,あらす,荒らす,,0
00198-1.opus,1400620,あらそう,争う,,3
00199-1.opus,1361510,あらた,新た,な,1
00200-1.opus,1200730,あらたまる,改まる,,4
00201-1.opus,1200750,あらためる,改める,,4
00202-1.opus,1281470,あらっぽい,荒っぽい,,
00203-1.opus,1263490,あらわす,現す,,3
00206-1.opus,1263510,あらわれる,表れる,,4
00207-1.opus,1586820,ありがとう,有り難う,,2
00209-1.opus,1296400,ある,在る,,1
00210-1.opus,1296400,ある,有る,,1
00211-1.opus,1514320,あるく,歩く,,2
00212-1.opus,2414380,あれち,荒れ地,,0
00213-1.opus,1281490,あれる,荒れる,,0
00214-1.opus,1284480,あわせる,合わせる,,3
00215-1.opus,1154770,あん,案,,1
00216-1.opus,1153720,あんい,安易,な,
00217-1.opus,1154390,あんうん,暗雲,,0
00218-1.opus,1154820,あんがい,案外,,
00219-1.opus,1153740,あんか,安価,な,1
00220-1.opus,1586910,あんき,暗記,する,0
00221-1.opus,1586910,あんき,暗記,する,0
00222-1.opus,1281900,あんぎゃ,行脚,する,
00223-1.opus,1154430,あんごう,暗号,,0
00224-1.opus,1154430,あんごう,暗号,,0
00226-1.opus,1586920,あんこく,暗黒,,0
00227-1.opus,1154520,あんさつ,暗殺,する,0
00228-1.opus,1154520,あんさつ,暗殺,する,0
00229-1.opus,1154540,あんざん,暗算,,0
00230-1.opus,1154540,あんざん,暗算,,0
00231-1.opus,1154550,あんじ,暗示,する,0
00232-1.opus,1154550,あんじ,暗示,する,0
00233-1.opus,1154560,あんしつ,暗室,,0
00234-1.opus,1154570,あんしょう,暗唱,する,0
00235-1.opus,1154780,あんじる,案じる,,
00235-2.opus,1586940,あんずる,案ずる,,0
00237-1.opus,1153890,あんしん,安心,する,0
00238-1.opus,1153910,あんせい,安静,,0
00240-1.opus,1153930,あんぜん,安全,な,0
00241-1.opus,1586950,あんぜんべん,安全弁,,
00242-1.opus,1154120,あんてい,安定,する,0
00244-1.opus,1154870,あんないがかり,案内係,,5
00245-1.opus,1154860,あんない,案内,する,3
00248-1.opus,1154790,あんのじょう,案の定,,3
00249-1.opus,1586960,あんばい,塩梅,,
00250-1.opus,1154230,あんぴ,安否,,1
00251-1.opus,1154700,あんもく,暗黙,,0
00252-1.opus,1158500,い,胃,,0
00253-1.opus,1848410,いいかける,言い掛ける,,
00254-1.opus,1277440,いいかげん,いい加減,,0
00255-1.opus,1756370,いいのがれ,言い逃れ,,0
00256-1.opus,1587030,いいわけ,言い訳,,0
00257-1.opus,1159730,いいん,医院,,1
00258-1.opus,1156100,いいん,委員,,1
00259-1.opus,1156100,いいん,委員,,1
00260-1.opus,1156110,いいんかい,委員会,,
00261-1.opus,1587040,いう,言う,,0
00262-1.opus,1191730,いえ,家,,2
00263-1.opus,1192030,いえで,家出,する,0
00264-1.opus,1158520,いえん,胃炎,,0
00265-1.opus,1552840,いおう,硫黄,,0
00266-1.opus,1155060,いか,以下,,1
00267-1.opus,1155090,いがい,以外,,1
00269-1.opus,1156410,いがい,意外,な,
00270-1.opus,1158630,いかいよう,胃潰瘍,,2
00271-1.opus,1159810,いがく,医学,,1
00272-1.opus,1158530,いかすい,胃下垂,,2
00273-1.opus,1857820,いかりくるう,怒り狂う,,
00274-1.opus,2859682,いかる,怒る,,2
00275-1.opus,1158540,いがん,胃癌,,
00276-1.opus,1159090,いかん,遺憾,な,
00277-1.opus,1404320,いき,息,,1
00278-1.opus,1156520,いぎ,意義,,1
00279-1.opus,1157580,いぎ,異議,,1
00280-1.opus,1157580,いぎ,異議,,1
00281-1.opus,1830270,いきうめ,生き埋め,,0
00282-1.opus,1375040,いきおい,勢い,,3
00283-1.opus,1281700,いきかう,行き交う,,
00284-1.opus,1378600,いきかえる,生き返る,,
00285-1.opus,1281720,いきさき,行き先,,0
00285-2.opus,1281720,ゆきさき,行き先,,0
00286-1.opus,1155840,いぎょう,偉業,,0
00287-1.opus,1155640,いきょ,依拠,する,1
00288-1.opus,1378520,いきる,生きる,,2
00289-1.opus,1578850,いく,行く,,0
00289-2.opus,1578850,ゆく,行く,,0
00290-1.opus,1587140,いくさ,戦,,
00291-1.opus,1160630,いくじ,育児,,1
00292-1.opus,1160630,いくじ,育児,,1
00293-1.opus,1219960,いくつ,幾つ,,1
00294-1.opus,1157650,いくどうおん,異口同音,,1
00295-1.opus,2138250,いくども,幾度も,,1
00296-1.opus,1858070,いくにちも,幾日も,,1
00297-1.opus,1220060,いくぶん,幾分,,0
00298-1.opus,1219980,いくら,幾ら,,
00299-1.opus,1219990,いくらか,幾らか,,
00300-1.opus,1421700,いけ,池,,2
00301-1.opus,1587180,いけばな,生け花,,2
00302-1.opus,1156530,いけん,意見,,1
00304-1.opus,1158900,いけん,違憲,,0
00305-1.opus,1158900,いけん,違憲,,0
00306-1.opus,1156270,いげん,威厳,,0
00307-1.opus,1155100,いご,以後,,1
00308-1.opus,1155990,いご,囲碁,,1
00310-1.opus,1155110,いこう,以降,,1
00311-1.opus,1157670,いこく,異国,,0
00312-1.opus,1159220,いこつ,遺骨,,0
00313-1.opus,1159220,いこつ,遺骨,,0
00314-1.opus,1157690,いさい,偉才,,0
00315-1.opus,1254440,いさぎよい,潔い,,4
00316-1.opus,1539660,いさましい,勇ましい,,4
00317-1.opus,1158570,いさん,胃酸,,0
00318-1.opus,1159260,いさん,遺産,,0
00319-1.opus,1159930,いし,医師,,1
00320-1.opus,1159930,いし,医師,,1
00321-1.opus,1156560,いし,意志,,1
00322-1.opus,1156560,いし,意志,,1
00323-1.opus,1156610,いし,意思,,1
00324-1.opus,1382440,いし,石,,2
00325-1.opus,1159290,いし,遺志,,1
00326-1.opus,1156640,いしき,意識,,1
00327-1.opus,1156640,いしき,意識,する,1
00328-1.opus,1396770,いしずえ,礎,,
00329-1.opus,1158450,いじ,維持,する,1
00330-1.opus,1157700,いしつ,異質,,0
00331-1.opus,1159330,いしつぶつ,遺失物,,3
00332-1.opus,1159980,いしゃ,医者,,0
00334-1.opus,1158280,いじゅう,移住,する,0
00335-1.opus,1158280,いじゅう,移住,する,0
00336-1.opus,1155120,いじょう,以上,,1
00337-1.opus,1155120,いじょう,以上,,1
00338-1.opus,1157760,いじょう,異常,な,0
00339-1.opus,1157760,いじょう,異常,な,0
00340-1.opus,1157810,いしょく,異色,,0
00341-1.opus,1158780,いしょくじゅう,衣食住,,
00342-1.opus,1587230,いしょく,委嘱,する,0
00343-1.opus,1158310,いしょく,移植,する,0
00344-1.opus,1158310,いしょく,移植,する,0
00345-1.opus,1156740,いじわる,意地悪,な,
00346-1.opus,1155130,いしんでんしん,以心伝心,,1
00347-1.opus,1155130,いしんでんしん,以心伝心,,1
00348-1.opus,1157070,いす,椅子,,0
00349-1.opus,1390780,いずみ,泉,,
00351-1.opus,1156300,いせい,威勢,,0
00352-1.opus,1157860,いせい,異性,,
00353-1.opus,1159380,いせき,遺跡,,0
00355-1.opus,1158330,いせき,移籍,する,0
00356-1.opus,1155660,いぜんとして,依然として,,0
00357-1.opus,1231740,いそうろう,居候,,
00358-1.opus,1519290,いそがしい,忙しい,,4
00359-1.opus,1228650,いそぐ,急ぐ,,2
00360-1.opus,1159420,いぞく,遺族,,1
00361-1.opus,1159420,いぞく,遺族,,1
00362-1.opus,1157900,いぞん,異存,,0
00364-1.opus,1575870,いぞん,依存,する,0
00365-1.opus,1481350,いた,板,,1
00366-1.opus,1432680,いたい,痛い,,2
00367-1.opus,1155920,いだい,偉大,な,0
00368-1.opus,1584090,いだく,抱く,,2
00369-1.opus,1156160,いたく,委託,する,0
00370-1.opus,1430200,いただき,頂,,0
00371-1.opus,1587290,いただく,頂く,,0
00372-1.opus,1634720,いただけない,頂けない,,
00373-1.opus,1481390,いたまえ,板前,,0
00374-1.opus,1609200,いたましい,痛ましい,,4
00375-1.opus,1432690,いたみどめ,痛み止め,,0
00376-1.opus,1432710,いたむ,傷む,,2
00377-1.opus,1432710,いたむ,痛む,,2
00378-1.opus,1432720,いためる,傷める,,3
00379-1.opus,1432720,いためる,痛める,,3
00381-1.opus,1311870,いたる,至る,,2
00382-1.opus,1311880,いたるところ,至る所,,
00383-1.opus,1587310,いち,位置,,1
00384-1.opus,1587310,いち,位置,,1
00385-1.opus,1308080,いち,市,,1
00386-1.opus,1161020,いちい,一位,,
00387-1.opus,1161190,いちおく,一億,,2
00388-1.opus,1161390,いちがいに,一概に,,
00389-1.opus,1161640,いちがん,一丸,,0
00391-1.opus,1575980,いちぐう,一隅,,0
00392-1.opus,1162030,いちぐん,一群,,0
00393-1.opus,1162050,いちぐん,一軍,,0
00394-1.opus,1161700,いちごいちえ,一期一会,,
00395-1.opus,1576100,いちじ,一時,,2
00396-1.opus,1162940,いちじかん,一時間,,3
00398-1.opus,1427070,いちじるしい,著しい,,5
00399-1.opus,1164610,いちだい,一台,,2
00400-1.opus,1164690,いちだん,一段,と,
00402-1.opus,1576250,いちど,一度,,
00403-1.opus,1576260,いちにち,一日,,4
00405-1.opus,1165580,いちねんせい,一年生,,
00407-1.opus,1165970,いちばん,一番,,
00408-1.opus,1165970,いちばん,一番,,
00409-1.opus,1166020,いちばんせん,一番線,,
00410-1.opus,1166120,いちびょう,一秒,,2
00412-1.opus,1166710,いちまい,一枚,,2
00413-1.opus,2138590,いちまんえん,一万円,,
00414-1.opus,1166850,いちめい,一名,,
00415-1.opus,1158610,いちょう,胃腸,,0
00416-1.opus,1158610,いちょう,胃腸,,0
00417-1.opus,1651470,いちょうやく,胃腸薬,,2
00418-1.opus,1167180,いちらん,一覧,する,0
00419-1.opus,1167190,いちらんひょう,一覧表,,0
00420-1.opus,1167250,いちりつ,一律,,0
00421-1.opus,1167240,いちりづか,一里塚,,3
00422-1.opus,1167270,いちりゅう,一流,,0
00423-1.opus,1161110,いちわ,一羽,,
00424-1.opus,1161440,いちわり,一割,,
00426-1.opus,1268570,いつか,五日,,
00427-1.opus,1858760,いっかのあるじ,一家の主,,
00428-1.opus,1161670,いっきいちゆう,一喜一憂,,
00429-1.opus,1161840,いっきゅう,一級,,0
00430-1.opus,1609220,いっきょに,一挙に,,1
00431-1.opus,1162190,いっけん,一軒,,1
00432-1.opus,1587440,いっけんや,一軒家,,3
00433-1.opus,1587440,いっけんや,一軒家,,3
00434-1.opus,1162290,いっこ,一個,,1
00435-1.opus,1164170,いっさい,一切,,1
00436-1.opus,1587450,いっさい,一歳,,1
00437-1.opus,1162680,いっさつ,一冊,,
00438-1.opus,1167070,いっし,一矢,,1
00439-1.opus,1163120,いっしゃく,一尺,,4
00440-1.opus,1163170,いっしゅ,一種,,1
00442-1.opus,1163270,いっしゅうかん,一週間,,3
00443-1.opus,1163200,いっしゅうき,一周忌,,3
00444-1.opus,1602010,いっしゅう,一周,する,0
00445-1.opus,1163400,いっしょ,一緒,,0
00447-1.opus,1576200,いっしょう,一生,,0
00448-1.opus,1163490,いっしょう,一笑,する,0
00449-1.opus,1163550,いっしょくそくはつ,一触即発,,0
00450-1.opus,1163930,いっすん,一寸,,
00451-1.opus,1164100,いっせき,一隻,,4
00452-1.opus,1164160,いっせきにちょう,一石二鳥,,
00453-1.opus,1164350,いっそう,一掃,する,0
00454-1.opus,1164570,いったい,一帯,,0
00455-1.opus,1587500,いったん,一反,,1
00456-1.opus,2128440,いっちょう,一兆,,
00457-1.opus,1164850,いっちょういっせき,一朝一夕,,0
00458-1.opus,1268070,いつつ,五つ,,2
00459-1.opus,1165220,いっとう,一等,,
00460-1.opus,1165260,いっとうしょう,一等賞,,3
00461-1.opus,1165280,いっとうせい,一等星,,3
00463-1.opus,1165670,いっぱい,一杯,,
00465-1.opus,1165880,いっぱんてき,一般的,な,0
00466-1.opus,1166060,いっぴき,一匹,,4
00467-1.opus,1166100,いっぴょう,一俵,,1
00468-1.opus,1166110,いっぴょう,一票,,1
00469-1.opus,1166290,いっぷん,一分,,
00470-1.opus,1159460,いでん,遺伝,,0
00471-1.opus,1159500,いでんし,遺伝子,,2
00472-1.opus,1158390,いてん,移転,する,0
00473-1.opus,1159460,いでん,遺伝,する,0
00474-1.opus,1311450,いと,糸,,1
00475-1.opus,1160330,いど,井戸,,1
00476-1.opus,1158400,いどう,移動,する,0
00477-1.opus,1158400,いどう,移動,する,0
00478-1.opus,2224430,いとおしむ,愛おしむ,,4
00479-1.opus,1311470,いとぐち,糸口,,2
00480-1.opus,1231830,いどころ,居所,,0
00481-1.opus,1150420,いとしい,愛しい,,3
00482-1.opus,1156690,いと,意図,する,1
00483-1.opus,1173420,いとなむ,営む,,3
00485-1.opus,1155180,いない,以内,,1
00486-1.opus,1442750,いなか,田舎,,0
00487-1.opus,1167870,いなさく,稲作,,0
00488-1.opus,1167860,いなづま,稲妻,,
00489-1.opus,1167860,いなづま,稲妻,,
00490-1.opus,1167850,いなびかり,稲光,,
00491-1.opus,1167850,いなびかり,稲光,,
00492-1.opus,1167920,いなほ,稲穂,,0
00493-1.opus,1482910,いなむ,否む,,2
00494-1.opus,1482930,いなめない,否めない,,3
00495-1.opus,1608030,いなり,稲荷,,1
00496-1.opus,1156180,いにん,委任,する,0
00497-1.opus,1258330,いぬ,犬,,2
00498-1.opus,1167820,いね,稲,,1
00499-1.opus,1167840,いねかり,稲刈り,,
00500-1.opus,1231890,いねむり,居眠り,,
00501-1.opus,1531940,いのち,命,,1
00502-1.opus,1222760,いのり,祈り,,3
00503-1.opus,1222770,いのる,祈る,,2
00504-1.opus,1156320,いばる,威張る,,2
00506-1.opus,1158950,いはん,違反,する,0
00507-1.opus,1159590,いひん,遺品,,0
00508-1.opus,1404410,いぶき,息吹,,
00509-1.opus,1158810,いふく,衣服,,1
00510-1.opus,1158600,いぶくろ,胃袋,,2
00512-1.opus,1834500,いぶんか,異文化,,2
00513-1.opus,1158040,いへん,異変,,0
00514-1.opus,1158960,いほう,違法,な,0
00515-1.opus,1288850,いま,今,,1
00516-1.opus,1231720,いま,居間,,2
00517-1.opus,1231720,いま,居間,,2
00518-1.opus,1289150,いまさら,今更,,
00519-1.opus,1527110,いまだ,未だ,,0
00519-2.opus,1527110,まだ,未だ,,1
00520-1.opus,1289490,いまふう,今風,,0
00521-1.opus,1156800,いみ,意味,,1
00523-1.opus,1158440,いみん,移民,,0
00524-1.opus,1524590,いもうと,妹,,4
00525-1.opus,1609260,いやがる,嫌がる,,3
00526-1.opus,1160110,いやくひん,医薬品,,0
00527-1.opus,1587610,いや,嫌,な,2
00529-1.opus,1158120,いよう,異様,な,0
00530-1.opus,1587690,いよく,意欲,,1
00531-1.opus,1155210,いらい,以来,,1
00532-1.opus,1155210,いらい,以来,,1
00533-1.opus,1155740,いらいしん,依頼心,,2
00534-1.opus,1155710,いらい,依頼,する,0
00536-1.opus,1582820,いりぐち,入り口,,0
00539-1.opus,1160140,いりょう,医療,,
00540-1.opus,1160140,いりょう,医療,,
00541-1.opus,2144400,いりょうひん,衣料品,,
00542-1.opus,1322180,いる,射る,,1
00543-1.opus,1577980,いる,居る,,0
00544-1.opus,1546640,いる,要る,,0
00545-1.opus,1613280,いるい,衣類,,1
00546-1.opus,1613280,いるい,衣類,,1
00547-1.opus,1231910,いるす,居留守,,
00548-1.opus,1587840,いれもの,入れ物,,0
00549-1.opus,1465610,いれる,入れる,,0
00551-1.opus,1587850,いろいろ,色々,,0
00552-1.opus,1357700,いろか,色香,,2
00553-1.opus,1217270,いわ,岩,,2
00554-1.opus,1337390,いわう,祝う,,2
00555-1.opus,1159020,いわかん,違和感,,2
00556-1.opus,1217320,いわやま,岩山,,0
00557-1.opus,1217320,いわやま,岩山,,0
00558-1.opus,1587880,いんえい,陰影,,0
00559-1.opus,1168690,いんがかんけい,因果関係,,4
00560-1.opus,1168690,いんがかんけい,因果関係,,4
00561-1.opus,1168120,いんかん,印鑑,,
00563-1.opus,1168190,いんさつ,印刷,する,0
00564-1.opus,1168720,いんし,因子,,1
00565-1.opus,1169910,いんしゅうんてん,飲酒運転,,
00566-1.opus,1169910,いんしゅうんてん,飲酒運転,,
00568-1.opus,1168390,いんしょう,印象,,0
00569-1.opus,1169950,いんしょくてん,飲食店,,
00570-1.opus,1168760,いんすう,因数,,3
00571-1.opus,1168430,いんぜい,印税,,0
00572-1.opus,1169710,いんそつ,引率,する,0
00573-1.opus,1169610,いんたい,引退,する,0
00574-1.opus,1168670,いんねん,因縁,,0
00575-1.opus,1169660,いんよう,引用,する,0
00576-1.opus,1170000,いんりょうすい,飲料水,,3
00577-1.opus,1169720,いんりょく,引力,,1
00578-1.opus,1587960,ういういしい,初々しい,,5
00579-1.opus,1352130,うえ,上,,
00580-1.opus,1587970,うえき,植木,,0
00582-1.opus,1357250,うえる,植える,,0
00583-1.opus,1233150,うおいちば,魚市場,,3
00584-1.opus,1171050,うおうさおう,右往左往,する,
00585-1.opus,1810810,うおがし,魚河岸,,
00586-1.opus,1305700,うかがう,伺う,,0
00587-1.opus,1171720,うか,羽化,する,1
00588-1.opus,1497430,うかぶ,浮かぶ,,0
00589-1.opus,1497360,うかべる,浮かべる,,0
00590-1.opus,1329580,うかる,受かる,,2
00591-1.opus,1497370,うかれる,浮かれる,,0
00593-1.opus,1588010,うき,雨期,,1
00594-1.opus,1588020,うきぶくろ,浮き袋,,3
00595-1.opus,1588050,うきよ,浮き世,,
00596-1.opus,1497520,うきよえ,浮世絵,,
00597-1.opus,1497520,うきよえ,浮世絵,,
00598-1.opus,1497420,うく,浮く,,0
00599-1.opus,1171100,うけい,右傾,する,0
00600-1.opus,1329620,うけざら,受け皿,,
00601-1.opus,1349440,うけたまわる,承る,,
00602-1.opus,1588060,うけつけ,受付,,0
00603-1.opus,1588060,うけつけ,受付,,0
00604-1.opus,1329590,うける,受ける,,2
00605-1.opus,1451170,うごかす,動かす,,3
00606-1.opus,1451210,うごく,動く,,2
00607-1.opus,1231490,うし,牛,,0
00608-1.opus,1311010,うじ,氏,,1
00609-1.opus,1311050,うじがみ,氏神,,
00610-1.opus,1854820,うじすじょう,氏素性,,1
00611-1.opus,1319750,うしなう,失う,,0
00612-1.opus,1269410,うしろ,後ろ,,0
00613-1.opus,1269420,うしろすがた,後ろ姿,,4
00614-1.opus,5217956,うしわかまる,牛若丸,,
00615-1.opus,1475480,うすい,薄い,,
00616-1.opus,1172320,うずまき,渦巻き,,2
00617-1.opus,1609280,うすまる,薄まる,,
00618-1.opus,1475500,うすめる,薄める,,
00619-1.opus,1475510,うすらぐ,薄らぐ,,
00620-1.opus,1475520,うすれる,薄れる,,
00621-1.opus,1171150,うせつ,右折,する,0
00622-1.opus,1171150,うせつ,右折,する,0
00623-1.opus,1193180,うた,歌,,2
00624-1.opus,1171440,うだい,宇内,,1
00625-1.opus,1588120,うたう,歌う,,0
00626-1.opus,1225510,うたがう,疑う,,0
00627-1.opus,1225530,うたがわしい,疑わしい,,
00628-1.opus,1191740,うち,家,,0
00629-1.opus,1458770,うちがわ,内側,,0
00630-1.opus,1458770,うちがわ,内側,,0
00631-1.opus,1458020,うちき,内気,な,0
00632-1.opus,1588220,うちじに,討ち死に,,0
00633-1.opus,1171300,うちゅう,宇宙,,1
00634-1.opus,1171300,うちゅう,宇宙,,1
00635-1.opus,1171400,うちゅうひこうし,宇宙飛行士,,5
00636-1.opus,1541540,うちょうてん,有頂天,,
00637-1.opus,1408810,うつ,打つ,,1
00638-1.opus,1478010,うつ,討つ,,1
00639-1.opus,1486360,うつくしい,美しい,,4
00640-1.opus,1588320,うつす,写す,,2
00641-1.opus,1588330,うつす,映す,,2
00642-1.opus,1158160,うつす,移す,,2
00643-1.opus,1158190,うつりが,移り香,,
00644-1.opus,1321820,うつる,写る,,2
00645-1.opus,1173710,うつる,映る,,2
00646-1.opus,1158210,うつる,移る,,2
00647-1.opus,1218880,うつわ,器,,0
00648-1.opus,1562850,うで,腕,,2
00649-1.opus,1172090,うてき,雨滴,,
00650-1.opus,1562920,うできき,腕利き,,
00652-1.opus,1562870,うでどけい,腕時計,,3
00653-1.opus,1562890,うでまえ,腕前,,
00654-1.opus,1172100,うてん,雨天,,1
00655-1.opus,1171210,うは,右派,,1
00656-1.opus,1171210,うは,右派,,1
00657-1.opus,1661940,うぶごえ,産声,,
00658-1.opus,1471560,うま,馬,,2
00659-1.opus,1584340,うまる,埋まる,,0
00660-1.opus,1378690,うまれる,生まれる,,0
00661-1.opus,1201190,うみ,海,,1
00662-1.opus,1201750,うみべ,海辺,,
00663-1.opus,1541610,うむ,有無,,1
00664-1.opus,1588410,うむ,産む,,0
00665-1.opus,1473460,うめ,梅,,0
00666-1.opus,1473520,うめしゅ,梅酒,,0
00667-1.opus,1588430,うめたてち,埋め立て地,,4
00669-1.opus,1473500,うめぼし,梅干し,,0
00670-1.opus,1524500,うめる,埋める,,0
00671-1.opus,1171810,うもう,羽毛,,0
00672-1.opus,1171810,うもう,羽毛,,0
00673-1.opus,1524540,うもれる,埋もれる,,0
00674-1.opus,1250700,うやまう,敬う,,3
00675-1.opus,1570410,うよきょくせつ,紆余曲折,,1
00676-1.opus,1550190,うら,裏,,2
00677-1.opus,1550560,うらおもて,裏表,,
00678-1.opus,1550560,うらおもて,裏表,,
00679-1.opus,1550630,うらがえす,裏返す,,3
00680-1.opus,1550410,うらがわ,裏側,,0
00682-1.opus,1550380,うらぎる,裏切る,,3
00683-1.opus,1550270,うらぐち,裏口,,0
00684-1.opus,1550590,うらづける,裏付ける,,
00686-1.opus,1550490,うらどおり,裏通り,,3
00687-1.opus,1588460,うらないし,占い師,,
00688-1.opus,1389430,うらなう,占う,,3
00689-1.opus,1661980,うりあげだか,売上高,,4
00690-1.opus,1473870,うりきれ,売り切れ,,0
00691-1.opus,1588550,うりば,売り場,,0
00692-1.opus,1473950,うる,売る,,0
00693-1.opus,1219530,うれしなみだ,嬉し涙,,4
00694-1.opus,1337820,うれる,熟れる,,2
00695-1.opus,1497450,うわき,浮気,,0
00696-1.opus,1580340,うわぎ,上着,,0
00697-1.opus,1588600,うわつく,浮つく,,
00698-1.opus,1354000,うわぬり,上塗り,する,0
00699-1.opus,1352770,うわまわる,上回る,,
00700-1.opus,1357260,うわる,植わる,,0
00701-1.opus,1172690,うんえい,運営,する,0
00702-1.opus,1172710,うんが,運河,,1
00703-1.opus,1173130,うんかい,雲海,,0
00704-1.opus,1172740,うんこう,運航,する,0
00705-1.opus,1172820,うんちん,運賃,,1
00706-1.opus,1172820,うんちん,運賃,,1
00708-1.opus,1173240,うんでいのさ,雲泥の差,,
00709-1.opus,1172830,うんてん,運転,する,0
00710-1.opus,1172830,うんてん,運転,する,0
00711-1.opus,1651390,うんどうぐつ,運動靴,,3
00713-1.opus,1651390,うんどうぐつ,運動靴,,3
00714-1.opus,1172910,うんどう,運動,する,0
00716-1.opus,1173030,うんめい,運命,,1
00717-1.opus,1173030,うんめい,運命,,1
00719-1.opus,1202270,え,絵,,1
00720-1.opus,1174070,えいえん,永遠,,0
00721-1.opus,1174070,えいえん,永遠,,0
00722-1.opus,1173720,えいが,映画,,
00724-1.opus,1174380,えいかいわ,英会話,,3
00725-1.opus,1173730,えいがか,映画化,する,0
00726-1.opus,1173750,えいがかん,映画館,,3
00727-1.opus,1173750,えいがかん,映画館,,3
00728-1.opus,1174910,えいかく,鋭角,,
00730-1.opus,1576520,えいきゅう,永久,,0
00731-1.opus,1174080,えいきゅうし,永久歯,,3
00732-1.opus,1173660,えいきょう,影響,する,0
00733-1.opus,1173660,えいきょう,影響,する,0
00734-1.opus,1173430,えいぎょう,営業,する,0
00735-1.opus,1173430,えいぎょう,営業,する,0
00736-1.opus,1173490,えいぎょうぶ,営業部,,3
00738-1.opus,1174420,えいご,英語,,0
00740-1.opus,1173920,えいこう,栄光,,0
00741-1.opus,1174450,えいこく,英国,,0
00742-1.opus,1174470,えいこくじん,英国人,,
00744-1.opus,1173910,えいこせいすい,栄枯盛衰,,1
00745-1.opus,1174160,えいじゅう,永住,する,0
00746-1.opus,1174760,えいせい,衛星,,0
00748-1.opus,1174790,えいせい,衛生,,0
00749-1.opus,1173800,えいぞう,映像,,0
00750-1.opus,1174230,えいぞく,永続,する,0
00751-1.opus,1173960,えいてん,栄転,する,0
00752-1.opus,1174940,えいびん,鋭敏,な,0
00753-1.opus,1174320,えいみん,永眠,する,0
00754-1.opus,1174680,えいゆう,英雄,,0
00755-1.opus,1173970,えいよ,栄誉,,1
00756-1.opus,1173990,えいよう,栄養,,0
00757-1.opus,1173990,えいよう,栄養,,0
00758-1.opus,1861130,えいようげん,栄養源,,3
00759-1.opus,1173570,えいり,営利,,1
00760-1.opus,1174960,えいり,鋭利,な,1
00761-1.opus,1174730,えいわじてん,英和辞典,,4
00762-1.opus,1351400,えがお,笑顔,,1
00764-1.opus,1202350,えかき,絵描き,,
00765-1.opus,1583460,えがく,描く,,2
00766-1.opus,1454600,えがたい,得難い,,3
00767-1.opus,1174970,えき,液,,1
00768-1.opus,1175140,えき,駅,,1
00769-1.opus,1174980,えきか,液化,する,0
00770-1.opus,1157050,えきしゃ,易者,,0
00771-1.opus,1175010,えきじょう,液状,,0
00772-1.opus,1175010,えきじょう,液状,,0
00773-1.opus,1175030,えきたい,液体,,0
00774-1.opus,1175110,えきちゅう,益虫,,0
00775-1.opus,1175120,えきちょう,益鳥,,0
00776-1.opus,1175120,えきちょう,益鳥,,0
00777-1.opus,1175190,えきちょう,駅長,,
00778-1.opus,1175240,えきべん,駅弁,,0
00779-1.opus,1175170,えきまえ,駅前,,
00780-1.opus,1175170,えきまえ,駅前,,
00781-1.opus,1613850,えこう,回向,,1
00782-1.opus,1198600,えしゃく,会釈,する,1
00783-1.opus,1310530,えだ,枝,,0
00784-1.opus,1579520,えだは,枝葉,,0
00785-1.opus,1310570,えだまめ,枝豆,,0
00787-1.opus,1175340,えっとう,越冬,する,0
00788-1.opus,1624260,エッフェルとう,エッフェル塔,,
00789-1.opus,5279355,えどがわ,江戸川,,0
00790-1.opus,1588710,えはがき,絵はがき,,2
00791-1.opus,1588720,えび,海老,,0
00793-1.opus,1202380,えほん,絵本,,2
00794-1.opus,1577420,えま,絵馬,,1
00795-1.opus,1202320,えまきもの,絵巻物,,
00796-1.opus,1351370,えみ,笑み,,1
00797-1.opus,1155780,えらい,偉い,,2
00798-1.opus,1588730,えらぶ,選ぶ,,2
00799-1.opus,1588760,える,得る,,1
00799-2.opus,1454500,うる,得る,,1
00800-1.opus,1177870,えんえい,遠泳,,0
00801-1.opus,1576640,えんがい,塩害,,0
00802-1.opus,1176730,えんかく,沿革,,0
00803-1.opus,1576570,えんかつ,円滑,な,0
00805-1.opus,1176740,えんがん,沿岸,,0
00806-1.opus,1176430,えんき,延期,する,0
00808-1.opus,1176820,えんぎ,演技,する,1
00810-1.opus,1176260,えんげい,園芸,,0
00811-1.opus,1176860,えんげき,演劇,,0
00812-1.opus,1176860,えんげき,演劇,,0
00813-1.opus,1178710,えんさん,塩酸,,0
00815-1.opus,1176270,えんじ,園児,,1
00817-1.opus,1175860,えんしゅう,円周,,0
00818-1.opus,1175880,えんじゅく,円熟,する,0
00819-1.opus,1176950,えんしゅつ,演出,する,0
00820-1.opus,1176660,えんじょ,援助,する,1
00821-1.opus,1176780,えんじる,演じる,,
00822-1.opus,1178210,えんせい,遠征,する,0
00823-1.opus,1176960,えんぜつ,演説,,0
00824-1.opus,1176960,えんぜつ,演説,する,0
00825-1.opus,1176750,えんせん,沿線,,0
00826-1.opus,1176750,えんせん,沿線,,0
00827-1.opus,1178750,えんそ,塩素,,1
00828-1.opus,1176970,えんそうかい,演奏会,,3
00829-1.opus,1607520,えんそう,演奏,する,0
00830-1.opus,1607520,えんそう,演奏,する,0
00831-1.opus,1178260,えんそく,遠足,,0
00833-1.opus,1176490,えんたい,延滞,する,0
00834-1.opus,1175820,えんだか,円高,,0
00836-1.opus,1176010,えんちゅう,円柱,,0
00837-1.opus,1176510,えんちょう,延長,する,0
00838-1.opus,1176760,えんどう,沿道,,0
00839-1.opus,1176100,えんとうけい,円筒形,,0
00841-1.opus,1177320,えんとつ,煙突,,0
00842-1.opus,1178590,えんぴつ,鉛筆,,0
00843-1.opus,1178870,えんぶん,塩分,,1
00844-1.opus,1177330,えんまく,煙幕,,1
00845-1.opus,1177330,えんまく,煙幕,,1
00847-1.opus,1176200,えんまん,円満,な,0
00848-1.opus,1175620,えんやす,円安,,0
00849-1.opus,1178450,えんりょ,遠慮,する,
00850-1.opus,1486650,おいしい,美味しい,,
00851-1.opus,1378470,おいたち,生い立ち,,0
00852-1.opus,1560990,おいる,老いる,,2
00853-1.opus,1497930,おう,負う,,0
00854-1.opus,1432410,おう,追う,,0
00855-1.opus,1180480,おういん,押印,する,0
00856-1.opus,1179840,おうえん,応援,する,0
00857-1.opus,1179430,おうぎ,奥義,,1
00858-1.opus,1181460,おうきゅう,王宮,,0
00859-1.opus,1181480,おうこく,王国,,0
00860-1.opus,1181860,おうごん,黄金,,0
00861-1.opus,1181490,おうざ,王座,,1
00862-1.opus,1181700,おうさま,王様,,0
00863-1.opus,1181500,おうじ,王子,,1
00864-1.opus,1181540,おうじゃ,王者,,1
00865-1.opus,1181190,おうしゅう,欧州,,1
00866-1.opus,1180510,おうしゅう,押収,する,0
00867-1.opus,1181560,おうじょ,王女,,1
00868-1.opus,1181570,おうしょう,王将,,0
00869-1.opus,1179920,おうしょう,応召,する,0
00870-1.opus,1179720,おうじょう,往生,する,
00871-1.opus,1179830,おうじる,応じる,,
00872-1.opus,1179710,おうしん,往診,する,0
00873-1.opus,1180910,おうだんほどう,横断歩道,,5
00874-1.opus,1180910,おうだんほどう,横断歩道,,5
00875-1.opus,1180920,おうちゃく,横着,な,
00876-1.opus,2259480,おうとう,桜桃,,0
00877-1.opus,1180000,おうとう,応答,する,0
00878-1.opus,1180000,おうとう,応答,する,0
00879-1.opus,1180530,おうなつ,押捺,する,0
00880-1.opus,1179750,おうねん,往年,,0
00882-1.opus,1179760,おうふく,往復,する,0
00884-1.opus,1609390,おうべい,欧米,,0
00885-1.opus,1181060,おうぼう,横暴,な,0
00886-1.opus,1180040,おうぼしゃ,応募者,,3
00888-1.opus,1180030,おうぼ,応募,する,0
00889-1.opus,1180060,おうよう,応用,する,0
00890-1.opus,1179790,おうらい,往来,,0
00891-1.opus,1181130,おうりょう,横領,する,0
00892-1.opus,1332760,おえる,終える,,0
00893-1.opus,1413950,おおあざ,大字,,1
00894-1.opus,1413070,おおあめ,大雨,,3
00895-1.opus,1407460,おおい,多い,,
00896-1.opus,1413530,おおがた,大型,,0
00897-1.opus,1588880,おおきい,大きい,,3
00898-1.opus,1414430,おおくらしょう,大蔵省,,4
00899-1.opus,1414430,おおくらしょう,大蔵省,,4
00900-1.opus,1414300,おおごえ,大声,,3
00901-1.opus,2078800,おおさか,大阪,,0
00902-1.opus,5491595,おおさかじょう,大阪城,,
00903-1.opus,1413820,おおさかふ,大阪府,,4
00904-1.opus,1413850,おおざら,大皿,,0
00905-1.opus,1414220,おおぜい,大勢,,
00906-1.opus,1414450,おおぞん,大損,,
00907-1.opus,1414570,おおどおり,大通り,,3
00908-1.opus,1414870,おおはば,大幅,に,0
00909-1.opus,1414780,おおむぎ,大麦,,
00910-1.opus,1953410,おおめ,多め,に,
00911-1.opus,1413140,おおや,大家,,1
00912-1.opus,1273170,おおやけ,公,,0
00913-1.opus,1414350,おおゆき,大雪,,0
00914-1.opus,1002650,おかあさん,お母さん,,2
00915-1.opus,1862130,おかお,御顔,,
00916-1.opus,1270220,おかげさまで,お陰様で,,
00917-1.opus,1519820,おかす,冒す,,
00918-1.opus,1481550,おかす,犯す,,
00919-1.opus,1001820,おかね,お金,,0
00920-1.opus,1472230,おがむ,拝む,,2
00922-1.opus,1348460,おがわ,小川,,0
00923-1.opus,1151510,おかん,悪寒,,0
00924-1.opus,1514460,おぎなう,補う,,3
00925-1.opus,1001770,おきゃくさま,お客様,,
00926-1.opus,2518450,おきょう,お経,,0
00927-1.opus,1223640,おきる,起きる,,2
00928-1.opus,1179320,おく,奥,,1
00929-1.opus,1421850,おく,置く,,0
00930-1.opus,1182680,おくがい,屋外,,2
00931-1.opus,1179630,おくさま,奥様,,1
00932-1.opus,1179330,おくさん,奥さん,,1
00933-1.opus,1182710,おくじょう,屋上,,0
00934-1.opus,1589020,おくそく,憶測,,0
00935-1.opus,1182730,おくない,屋内,,2
00936-1.opus,1179360,おくのま,奥の間,,
00937-1.opus,1179520,おくば,奥歯,,1
00938-1.opus,1182670,おくまんちょうじゃ,億万長者,,5
00939-1.opus,1422000,おくらす,遅らす,,0
00940-1.opus,1402640,おくりがな,送り仮名,,
00941-1.opus,1709670,おくりむかえ,送り迎え,,
00942-1.opus,1589030,おくりもの,贈り物,,0
00943-1.opus,1589030,おくりもの,贈り物,,0
00944-1.opus,1403550,おくる,贈る,,0
00945-1.opus,1402730,おくる,送る,,0
00946-1.opus,1589040,おくれる,遅れる,,0
00947-1.opus,1238190,おこす,興す,,2
00948-1.opus,1223660,おこす,起こす,,2
00949-1.opus,1262520,おごそか,厳か,な,2
00950-1.opus,1589060,おこなう,行う,,0
00951-1.opus,1445690,おこる,怒る,,2
00952-1.opus,1238210,おこる,興る,,2
00953-1.opus,2836285,おさえる,抑える,,
00954-1.opus,1589080,おさえる,押さえる,,
00955-1.opus,1545110,おさない,幼い,,3
00956-1.opus,1545150,おさなご,幼子,,3
00957-1.opus,1545230,おさなごころ,幼心,,4
00958-1.opus,1545120,おさななじみ,幼なじみ,,4
00959-1.opus,1331890,おさまる,修まる,,3
00960-1.opus,1330490,おさまる,収まる,,3
00961-1.opus,1316820,おさまる,治まる,,3
00962-1.opus,1330490,おさまる,納まる,,3
00963-1.opus,1331900,おさめる,修める,,3
00964-1.opus,1589090,おさめる,収める,,3
00965-1.opus,1316830,おさめる,治める,,3
00966-1.opus,1589090,おさめる,納める,,3
00967-1.opus,1589110,おしいれ,押し入れ,,0
00968-1.opus,1589120,おしうり,押し売り,,0
00969-1.opus,1236900,おしえる,教える,,0
00970-1.opus,1002030,おじぎ,お辞儀,,0
00971-1.opus,1589170,おしはかる,推し量る,,4
00972-1.opus,1180420,おしもんどう,押し問答,,
00973-1.opus,1562120,おしょう,和尚,,1
00974-1.opus,1179010,おしょく,汚職,,0
00975-1.opus,1180470,おす,押す,,0
00976-1.opus,1371070,おす,推す,,0
00977-1.opus,1179030,おすい,汚水,,0
00978-1.opus,1612670,おせいぼ,お歳暮,,0
00979-1.opus,1002250,おせじ,お世辞,,0
00980-1.opus,1270460,おせちりょうり,お節料理,,4
00981-1.opus,1179040,おせん,汚染,する,0
00982-1.opus,1179040,おせん,汚染,する,0
00983-1.opus,1421970,おそい,遅い,,0
00984-1.opus,1001930,おぞうに,お雑煮,,0
00985-1.opus,1422060,おそざき,遅咲き,,0
00986-1.opus,1236650,おそらく,恐らく,,2
00987-1.opus,1609410,おそるおそる,恐る恐る,,4
00988-1.opus,1589200,おそれる,恐れる,,3
00989-1.opus,1236690,おそろしい,恐ろしい,,4
00990-1.opus,1236940,おそわる,教わる,,0
00991-1.opus,1002390,おだいじに,お大事に,,0
00992-1.opus,1002390,おだいじに,お大事に,,0
00993-1.opus,1979930,おたがい,お互い,,0
00994-1.opus,1002400,おたく,お宅,,0
00995-1.opus,1589220,おちつく,落ち着く,,0
00996-1.opus,1585070,おちば,落ち葉,,1
00997-1.opus,1002430,おちゃ,お茶,,0
00998-1.opus,1548550,おちる,落ちる,,2
00999-1.opus,1496480,おっと,夫,,0
01001-1.opus,1002100,おてあらい,お手洗い,,3
01002-1.opus,1179110,おてん,汚点,,0
01003-1.opus,1576900,おと,音,,2
01004-1.opus,1002590,おとうさん,お父さん,,2
01005-1.opus,1581930,おとうと,弟,,4
01006-1.opus,2140050,おとくいさん,お得意さん,,0
01007-1.opus,1419990,おとこ,男,,3
01008-1.opus,1621130,おとこまさり,男勝り,,4
01009-1.opus,1548640,おとしあな,落とし穴,,3
01010-1.opus,2859199,おとしより,お年寄り,,0
01011-1.opus,1589260,おとす,落とす,,2
01012-1.opus,1518080,おとずれる,訪れる,,4
01013-1.opus,1576050,おととい,一昨日,,3
01014-1.opus,1576050,おととい,一昨日,,3
01015-1.opus,1001810,おとも,お供,する,2
01016-1.opus,1546900,おどりこ,踊り子,,0
01017-1.opus,1538440,おどる,踊る,,0
01018-1.opus,1238650,おどろかす,驚かす,,4
01019-1.opus,1238680,おどろく,驚く,,3
01020-1.opus,1451750,おなじ,同じ,,0
01021-1.opus,1001830,おにいさん,お兄さん,,2
01022-1.opus,1001990,おねえさん,お姉さん,,2
01023-1.opus,2036870,おねがい,お願い,,0
01024-1.opus,2826190,おのおの,各々,,2
01025-1.opus,1317330,おのずから,自ずから,,0
01026-1.opus,1266890,おのれ,己,,0
01027-1.opus,1001670,おばけ,お化け,,2
01029-1.opus,1410410,おび,帯,,1
01030-1.opus,1270570,おひさま,御日様,,0
01031-1.opus,1621080,おびじょう,帯状,,0
01032-1.opus,1648010,おひとよし,お人好し,,
01033-1.opus,1410430,おびる,帯びる,,
01034-1.opus,1002370,おふくろ,お袋,,0
01035-1.opus,1179120,おぶつ,汚物,,
01036-1.opus,1612830,おぼうさん,お坊さん,,0
01037-1.opus,1206050,おぼえる,覚える,,
01038-1.opus,1002060,おまもり,お守り,,0
01039-1.opus,1002230,おみき,お神酒,,0
01040-1.opus,1179130,おめい,汚名,,0
01041-1.opus,1002140,おめしもの,お召し物,,3
01042-1.opus,1335750,おもい,重い,,
01043-1.opus,1309260,おもいだす,思い出す,,
01044-1.opus,1589340,おもいで,思い出,,0
01045-1.opus,1825670,おもいのほか,思いの外,,
01046-1.opus,1589350,おもう,思う,,2
01047-1.opus,1533410,おもかげ,面影,,
01048-1.opus,1335760,おもさ,重さ,,0
01049-1.opus,1533580,おもしろい,面白い,,4
01050-1.opus,1489340,おもて,表,,3
01051-1.opus,1584680,おもて,面,,3
01052-1.opus,1324990,おもに,主に,,1
01053-1.opus,1579940,おもに,重荷,,0
01054-1.opus,1328960,おもむき,趣,,
01055-1.opus,1365040,おや,親,,2
01056-1.opus,1643780,おやがいしゃ,親会社,,3
01057-1.opus,1621140,おやがかり,親掛かり,,3
01058-1.opus,1365160,おやこうこう,親孝行,な,3
01059-1.opus,1720700,おやごころ,親心,,3
01061-1.opus,1365320,おやふこう,親不孝,な,
01062-1.opus,1365190,おやゆび,親指,,0
01063-1.opus,1174340,およぐ,泳ぐ,,2
01064-1.opus,1385780,おり,折,,2
01065-1.opus,1589450,おりがみ,折り紙,,
01067-1.opus,1357470,おりめ,織り目,,
01068-1.opus,1357450,おりもの,織物,,
01069-1.opus,1589500,おりる,下りる,,2
01070-1.opus,1589500,おりる,降りる,,2
01071-1.opus,1577985,おる,居る,,1
01072-1.opus,1385910,おる,折る,,1
01073-1.opus,1357420,おる,織る,,1
01074-1.opus,1270810,おれい,お礼,,0
01075-1.opus,1385920,おれる,折れる,,2
01076-1.opus,1589580,おろす,下ろす,,2
01077-1.opus,1589580,おろす,降ろす,,2
01079-1.opus,1589600,おわる,終わる,,0
01080-1.opus,1183090,おん,恩,,1
01081-1.opus,1183710,おんかい,音階,,0
01082-1.opus,1183280,おんがえし,恩返し,,3
01083-1.opus,1183720,おんがく,音楽,,
01085-1.opus,1589610,おんぎ,恩義,,1
01086-1.opus,1183780,おんきょう,音響,,0
01087-1.opus,1183140,おんけい,恩恵,,0
01088-1.opus,1183600,おんけん,穏健,な,0
01089-1.opus,1183380,おんこう,温厚,な,0
01090-1.opus,1183160,おんし,恩師,,1
01092-1.opus,1183390,おんしつ,温室,,0
01094-1.opus,1183410,おんしょう,温床,,0
01095-1.opus,1183250,おんしらず,恩知らず,,3
01096-1.opus,1183230,おんじん,恩人,,
01097-1.opus,1183880,おんせい,音声,,1
01098-1.opus,1183450,おんせん,温泉,,0
01101-1.opus,1183480,おんだん,温暖,な,0
01102-1.opus,1183970,おんてい,音程,,0
01103-1.opus,1183510,おんど,温度,,1
01104-1.opus,1183510,おんど,温度,,1
01105-1.opus,1183980,おんど,音頭,,1
01106-1.opus,1183520,おんどけい,温度計,,0
01108-1.opus,1344930,おんな,女,,3
01109-1.opus,1344970,おんなのこ,女の子,,3
01110-1.opus,1184010,おんぱ,音波,,1
01111-1.opus,1184040,おんぷ,音符,,0
01112-1.opus,1643680,おんみ,御身,,1
01113-1.opus,1184000,おんよみ,音読み,,0
01114-1.opus,1589620,おんわ,温和,な,0
01116-1.opus,2651980,か,香,,
01117-1.opus,1203100,かい,貝,,1
01118-1.opus,1204330,がい,害,,1
01119-1.opus,1201210,かいいき,海域,,0
01121-1.opus,1589650,かいいぬ,飼い犬,,
01122-1.opus,1203030,かいか,階下,,1
01123-1.opus,1202300,かいが,絵画,,1
01125-1.opus,1203410,がいか,外貨,,1
01126-1.opus,1201260,かいがい,海外,,1
01127-1.opus,1772620,かいがいりょこう,海外旅行,,
01128-1.opus,1200780,かいかく,改革,する,0
01129-1.opus,1200780,かいかく,改革,する,0
01130-1.opus,1202550,かいか,開花,する,
01131-1.opus,1200000,かいかつ,快活,な,0
01132-1.opus,1203130,かいがら,貝殻,,
01133-1.opus,1200010,かいかん,快感,,0
01135-1.opus,1201280,かいがん,海岸,,0
01136-1.opus,1203460,がいかん,外観,,0
01137-1.opus,1202580,かいかん,開館,する,0
01138-1.opus,1202590,かいがん,開眼,する,0
01138-2.opus,1202590,かいげん,開眼,する,0
01139-1.opus,1198360,かいぎ,会議,,
01140-1.opus,1198360,かいぎ,会議,,
01141-1.opus,1202190,かいきしょく,皆既食,,3
01142-1.opus,1200240,かいき,怪奇,な,1
01144-1.opus,1203040,かいきゅう,階級,,0
01145-1.opus,1200020,かいきょ,快挙,,1
01146-1.opus,1200020,かいきょ,快挙,,1
01147-1.opus,1204440,がいきょう,概況,,0
01148-1.opus,1200820,かいぎょう,改行,する,0
01149-1.opus,1198420,かいぎろく,会議録,,3
01150-1.opus,1202210,かいきん,皆勤,,0
01151-1.opus,1727380,かいきんしょう,皆勤賞,,
01152-1.opus,1198950,かいきん,解禁,する,0
01153-1.opus,1201330,かいぐん,海軍,,1
01154-1.opus,1198480,かいけいし,会計士,,3
01155-1.opus,1198480,かいけいし,会計士,,3
01156-1.opus,1198960,かいけつ,解決,する,0
01159-1.opus,1200660,かいげんれい,戒厳令,,3
01160-1.opus,1304000,かいこ,蚕,,1
01161-1.opus,1617450,かいこう,開講,する,0
01162-1.opus,1203620,がいこく,外国,,0
01163-1.opus,1203640,がいこくご,外国語,,0
01164-1.opus,1198980,かいこ,解雇,する,1
01165-1.opus,1204750,がいこつ,骸骨,,1
01167-1.opus,1200850,かいさつぐち,改札口,,4
01168-1.opus,1199000,かいさん,解散,する,0
01170-1.opus,1204450,がいさん,概算,する,0
01172-1.opus,1203730,がいし,外資,,1
01173-1.opus,1200270,かいじけん,怪事件,,3
01174-1.opus,1202760,かいし,開始,する,0
01175-1.opus,1202760,かいし,開始,する,0
01176-1.opus,1198550,かいしゃ,会社,,0
01177-1.opus,1198550,かいしゃ,会社,,0
01178-1.opus,1198560,かいしゃいん,会社員,,3
01179-1.opus,1198560,かいしゃいん,会社員,,3
01180-1.opus,1863710,かいしゃづとめ,会社勤め,,4
01181-1.opus,1200280,かいじゅう,怪獣,,0
01182-1.opus,1200880,かいしゅう,改修,する,0
01183-1.opus,1200870,かいしゅう,改宗,する,0
01184-1.opus,1203800,がいしゅつ,外出,する,0
01186-1.opus,1198660,かいじょう,会場,,0
01187-1.opus,1199040,かいしょう,解消,する,0
01188-1.opus,1203830,がいしょく,外食,する,0
01189-1.opus,1199030,かいじょ,解除,する,1
01190-1.opus,1201490,かいすい,海水,,0
01191-1.opus,1201520,かいすいよく,海水浴,,3
01192-1.opus,1201520,かいすいよく,海水浴,,3
01194-1.opus,1199520,かいすうけん,回数券,,3
01195-1.opus,1200060,かいせい,快晴,,0
01196-1.opus,1200920,かいせい,改姓,する,0
01197-1.opus,1200930,かいせい,改正,する,0
01198-1.opus,1199080,かいせつ,解説,する,0
01199-1.opus,1202800,かいせつ,開設,する,0
01201-1.opus,1200960,かいぜん,改善,する,0
01202-1.opus,1200960,かいぜん,改善,する,0
01203-1.opus,1201580,かいそう,海草,,0
01204-1.opus,1203080,かいそう,階層,,0
01206-1.opus,1200990,かいそう,改装,する,0
01207-1.opus,1201000,かいぞう,改造,する,0
01208-1.opus,1198750,かいそく,会則,,0
01209-1.opus,1200080,かいそく,快速,,0
01210-1.opus,1200090,かいそくでんしゃ,快速電車,,5
01211-1.opus,1200310,かいだん,怪談,,0
01212-1.opus,1200310,かいだん,怪談,,0
01213-1.opus,1203090,かいだん,階段,,0
01214-1.opus,1203090,かいだん,階段,,0
01215-1.opus,1201020,かいちく,改築,する,0
01217-1.opus,1204350,がいちゅう,害虫,,0
01218-1.opus,1198770,かいちょう,会長,,0
01219-1.opus,1589700,かいて,買い手,,0
01220-1.opus,1201650,かいてい,海底,,0
01221-1.opus,1201070,かいていばん,改訂版,,0
01222-1.opus,1200120,かいてき,快適,な,0
01223-1.opus,1199640,かいてん,回転,する,0
01225-1.opus,1204650,かいどう,街道,,0
01227-1.opus,1204620,がいとう,街灯,,0
01228-1.opus,1199680,かいとう,回答,する,0
01229-1.opus,1199150,かいとう,解凍,する,0
01230-1.opus,1199160,かいとう,解答,する,0
01231-1.opus,1198110,かいにゅう,介入,する,0
01232-1.opus,1204480,がいねん,概念,,1
01234-1.opus,1202070,かいはくしょく,灰白色,,
01235-1.opus,1204030,がいはく,外泊,する,0
01236-1.opus,1203140,かいばしら,貝柱,,3
01237-1.opus,1201700,かいばつ,海抜,,0
01238-1.opus,1202880,かいはつ,開発,する,0
01239-1.opus,1198860,かいひ,会費,,0
01240-1.opus,1199700,かいひ,回避,する,
01241-1.opus,1202910,かいひょう,開票,する,0
01242-1.opus,1204070,がいぶ,外部,,1
01243-1.opus,1202920,かいふう,開封,する,0
01244-1.opus,1199720,かいふく,回復,する,0
01245-1.opus,1200330,かいぶつ,怪物,,0
01246-1.opus,1202940,かいへい,開閉,する,
01249-1.opus,1198130,かいほう,介抱,する,1
01250-1.opus,1199250,かいほう,解放,する,0
01251-1.opus,1202950,かいほう,開放,する,0
01253-1.opus,1202960,かいまく,開幕,する,0
01254-1.opus,1202240,かいむ,皆無,,1
01255-1.opus,1204140,がいむしょう,外務省,,3
01256-1.opus,1199930,かいめつ,壊滅,する,0
01257-1.opus,1202250,かいもく,皆目,,0
01258-1.opus,1473730,かいもどす,買い戻す,,4
01259-1.opus,1589730,かいもの,買い物,,0
01261-1.opus,1199300,かいやく,解約,する,0
01262-1.opus,1204500,がいよう,概要,,0
01263-1.opus,1199980,かいらく,快楽,,
01264-1.opus,1199800,かいらん,回覧,する,0
01265-1.opus,1589740,かいり,海里,,1
01266-1.opus,1204510,がいりゃく,概略,,0
01267-1.opus,1201140,かいりょう,改良,する,0
01268-1.opus,1201140,かいりょう,改良,する,0
01269-1.opus,1199830,かいろ,回路,,1
01270-1.opus,1204680,がいろじゅ,街路樹,,3
01271-1.opus,1204680,がいろじゅ,街路樹,,3
01272-1.opus,1204520,がいろん,概論,,0
01273-1.opus,1198880,かいわ,会話,,0
01275-1.opus,1473740,かう,買う,,0
01276-1.opus,1312970,かう,飼う,,1
01277-1.opus,1512130,かえす,返す,,1
01278-1.opus,1410840,かえだま,替え玉,,0
01279-1.opus,2836356,かえりみる,省みる,,4
01280-1.opus,1589780,かえる,代える,,0
01281-1.opus,1510650,かえる,変える,,0
01282-1.opus,1221270,かえる,帰る,,1
01285-1.opus,1217730,かお,顔,,0
01287-1.opus,1217820,かおいろ,顔色,,0
01288-1.opus,1589820,かおり,香り,,0
01289-1.opus,1190030,かがいしゃ,加害者,,2
01290-1.opus,1190030,かがいしゃ,加害者,,2
01291-1.opus,1516310,かかえる,抱える,,0
01292-1.opus,1189500,かかく,価格,,
01293-1.opus,1189500,かかく,価格,,
01294-1.opus,1186760,かがく,化学,,1
01295-1.opus,1192700,かがく,科学,,1
01296-1.opus,1192750,かがくしゃ,科学者,,
01297-1.opus,2666380,かかせない,欠かせない,,
01298-1.opus,1238550,かがみ,鏡,,
01299-1.opus,1589840,かかり,係,,1
01300-1.opus,1207570,かかり,掛かり,,1
01301-1.opus,1249300,かかる,係る,,2
01302-1.opus,1207590,かかる,掛かる,,2
01304-1.opus,1589880,かかわる,関わる,,
01305-1.opus,1192920,かかん,果敢,な,0
01306-1.opus,1184690,かき,下記,,1
01307-1.opus,1589900,かき,夏季,,1
01308-1.opus,1864450,かきあらわす,書き著す,,
01310-1.opus,1399920,かきごおり,かき氷,,3
01311-1.opus,1343730,かきこむ,書き込む,,
01312-1.opus,1589950,かきぞめ,書き初め,,0
01313-1.opus,1343780,かきとる,書き取る,,
01314-1.opus,1343830,かきなおす,書き直す,,
01315-1.opus,1264640,かぎる,限る,,2
01316-1.opus,1343950,かく,書く,,1
01317-1.opus,1205270,かく,格,,
01318-1.opus,1253900,かく,欠く,,0
01319-1.opus,1191870,かぐ,家具,,1
01321-1.opus,1207500,がく,額,,
01322-1.opus,1204920,かくかい,各階,,
01323-1.opus,1206300,かくぎ,閣議,,1
01324-1.opus,1206080,かくご,覚悟,する,
01325-1.opus,1206080,かくご,覚悟,する,
01326-1.opus,1864620,かくさ,較差,,1
01327-1.opus,1205180,かくさん,拡散,する,0
01328-1.opus,1205830,かくじつ,確実,な,0
01330-1.opus,1206800,がくしゃ,学者,,0
01331-1.opus,1206800,がくしゃ,学者,,0
01332-1.opus,1206810,がくしゃはだ,学者肌,,
01333-1.opus,1205040,かくしゅ,各種,,1
01335-1.opus,1205190,かくじゅう,拡充,する,0
01337-1.opus,1206820,がくしゅう,学習,する,0
01338-1.opus,1205870,かくしん,確信,する,0
01340-1.opus,1206490,かくしんてき,革新的,な,0
01341-1.opus,1206490,かくしんてき,革新的,な,0
01342-1.opus,1197320,かくすう,画数,,3
01343-1.opus,1206900,がくせい,学生,,0
01344-1.opus,1206900,がくせい,学生,,0
01345-1.opus,1590010,かくせいき,拡声器,,3
01346-1.opus,1207420,がくたい,楽隊,,0
01348-1.opus,1205200,かくだい,拡大,する,0
01349-1.opus,1205100,かくち,各地,,1
01350-1.opus,1205100,かくち,各地,,1
01352-1.opus,1205220,かくちょう,拡張,する,0
01353-1.opus,1205880,かくてい,確定,する,0
01354-1.opus,1205880,かくてい,確定,する,0
01355-1.opus,1206190,かくど,角度,,1
01356-1.opus,1685540,かくとうぎ,格闘技,,3
01357-1.opus,1205750,かくとく,獲得,する,0
01358-1.opus,1205900,かくにん,確認,する,0
01359-1.opus,1205900,かくにん,確認,する,0
01360-1.opus,1205470,かくのうこ,格納庫,,3
01361-1.opus,1207060,がくひ,学費,,0
01362-1.opus,1207080,がくぶ,学部,,
01363-1.opus,1207530,がくぶち,額縁,,0
01364-1.opus,1205700,かくへいき,核兵器,,3
01365-1.opus,1205920,かくほ,確保,する,1
01366-1.opus,1206500,かくめい,革命,,0
01367-1.opus,1206500,かくめい,革命,,0
01368-1.opus,1207540,がくめん,額面,,0
01369-1.opus,1205280,かくやす,格安,な,0
01370-1.opus,1206440,かくり,隔離,する,
01372-1.opus,1205950,かくりつ,確率,,0
01373-1.opus,1206030,かくりつ,確立,する,0
01374-1.opus,1206310,かくりょう,閣僚,,
01376-1.opus,1207200,がくれき,学歴,,0
01377-1.opus,1590145,かげ,影,,1
01378-1.opus,1191900,かけい,家系,,0
01379-1.opus,1193260,かげき,歌劇,,1
01380-1.opus,1196060,かげき,過激,な,0
01381-1.opus,1590080,かけざん,掛け算,,2
01382-1.opus,1190810,かけつ,可決,する,0
01384-1.opus,1590170,かげむしゃ,影武者,,
01385-1.opus,1207610,かける,掛ける,,2
01386-1.opus,1253920,かける,欠ける,,0
01387-1.opus,1190080,かげん,加減,,
01388-1.opus,1190080,かげん,加減,,
01390-1.opus,1196030,かこ,過去,,1
01391-1.opus,1155960,かこう,囲う,,0
01392-1.opus,1577300,かこう,河口,,0
01393-1.opus,1190120,かこう,加工,する,0
01394-1.opus,1190120,かこう,加工,する,0
01395-1.opus,1155980,かこむ,囲む,,0
01396-1.opus,1193880,かさい,火災,,0
01397-1.opus,2666080,かざいどうぐ,家財道具,,4
01398-1.opus,1499760,かざしも,風下,,0
01399-1.opus,1335800,かさなる,重なる,,0
01400-1.opus,1335830,かさねる,重ねる,,0
01401-1.opus,1499850,かざむき,風向き,,0
01402-1.opus,1193910,かざん,火山,,1
01403-1.opus,1193940,かざんがん,火山岩,,2
01404-1.opus,1193920,かざんばい,火山灰,,2
01405-1.opus,1193280,かし,歌詞,,1
01406-1.opus,1193280,かし,歌詞,,1
01407-1.opus,2836622,かし,河岸,,
01408-1.opus,1195670,かし,菓子,,1
01410-1.opus,2039850,かし,華氏,,1
01412-1.opus,1193950,かじ,火事,,1
01413-1.opus,1590230,かしきり,貸し切り,,0
01414-1.opus,1578220,かしぐ,傾ぐ,,2
01415-1.opus,1578230,かしげる,傾げる,,3
01416-1.opus,1260260,かしこい,賢い,,3
01417-1.opus,1411130,かしだす,貸し出す,,
01418-1.opus,1196120,かしつ,過失,,0
01419-1.opus,1192940,かじつ,果実,,1
01420-1.opus,1190280,かしつき,加湿器,,3
01422-1.opus,1195680,かしや,菓子屋,,2
01423-1.opus,1411170,かしや,貸家,,0
01424-1.opus,1193290,かしゅ,歌手,,1
01426-1.opus,1192980,かじゅえん,果樹園,,2
01427-1.opus,1197820,がしょう,賀正,,
01428-1.opus,1196170,かじょう,過剰,な,0
01429-1.opus,1192080,かしん,家臣,,1
01430-1.opus,1411160,かす,貸す,,0
01431-1.opus,1580820,かず,数,,1
01432-1.opus,1499720,かぜ,風,,0
01433-1.opus,1583720,かぜ,風邪,,0
01435-1.opus,1194060,かせい,火星,,0
01436-1.opus,1195790,かぜい,課税,する,0
01437-1.opus,1590320,かせつ,仮説,,0
01438-1.opus,1590320,かせつ,仮説,,0
01439-1.opus,1193520,かせん,河川,,1
01440-1.opus,1193520,かせん,河川,,1
01441-1.opus,1185680,かそう,下層,,0
01442-1.opus,1187790,かそう,仮装,,0
01443-1.opus,1197390,がぞう,画像,,0
01444-1.opus,1718180,かそうぎょうれつ,仮装行列,,4
01445-1.opus,1372900,かぞえる,数える,,
01446-1.opus,1192150,かぞく,家族,,1
01448-1.opus,1190370,かそく,加速,する,0
01449-1.opus,1250090,かた,型,,2
01450-1.opus,1258950,かた,肩,,1
01452-1.opus,1257110,かたい,堅い,,
01453-1.opus,1257110,かたい,硬い,,
01455-1.opus,1195820,かだい,課題,,0
01456-1.opus,1590350,かたおもい,片思い,,3
01457-1.opus,1590360,かたがき,肩書き,,0
01458-1.opus,1511600,かたかな,片仮名,,
01459-1.opus,1511720,かたがわ,片側,,0
01460-1.opus,1577915,かたき,敵,,3
01461-1.opus,1227445,かたきうち,敵討ち,,3
01462-1.opus,1227445,かたきうち,敵討ち,,3
01463-1.opus,1192220,かたくそうさ,家宅捜査,,
01464-1.opus,1257130,かたくるしい,堅苦しい,,
01465-1.opus,1511640,かたこと,片言,,
01466-1.opus,1511610,かたすみ,片隅,,
01467-1.opus,1250220,かたち,形,,0
01468-1.opus,1250270,かたちづくる,形作る,,5
01469-1.opus,1511790,かたづける,片付ける,,4
01470-1.opus,1511690,かたて,片手,,
01471-1.opus,1446420,かたな,刀,,
01472-1.opus,1257210,かたぶつ,堅物,,0
01473-1.opus,1266550,かたまる,固まる,,0
01474-1.opus,1250260,かたみ,形見,,0
01475-1.opus,1511760,かたみち,片道,,0
01476-1.opus,1249410,かたむき,傾き,,
01477-1.opus,1578210,かたむく,傾く,,3
01478-1.opus,1249420,かたむける,傾ける,,4
01479-1.opus,1511830,かため,片目,,0
01480-1.opus,1266570,かためる,固める,,0
01481-1.opus,1511820,かためん,片面,,0
01482-1.opus,1590420,かたよる,偏る,,3
01483-1.opus,1590420,かたよる,片寄る,,3
01484-1.opus,1270990,かたる,語る,,0
01485-1.opus,1590460,かだん,花壇,,1
01486-1.opus,1590450,かたん,加担,する,0
01487-1.opus,1590450,かたん,荷担,する,0
01488-1.opus,1189600,かち,価値,,1
01489-1.opus,1189600,かち,価値,,1
01490-1.opus,1192240,かちく,家畜,,0
01491-1.opus,1195840,かちょう,課長,,0
01492-1.opus,1346150,かつ,勝つ,,1
01493-1.opus,1208050,かつあい,割愛,する,0
01494-1.opus,1206280,かっか,閣下,,1
01495-1.opus,1206590,がっか,学科,,0
01496-1.opus,1206620,がっかい,学界,,0
01497-1.opus,1208260,かっかざん,活火山,,3
01498-1.opus,1208270,かっき,活気,,0
01499-1.opus,1206650,がっき,学期,,0
01500-1.opus,1207340,がっき,楽器,,0
01502-1.opus,1590470,かっきてき,画期的,,0
01503-1.opus,1590470,かっきてき,画期的,な,0
01505-1.opus,1418140,かつぐ,担ぐ,,2
01506-1.opus,1206710,がっく,学区,,
01507-1.opus,1590480,かっこう,格好,,0
01509-1.opus,1206730,がっこう,学校,,0
01510-1.opus,1204980,かっこく,各国,,
01511-1.opus,1208300,かつじ,活字,,0
01512-1.opus,1591010,がっしゅうこく,合衆国,,3
01513-1.opus,1284850,がっしゅく,合宿,,0
01514-1.opus,1284870,がっしょう,合唱,,0
01515-1.opus,1284870,がっしょう,合唱,する,0
01516-1.opus,1285060,かっせん,合戦,,0
01517-1.opus,1285070,がっそう,合奏,する,0
01518-1.opus,1208740,かっそうろ,滑走路,,3
01519-1.opus,1208740,かっそうろ,滑走路,,3
01520-1.opus,1346190,かって,勝手,な,0
01521-1.opus,1208360,かつどう,活動,,0
01522-1.opus,1208360,かつどう,活動,する,0
01523-1.opus,1208410,かっぱつ,活発,な,0
01524-1.opus,1208430,かっぱん,活版,,0
01525-1.opus,1208450,かつやく,活躍,する,0
01526-1.opus,1192280,かてい,家庭,,0
01527-1.opus,1196270,かてい,過程,,0
01529-1.opus,1187870,かてい,仮定,する,0
01530-1.opus,1192350,かていよう,家庭用,,
01531-1.opus,1206110,かど,角,,1
01532-1.opus,2868800,かど,門,,1
01533-1.opus,1193030,かとう,果糖,,
01534-1.opus,1590510,かどう,華道,,1
01535-1.opus,1590520,かどう,稼働,する,0
01536-1.opus,1196290,かとき,過渡期,,2
01537-1.opus,1196290,かとき,過渡期,,2
01538-1.opus,1636020,かどで,門出,,
01539-1.opus,1536210,かどまつ,門松,,
01540-1.opus,1590540,かな,仮名,,0
01541-1.opus,1192420,かない,家内,,1
01542-1.opus,1192420,かない,家内,,1
01543-1.opus,1483190,かなしい,悲しい,,
01544-1.opus,1483200,かなしむ,悲しむ,,3
01545-1.opus,1399470,かなでる,奏でる,,3
01546-1.opus,1546790,かなめいし,要石,,3
01547-1.opus,1243160,かなもの,金物,,0
01548-1.opus,1487400,かならず,必ず,,0
01549-1.opus,1487410,かならずしも,必ずしも,,
01550-1.opus,1190470,かねつ,加熱,する,0
01551-1.opus,1242970,かねもち,金持ち,,
01552-1.opus,1191040,かねんせい,可燃性,,0
01553-1.opus,1191050,かねんぶつ,可燃物,,2
01554-1.opus,1191080,かのうせい,可能性,,0
01555-1.opus,1191080,かのうせい,可能性,,0
01557-1.opus,1191060,かのう,可能,な,0
01559-1.opus,1483150,かのじょ,彼女,,
01560-1.opus,1195610,かび,華美,な,1
01561-1.opus,1194870,かびん,花瓶,,0
01563-1.opus,1208920,かぶ,株,,0
01564-1.opus,1208950,かぶか,株価,,
01566-1.opus,1193420,かぶき,歌舞伎,,0
01568-1.opus,1208960,かぶけん,株券,,
01569-1.opus,1208970,かぶしき,株式,,2
01570-1.opus,1208980,かぶしきがいしゃ,株式会社,,5
01572-1.opus,1209010,かぶぬし,株主,,
01573-1.opus,1209010,かぶぬし,株主,,
01574-1.opus,1209020,かぶぬしそうかい,株主総会,,5
01575-1.opus,1636000,かぶわけ,株分け,,
01576-1.opus,1194890,かふん,花粉,,0
01577-1.opus,1194890,かふん,花粉,,0
01578-1.opus,1195930,かへい,貨幣,,1
01579-1.opus,2862000,かべん,花弁,,
01580-1.opus,1192470,かほう,家宝,,
01581-1.opus,1196440,かほご,過保護,,2
01582-1.opus,1279680,かまう,構う,,2
01583-1.opus,1279700,かまえる,構える,,
01584-1.opus,1196970,がまん,我慢,する,1
01585-1.opus,1364440,かみ,神,,1
01586-1.opus,1311530,かみ,紙,,2
01587-1.opus,1477950,かみ,髪,,2
01588-1.opus,1364920,かみさま,神様,,1
01589-1.opus,1196460,かみつ,過密,な,0
01591-1.opus,1477960,かみのけ,髪の毛,,3
01592-1.opus,1311580,かみぶくろ,紙袋,,3
01593-1.opus,1364510,かみわざ,神業,,0
01594-1.opus,1613710,かみん,仮眠,する,0
01595-1.opus,1577090,かめい,仮名,,0
01596-1.opus,1190580,かめい,加盟,する,0
01597-1.opus,1188220,かめん,仮面,,0
01598-1.opus,1197610,がめん,画面,,
01599-1.opus,1590600,かもく,科目,,0
01600-1.opus,1803510,かもつれっしゃ,貨物列車,,4
01601-1.opus,1194260,かやく,火薬,,0
01602-1.opus,1432850,かよう,通う,,0
01603-1.opus,1194290,かようび,火曜日,,2
01604-1.opus,1194290,かようび,火曜日,,2
01605-1.opus,1196980,がよく,我欲,,
01606-1.opus,1245280,から,空,,2
01607-1.opus,1365850,からい,辛い,,2
01608-1.opus,1202390,からし,辛子,,0
01609-1.opus,1267210,からす,枯らす,,0
01610-1.opus,1610800,ガラスど,ガラス戸,,
01611-1.opus,1409140,からだ,体,,0
01612-1.opus,1409600,からだじゅう,体中,,
01614-1.opus,1245620,からて,空手,,0
01615-1.opus,1548490,からまる,絡まる,,3
01616-1.opus,1548520,からむ,絡む,,2
01617-1.opus,1949300,からめる,絡める,,
01618-1.opus,1866970,かりけいやく,仮契約,,3
01619-1.opus,1590650,かりずまい,仮住まい,,3
01620-1.opus,1323820,かりちん,借り賃,,2
01621-1.opus,1187300,かりに,仮に,,0
01622-1.opus,1186560,かりゅう,下流,,0
01623-1.opus,1574320,かりゅう,顆粒,,0
01624-1.opus,1197010,がりゅう,我流,,0
01625-1.opus,1194300,かりょく,火力,,
01626-1.opus,1323560,かりる,借りる,,0
01627-1.opus,1252560,かるい,軽い,,
01628-1.opus,1483070,かれ,彼,,1
01629-1.opus,1195640,かれい,華麗,な,0
01630-1.opus,1590720,かれき,枯れ木,,0
01631-1.opus,1483140,かれし,彼氏,,
01632-1.opus,1483140,かれし,彼氏,,
01633-1.opus,1590730,かれは,枯れ葉,,0
01634-1.opus,1483090,かれら,彼等,,1
01635-1.opus,1267220,かれる,枯れる,,0
01636-1.opus,1196500,かろうし,過労死,,2
01637-1.opus,1578260,かろやか,軽やか,な,2
01638-1.opus,1390020,かわ,川,,2
01639-1.opus,1390020,かわ,河,,2
01640-1.opus,1483800,かわ,皮,,2
01641-1.opus,1483805,かわ,革,,2
01642-1.opus,1190740,かわいらしい,可愛らしい,,5
01643-1.opus,1209630,かわかす,乾かす,,3
01645-1.opus,1390080,かわかみ,川上,,0
01646-1.opus,1209650,かわく,乾く,,2
01648-1.opus,1206460,かわぐつ,革靴,,0
01649-1.opus,1390050,かわしも,川下,,0
01650-1.opus,1157330,かわせ,為替,,0
01651-1.opus,1390040,かわぞい,川沿い,,0
01652-1.opus,1636710,かわぞこ,川底,,0
01654-1.opus,1636650,かわべ,川辺,,
01655-1.opus,1590760,かわら,河原,,0
01656-1.opus,1590820,かわる,代わる,,0
01657-1.opus,1510790,かわる,変わる,,0
01659-1.opus,1590820,かわる,替わる,,0
01660-1.opus,1214540,かん,缶,,1
01662-1.opus,1215340,かんいっぱつ,間一髪,,1
01663-1.opus,1217280,がんえん,岩塩,,
01664-1.opus,1217150,がんか,眼科,,
01665-1.opus,1281000,かんがえ,考え,,3
01666-1.opus,1281020,かんがえる,考える,,
01668-1.opus,1212330,かんかく,感覚,,0
01669-1.opus,1214090,かんかつ,管轄,,0
01670-1.opus,1214080,かんがっき,管楽器,,3
01672-1.opus,1590850,かんき,乾季,,1
01673-1.opus,2866134,かんき,寒気,,1
01674-1.opus,1212780,かんき,換気,する,0
01675-1.opus,1212950,かんき,歓喜,する,1
01676-1.opus,1217180,がんきゅう,眼球,,0
01677-1.opus,1213280,かんきょう,環境,,0
01678-1.opus,1213310,かんきょうちょう,環境庁,,3
01679-1.opus,1214570,かんきり,缶切り,,
01680-1.opus,1215810,かんけい,関係,する,0
01682-1.opus,1212960,かんげい,歓迎,する,0
01683-1.opus,1212360,かんげき,感激,する,0
01684-1.opus,1211440,かんけつ,完結,する,0
01685-1.opus,1211440,かんけつ,完結,する,0
01687-1.opus,1214290,かんけつ,簡潔,な,0
01688-1.opus,1213150,かんご,漢語,,0
01689-1.opus,1214870,かんこうきゃく,観光客,,3
01690-1.opus,1210570,かんこう,刊行,する,0
01691-1.opus,1214840,かんこう,観光,する,0
01692-1.opus,1214840,かんこう,観光,する,0
01693-1.opus,1216170,かんこく,韓国,,
01694-1.opus,1210970,かんこく,勧告,する,0
01696-1.opus,1213810,かんご,看護,する,1
01697-1.opus,1217680,がんこ,頑固,な,1
01698-1.opus,1213870,かんごふ,看護婦,,3
01699-1.opus,1213870,かんごふ,看護婦,,3
01700-1.opus,1215910,かんさい,関西,,1
01702-1.opus,1215920,かんさいべん,関西弁,,0
01703-1.opus,1214900,かんさつ,観察,する,0
01705-1.opus,1212820,かんさん,換算,する,0
01706-1.opus,1212820,かんさん,換算,する,0
01707-1.opus,1213160,かんし,漢詩,,0
01708-1.opus,1212110,かんじ,幹事,,1
01709-1.opus,1213170,かんじ,漢字,,0
01710-1.opus,1213170,かんじ,漢字,,0
01711-1.opus,1213680,かんし,監視,する,0
01712-1.opus,1212210,かんじゃ,患者,,0
01713-1.opus,1683250,かんしゃさい,感謝祭,,3
01714-1.opus,1212380,かんしゃ,感謝,する,1
01715-1.opus,1212380,かんしゃ,感謝,する,1
01716-1.opus,1213950,かんしゅ,看守,,
01717-1.opus,1214930,かんしゅう,観衆,,0
01718-1.opus,1212390,かんじゅせい,感受性,,0
01719-1.opus,1218050,がんしょ,願書,,1
01720-1.opus,1212410,かんじょう,感情,,0
01721-1.opus,1212410,かんじょう,感情,,0
01722-1.opus,1212050,かんしょう,干渉,する,0
01723-1.opus,1212050,かんしょう,干渉,する,0
01724-1.opus,1215200,かんしょう,鑑賞,する,0
01725-1.opus,1212440,かんしょく,感触,,0
01726-1.opus,1212260,かんじる,感じる,,0
01727-1.opus,1215870,かんしん,関心,,0
01728-1.opus,1757540,かんじんかなめ,肝心要,,
01730-1.opus,1212450,かんしん,感心,する,0
01731-1.opus,1590870,かんじん,肝心,な,0
01732-1.opus,1215930,かんぜい,関税,,0
01733-1.opus,1211490,かんせい,完成,する,0
01734-1.opus,1211490,かんせい,完成,する,0
01735-1.opus,1214170,かんせいとう,管制塔,,0
01736-1.opus,1217360,がんせき,岩石,,1
01738-1.opus,1215960,かんせつ,関節,,0
01739-1.opus,1215540,かんせつぜい,間接税,,4
01740-1.opus,1215550,かんせつてき,間接的,な,0
01741-1.opus,1213100,かんせん,汗腺,,0
01742-1.opus,1212470,かんせん,感染,する,0
01743-1.opus,1214960,かんせん,観戦,する,0
01744-1.opus,1212890,かんぜん,敢然,と,0
01745-1.opus,1212150,かんせんどうろ,幹線道路,,
01747-1.opus,1211510,かんぜん,完全,な,0
01749-1.opus,1260940,がんそ,元祖,,1
01751-1.opus,1212480,かんそう,感想,,0
01752-1.opus,1214660,かんぞう,肝臓,,0
01753-1.opus,1209940,かんそうき,乾燥機,,3
01754-1.opus,1209940,かんそうき,乾燥機,,3
01755-1.opus,1209920,かんそう,乾燥,する,0
01756-1.opus,1209920,かんそう,乾燥,する,0
01757-1.opus,1214980,かんそく,観測,する,0
01758-1.opus,1214300,かんそ,簡素,な,1
01759-1.opus,1214300,かんそ,簡素,な,1
01760-1.opus,1212060,かんたく,干拓,する,0
01761-1.opus,1210480,かんだんけい,寒暖計,,
01762-1.opus,1214330,かんたん,簡単,すぎる,0
01763-1.opus,1214330,かんたん,簡単,な,0
01765-1.opus,1210620,かんちがい,勘違い,,3
01766-1.opus,1216950,がんちく,含蓄,,0
01767-1.opus,1211730,かんちょう,官庁,,1
01769-1.opus,2657680,かんちょう,干潮,,0
01770-1.opus,1214560,かんづめ,缶詰め,,
01771-1.opus,1214560,かんづめ,缶詰め,,
01772-1.opus,1211750,かんてい,官邸,,0
01773-1.opus,1215000,かんてん,観点,,
01774-1.opus,1210100,かんでんち,乾電池,,3
01776-1.opus,1216010,かんとう,関東,,1
01777-1.opus,1212570,かんどう,感動,する,0
01778-1.opus,1212570,かんどう,感動,する,0
01779-1.opus,1364690,かんぬし,神主,,1
01780-1.opus,1215010,かんねん,観念,,1
01781-1.opus,1261020,がんねん,元年,,1
01782-1.opus,1214800,かんのんさま,観音様,,
01783-1.opus,1210520,かんぱ,寒波,,1
01784-1.opus,1210520,かんぱ,寒波,,1
01785-1.opus,1590950,かんぱい,乾杯,する,0
01786-1.opus,1590950,かんぱい,乾杯,する,0
01787-1.opus,1213980,かんぱ,看破,する,1
01788-1.opus,1217700,がんばる,頑張る,,3
01789-1.opus,1213990,かんばん,看板,,0
01790-1.opus,1213990,かんばん,看板,,0
01791-1.opus,1578750,かんぱん,甲板,,
01792-1.opus,1211560,かんび,完備,する,1
01794-1.opus,1213570,かんび,甘美,な,1
01795-1.opus,1214030,かんびょう,看病,する,1
01797-1.opus,1212170,かんぶ,幹部,,1
01798-1.opus,1212240,かんぶ,患部,,1
01799-1.opus,1577610,かんぶつ,乾物,,0
01800-1.opus,1217050,がんぺき,岸壁,,0
01801-1.opus,1590970,かんぺき,完璧,な,0
01802-1.opus,1211800,かんぼう,官房,,0
01803-1.opus,1577710,がんぼう,願望,,0
01804-1.opus,1211250,かんまつ,巻末,,0
01805-1.opus,1212100,かんまん,干満,,0
01806-1.opus,1213590,かんみりょう,甘味料,,3
01807-1.opus,1216760,がんやく,丸薬,,
01808-1.opus,1211120,かんゆう,勧誘,する,0
01809-1.opus,1217000,がんゆう,含有,する,0
01810-1.opus,1212730,かんようく,慣用句,,3
01812-1.opus,1216050,かんよ,関与,する,1
01813-1.opus,1215050,かんらんしゃ,観覧車,,3
01814-1.opus,1217260,がんりき,眼力,,
01815-1.opus,1214200,かんり,管理,する,1
01816-1.opus,1214390,かんりゃく,簡略,な,0
01817-1.opus,1211860,かんりょう,官僚,,0
01818-1.opus,1211880,かんりょうしゅぎ,官僚主義,,5
01819-1.opus,1211630,かんりょう,完了,する,0
01821-1.opus,1212640,かんるい,感涙,,0
01822-1.opus,1212750,かんれい,慣例,,0
01823-1.opus,1216060,かんれん,関連,する,0
01824-1.opus,1655450,かんわじてん,漢和辞典,,4
01825-1.opus,1214530,かんわ,緩和,する,0
01826-1.opus,1221880,きあつ,気圧,,0
01827-1.opus,1226010,ぎあん,議案,,0
01828-1.opus,1576760,きいろ,黄色,,0
01830-1.opus,1226020,ぎいん,議員,,1
01831-1.opus,1226020,ぎいん,議員,,1
01832-1.opus,1221280,きえ,帰依,する,1
01833-1.opus,1350040,きえる,消える,,0
01834-1.opus,1223150,きおく,記憶,する,0
01835-1.opus,1221950,きおん,気温,,0
01836-1.opus,1220810,きかい,器械,,
01838-1.opus,1220800,きかい,機会,,
01839-1.opus,1220810,きかい,機械,,
01841-1.opus,1218440,きがい,危害,,1
01842-1.opus,1226040,ぎかい,議会,,1
01843-1.opus,1220820,きかいか,機械化,する,0
01844-1.opus,1757120,きかいたいそう,器械体操,,4
01845-1.opus,1780150,きかいてき,機械的,な,0
01846-1.opus,1423170,きがえる,着替える,,
01849-1.opus,1220020,きかがく,幾何学,,2
01850-1.opus,1218150,きかく,企画,,0
01851-1.opus,1218150,きかく,企画,する,0
01852-1.opus,1221560,きがくるう,気が狂う,,
01853-1.opus,1222110,きがる,気軽,な,0
01854-1.opus,1218910,きかん,器官,,
01855-1.opus,1222810,きかん,季刊,,0
01856-1.opus,1220550,きかん,期間,,
01857-1.opus,1222030,きかん,気管,,
01858-1.opus,1757050,きかんし,季刊誌,,2
01860-1.opus,1222780,きがん,祈願,する,1
01862-1.opus,1218450,きき,危機,,
01863-1.opus,1505810,ききて,聞き手,,0
01864-1.opus,1591070,ききめ,効き目,,0
01865-1.opus,1219850,ききゅう,希求,する,0
01866-1.opus,1218190,きぎょう,企業,,1
01868-1.opus,1614510,ききょう,帰郷,する,0
01869-1.opus,1219020,ききん,基金,,
01870-1.opus,1223490,ききんぞく,貴金属,,2
01871-1.opus,1591100,きく,利く,,0
01872-1.opus,1591100,きく,効く,,0
01873-1.opus,1591110,きく,聞く,,0
01874-1.opus,1591130,きぐ,危惧,,1
01875-1.opus,1218810,きげき,喜劇,,1
01877-1.opus,1220560,きげん,期限,,1
01878-1.opus,1220560,きげん,期限,,1
01879-1.opus,1220930,きげん,機嫌,,0
01880-1.opus,1220930,きげん,機嫌,,0
01881-1.opus,1222910,きげん,紀元,,1
01882-1.opus,1591140,きげん,起源,,1
01883-1.opus,1222930,きげんぜん,紀元前,,
01884-1.opus,1222930,きげんぜん,紀元前,,
01885-1.opus,1620740,きげんつき,期限付き,,0
01886-1.opus,1218560,きけん,危険,な,0
01887-1.opus,1218560,きけん,危険,な,0
01888-1.opus,1222820,きご,季語,,1
01889-1.opus,1222170,きこう,気候,,0
01890-1.opus,1222170,きこう,気候,,0
01891-1.opus,1223210,きごう,記号,,0
01893-1.opus,1225100,ぎこう,技巧,,0
01894-1.opus,1219700,きこう,寄港,する,0
01895-1.opus,1219700,きこう,寄港,する,0
01896-1.opus,1222950,きこうぶん,紀行文,,
01897-1.opus,1591150,きこえる,聞こえる,,0
01898-1.opus,1221330,きこく,帰国,する,0
01900-1.opus,1220350,きこん,既婚,,0
01901-1.opus,1591160,きざし,兆し,,0
01902-1.opus,1427440,きざす,兆す,,
01903-1.opus,1285890,きざむ,刻む,,0
01904-1.opus,1217040,きし,岸,,
01905-1.opus,1224110,きし,騎士,,
01906-1.opus,1379330,きじ,生地,,1
01907-1.opus,1223240,きじ,記事,,1
01908-1.opus,1225110,ぎし,技師,,1
01909-1.opus,1224700,ぎしき,儀式,,1
01910-1.opus,1226090,ぎじどう,議事堂,,0
01911-1.opus,1222700,きしゃ,汽車,,
01912-1.opus,1223250,きしゃ,記者,,
01914-1.opus,1223510,きしゃ,貴社,,
01915-1.opus,1220260,きしゅ,旗手,,
01916-1.opus,1220990,きしゅ,機首,,
01917-1.opus,1219740,きしゅくしゃ,寄宿舎,,3
01918-1.opus,1225130,ぎじゅつ,技術,,1
01919-1.opus,1225130,ぎじゅつ,技術,,1
01920-1.opus,1223280,きじゅつ,記述,する,0
01921-1.opus,1591210,きじゅん,基準,,0
01923-1.opus,1222270,きしょう,気象,,0
01924-1.opus,1223820,きしょう,起床,する,0
01926-1.opus,1222290,きしょうだい,気象台,,0
01927-1.opus,1222300,きしょうちょう,気象庁,,2
01928-1.opus,1220230,きじょうのくうろん,机上の空論,,0
01929-1.opus,1580260,きず,傷,,0
01931-1.opus,1591230,きずあと,傷跡,,0
01932-1.opus,1219410,きすう,奇数,,2
01933-1.opus,1422140,きずく,築く,,2
01934-1.opus,1345860,きずぐち,傷口,,0
01935-1.opus,1345930,きずつける,傷つける,,4
01936-1.opus,1225370,ぎせいご,擬声語,,0
01937-1.opus,1219750,きせい,寄生,する,0
01938-1.opus,1221390,きせい,帰省,する,0
01939-1.opus,1223010,きせい,規制,する,0
01940-1.opus,1223010,きせい,規制,する,0
01941-1.opus,1219770,きせいちゅう,寄生虫,,0
01942-1.opus,1591250,きせき,奇跡,,
01943-1.opus,1223970,きせき,軌跡,,0
01944-1.opus,1226120,ぎせき,議席,,0
01945-1.opus,1222840,きせつ,季節,,
01947-1.opus,1222400,きぜつ,気絶,する,0
01948-1.opus,1422990,きせる,着せる,,0
01949-1.opus,1222730,きせん,汽船,,0
01950-1.opus,1222730,きせん,汽船,,0
01952-1.opus,1219060,きそ,基礎,,
01953-1.opus,1219060,きそ,基礎,,
01954-1.opus,1234040,きそう,競う,,
01955-1.opus,1577730,きそう,寄贈,する,0
01955-2.opus,1577730,きぞう,寄贈,する,0
01956-1.opus,1668930,きそうほんのう,帰巣本能,,4
01957-1.opus,1223021,きそく,規則,,
01958-1.opus,1223021,きそく,規則,,
01959-1.opus,1223550,きぞく,貴族,,1
01960-1.opus,1223840,きそ,起訴,する,
01961-1.opus,1520670,きた,北,,
01962-1.opus,1226130,ぎだい,議題,,0
01963-1.opus,1220570,きたい,期待,する,0
01965-1.opus,1584210,きたかぜ,北風,,
01966-1.opus,1584210,きたかぜ,北風,,
01967-1.opus,1221430,きたく,帰宅,する,0
01968-1.opus,1221430,きたく,帰宅,する,0
01969-1.opus,1591260,きたす,来す,,
01970-1.opus,1178940,きたない,汚い,,3
01971-1.opus,1521250,きたはんきゅう,北半球,,3
01972-1.opus,1219110,きち,基地,,
01973-1.opus,1226140,ぎちょう,議長,,1
01974-1.opus,1223520,きちょう,貴重,な,0
01976-1.opus,1223530,きちょうひん,貴重品,,0
01977-1.opus,1223530,きちょうひん,貴重品,,0
01978-1.opus,1564360,きちょうめん,几帳面,な,
01979-1.opus,1932960,きつえんじょ,喫煙所,,
01980-1.opus,1226390,きつえん,喫煙,する,0
01981-1.opus,1222530,きづかれ,気疲れ,する,
01982-1.opus,1591330,きづく,気付く,,2
01984-1.opus,1226440,きっさてん,喫茶店,,
01985-1.opus,1226440,きっさてん,喫茶店,,
01986-1.opus,1226310,きっちょう,吉兆,,
01987-1.opus,1385170,きっぷ,切符,,0
01989-1.opus,1222050,きづまり,気詰まり,,2
01990-1.opus,1226570,きつもん,詰問,する,0
01991-1.opus,1219140,きてい,基底,,0
01992-1.opus,1225850,ぎてい,義弟,,0
01993-1.opus,1222740,きてき,汽笛,,0
01994-1.opus,1222740,きてき,汽笛,,0
01995-1.opus,1221450,きと,帰途,,
01996-1.opus,1218870,きどあいらく,喜怒哀楽,,1
01997-1.opus,1591350,きとう,祈祷,,0
01998-1.opus,1218680,きとく,危篤,,0
01999-1.opus,1221740,きにいる,気に入る,,0
02001-1.opus,1223330,きにゅう,記入,する,0
02002-1.opus,1258710,きぬ,絹,,1
02003-1.opus,1592710,きぬいと,絹糸,,0
02004-1.opus,1258730,きぬおりもの,絹織物,,
02005-1.opus,1223340,きねん,記念,する,0
02006-1.opus,1223380,きねんび,記念日,,2
02007-1.opus,1223380,きねんび,記念日,,2
02008-1.opus,1579260,きのう,昨日,,2
02009-1.opus,1221130,きのう,機能,,1
02010-1.opus,1221130,きのう,機能,,1
02011-1.opus,1225230,ぎのう,技能,,1
02012-1.opus,1221770,きのどく,気の毒,な,
02013-1.opus,1534550,きのみ,木の実,,1
02014-1.opus,1591380,きはく,希薄,な,0
02015-1.opus,1219460,きばつ,奇抜,な,0
02016-1.opus,1220200,きはつゆ,揮発油,,
02017-1.opus,1181780,きばむ,黄ばむ,,
02018-1.opus,1222390,きばらし,気晴らし,,
02019-1.opus,1262530,きびしい,厳しい,,3
02020-1.opus,1221170,きびん,機敏,な,0
02021-1.opus,1225860,ぎふ,義父,,1
02022-1.opus,1223930,きふく,起伏,,0
02023-1.opus,1223600,きふじん,貴婦人,,2
02024-1.opus,1591400,きふ,寄付,する,1
02025-1.opus,1591400,きふ,寄付,する,1
02026-1.opus,1224250,きへいたい,騎兵隊,,0
02027-1.opus,1223090,きぼ,規模,,1
02029-1.opus,1225880,ぎぼ,義母,,1
02030-1.opus,1219930,きぼうしゃ,希望者,,2
02031-1.opus,1219910,きぼう,希望,する,0
02033-1.opus,1219190,きほん,基本,,0
02035-1.opus,1220630,きまつしけん,期末試験,,
02036-1.opus,1591420,きまる,決まる,,0
02037-1.opus,1247250,きみ,君,,0
02038-1.opus,1630470,きみがよ,君が代,,0
02039-1.opus,1225900,ぎむ,義務,,1
02040-1.opus,1225900,ぎむ,義務,,1
02041-1.opus,5668306,きむら,木村,,
02042-1.opus,1254180,きめる,決める,,0
02043-1.opus,1591430,きもち,気持ち,,0
02044-1.opus,1591430,きもち,気持ち,,0
02045-1.opus,1423240,きもの,着物,,0
02046-1.opus,1423240,きもの,着物,,0
02047-1.opus,1225630,ぎもん,疑問,,0
02048-1.opus,1225640,ぎもんし,疑問詞,,2
02049-1.opus,1225660,ぎもんふ,疑問符,,2
02050-1.opus,1226630,きゃく,客,,0
02051-1.opus,1226960,ぎゃく,逆,,0
02052-1.opus,1227020,ぎゃくこうか,逆効果,,3
02053-1.opus,1226760,きゃくせき,客席,,0
02054-1.opus,1227140,ぎゃくせつ,逆説,,0
02055-1.opus,1226850,きゃくちゅう,脚注,,0
02056-1.opus,1227170,ぎゃくてん,逆転,する,0
02057-1.opus,1227170,ぎゃくてん,逆転,する,0
02058-1.opus,1227270,ぎゃくりゅう,逆流,,0
02059-1.opus,1226700,きゃっかんてき,客観的,な,0
02061-1.opus,1227010,ぎゃっきょう,逆境,,0
02063-1.opus,1230380,きゅう,旧,,1
02064-1.opus,1228270,きゅういん,吸引,する,0
02065-1.opus,1933090,きゅうえんかつどう,救援活動,,
02067-1.opus,1227610,きゅうか,休暇,,0
02068-1.opus,1230470,きゅうか,旧家,,
02069-1.opus,2793000,きゅうかい,九回,,
02070-1.opus,1231620,ぎゅうかわ,牛革,,0
02071-1.opus,1228670,きゅうかん,急患,,0
02072-1.opus,1836050,きゅうかん,休館,する,0
02073-1.opus,1229100,きゅうきゅうしゃ,救急車,,3
02074-1.opus,1229110,きゅうきゅうばこ,救急箱,,3
02075-1.opus,1230040,きゅうきょく,究極,,0
02076-1.opus,1228680,きゅうげき,急激,な,0
02077-1.opus,1228680,きゅうげき,急激,な,0
02078-1.opus,1228310,きゅうけつき,吸血鬼,,
02080-1.opus,1227780,きゅうこう,休講,,0
02081-1.opus,1228690,きゅうこう,急行,,0
02082-1.opus,1229140,きゅうごはん,救護班,,3
02083-1.opus,1229950,きゅうこん,球根,,0
02084-1.opus,1229950,きゅうこん,球根,,0
02085-1.opus,1229400,きゅうこん,求婚,する,0
02087-1.opus,1229150,きゅうさい,救済,する,0
02089-1.opus,1230240,きゅうじ,給仕,,1
02090-1.opus,1230790,きゅうしき,旧式,,0
02091-1.opus,1228040,きゅうじつ,休日,,0
02093-1.opus,1243710,きゅうしゅう,九州,,1
02094-1.opus,1228330,きゅうしゅう,吸収,する,0
02096-1.opus,1229180,きゅうしゅつ,救出,する,0
02097-1.opus,1620900,きゅうじょう,弓状,,0
02098-1.opus,1229970,きゅうじょう,球場,,0
02099-1.opus,1229450,きゅうしょく,求職,,0
02100-1.opus,1229200,きゅうじょ,救助,する,1
02101-1.opus,1229200,きゅうじょ,救助,する,1
02102-1.opus,1229500,きゅうじん,求人,,0
02103-1.opus,1683320,きゅうすいせい,吸水性,,
02104-1.opus,1230910,きゅうせい,旧制,,0
02105-1.opus,1230930,きゅうせい,旧姓,,0
02106-1.opus,1230930,きゅうせい,旧姓,,0
02107-1.opus,1229220,きゅうせいぐん,救世軍,,3
02108-1.opus,1229230,きゅうせいしゅ,救世主,,3
02109-1.opus,1228870,きゅうぞう,急増,する,0
02110-1.opus,1228870,きゅうぞう,急増,する,0
02111-1.opus,1227940,きゅうそく,休息,する,0
02112-1.opus,1228890,きゅうそく,急速,な,0
02113-1.opus,1228210,きゅうだいてん,及第点,,3
02114-1.opus,1228470,きゅうでん,宮殿,,0
02116-1.opus,1230300,きゅうとう,給湯,,0
02117-1.opus,1228540,きゅうどう,弓道,,1
02118-1.opus,1231580,ぎゅうにく,牛肉,,0
02120-1.opus,1231590,ぎゅうにゅう,牛乳,,0
02121-1.opus,1231590,ぎゅうにゅう,牛乳,,0
02123-1.opus,1228380,きゅうばん,吸盤,,0
02124-1.opus,1228950,きゅうびょう,急病,,0
02125-1.opus,1230320,きゅうふ,給付,する,
02126-1.opus,1231260,きゅうへい,旧弊,な,0
02127-1.opus,1229290,きゅうめいボート,救命ボート,,
02128-1.opus,1231340,きゅうやくせいしょ,旧約聖書,,5
02129-1.opus,1230160,きゅうゆう,級友,,0
02130-1.opus,1230350,きゅうよ,給与,,1
02131-1.opus,1228990,きゅうよう,急用,,0
02132-1.opus,1228990,きゅうよう,急用,,0
02133-1.opus,1228100,きゅうよう,休養,する,0
02134-1.opus,1230360,きゅうりょう,給料,,1
02135-1.opus,1230360,きゅうりょう,給料,,1
02136-1.opus,1231430,きゅうれき,旧暦,,0
02137-1.opus,1378140,きよい,清い,,2
02138-1.opus,1579110,きょう,今日,,1
02140-1.opus,1578080,きょう,興,,0
02141-1.opus,1237830,きょうい,胸囲,,1
02142-1.opus,1237830,きょうい,胸囲,,1
02143-1.opus,1238700,きょうい,驚異,,1
02144-1.opus,1236950,きょういく,教育,する,0
02145-1.opus,1236950,きょういく,教育,する,0
02146-1.opus,1234060,きょうえい,競泳,,0
02147-1.opus,1234320,きょうえん,共演,する,0
02148-1.opus,1235550,きょうかい,協会,,0
02150-1.opus,1235960,きょうかい,境界,,0
02151-1.opus,1237030,きょうかい,教会,,0
02152-1.opus,1239380,ぎょうかい,業界,,0
02153-1.opus,1237020,きょうかしょ,教科書,,3
02154-1.opus,1237020,きょうかしょ,教科書,,3
02155-1.opus,1236200,きょうか,強化,する,
02156-1.opus,1236200,きょうか,強化,する,
02158-1.opus,1234370,きょうかん,共感,する,0
02159-1.opus,1237540,きょうき,狂気,,1
02160-1.opus,1237730,きょうぎ,狭義,,1
02161-1.opus,1234080,きょうぎ,競技,,1
02162-1.opus,1234080,きょうぎ,競技,,1
02163-1.opus,1238710,きょうき,驚喜,する,1
02164-1.opus,1235570,きょうぎ,協議,する,
02165-1.opus,1233630,きょうきゅう,供給,する,0
02167-1.opus,1236000,きょうぐう,境遇,,
02168-1.opus,1237080,きょうくん,教訓,,0
02169-1.opus,1236880,きょうげき,挟撃,,0
02170-1.opus,1799810,きょうけん,強肩,,0
02171-1.opus,1237570,きょうげん,狂言,,3
02172-1.opus,1237560,きょうけんびょう,狂犬病,,0
02173-1.opus,1236710,きょうこう,恐慌,,0
02174-1.opus,1236250,きょうこう,強硬,な,0
02175-1.opus,1236040,きょうこく,峡谷,,0
02176-1.opus,1239120,ぎょうこ,凝固,する,
02177-1.opus,1591560,きょうこ,強固,な,1
02178-1.opus,1237110,きょうざい,教材,,0
02180-1.opus,1236720,きょうさいか,恐妻家,,0
02181-1.opus,1234490,きょうさんしゅぎ,共産主義,,5
02182-1.opus,1235650,きょうさん,協賛,する,0
02183-1.opus,1234550,きょうさんとう,共産党,,0
02184-1.opus,1237130,きょうし,教師,,1
02186-1.opus,1281930,ぎょうじ,行事,,
02187-1.opus,1281920,ぎょうじ,行司,,
02189-1.opus,1237150,きょうしつ,教室,,0
02190-1.opus,1820690,きょうしゃ,香車,,0
02192-1.opus,1237160,きょうじゅ,教授,,
02193-1.opus,1239450,ぎょうしゅ,業種,,
02194-1.opus,1238500,きょうしゅう,郷愁,,0
02195-1.opus,1236740,きょうしゅく,恐縮,する,0
02196-1.opus,1236740,きょうしゅく,恐縮,する,0
02197-1.opus,1233720,きょうじゅつ,供述,する,0
02198-1.opus,1236330,きょうしん,強震,,0
02199-1.opus,1237620,きょうじん,狂人,,0
02200-1.opus,1237750,きょうしんしょう,狭心症,,
02202-1.opus,1282010,ぎょうせい,行政,,0
02203-1.opus,1236350,きょうせい,強制,する,0
02204-1.opus,1239460,ぎょうせき,業績,,0
02205-1.opus,1237240,きょうそ,教祖,,1
02206-1.opus,1235690,きょうそうきょく,協奏曲,,3
02207-1.opus,1234140,きょうそう,競争,する,0
02208-1.opus,1234140,きょうそう,競争,する,0
02209-1.opus,1234190,きょうそう,競走,する,0
02210-1.opus,1234190,きょうそう,競走,する,0
02211-1.opus,1933210,きょうそうりつ,競争率,,3
02212-1.opus,1933210,きょうそうりつ,競争率,,3
02213-1.opus,1578050,きょうそん,共存,する,0
02214-1.opus,1249960,きょうだい,兄弟,,1
02215-1.opus,1249960,きょうだい,兄弟,,1
02216-1.opus,1238570,きょうだい,鏡台,,0
02217-1.opus,1238720,きょうたん,驚嘆,する,0
02218-1.opus,1237950,きょうちゅう,胸中,,
02219-1.opus,1234690,きょうちょ,共著,,
02220-1.opus,1235700,きょうちょう,協調,する,0
02221-1.opus,1235700,きょうちょう,協調,する,0
02222-1.opus,1236470,きょうちょう,強調,する,0
02223-1.opus,1234700,きょうつう,共通,,0
02224-1.opus,1234720,きょうつうご,共通語,,0
02225-1.opus,1234700,きょうつう,共通,する,0
02226-1.opus,1235730,きょうてい,協定,,0
02227-1.opus,1236480,きょうてき,強敵,,0
02228-1.opus,1251620,きょうてん,経典,,0
02229-1.opus,1652350,きょうと,京都,,1
02230-1.opus,1652350,きょうと,京都,,1
02231-1.opus,1237290,きょうと,教徒,,1
02232-1.opus,1238510,きょうど,郷土,,1
02233-1.opus,1238510,きょうど,郷土,,1
02234-1.opus,1591660,きょうどう,共同,,0
02235-1.opus,1591660,きょうどう,共同,する,0
02236-1.opus,1233490,きょうとふ,京都府,,3
02237-1.opus,1218960,きよう,器用,な,1
02238-1.opus,1234220,きょうばい,競売,,0
02239-1.opus,1235110,きょうはん,共犯,,0
02240-1.opus,1236750,きょうふ,恐怖,,1
02242-1.opus,1236760,きょうふしょう,恐怖症,,
02243-1.opus,1238410,きょうみ,興味,,1
02244-1.opus,1238410,きょうみ,興味,,1
02245-1.opus,1235190,きょうめい,共鳴,する,0
02246-1.opus,1235240,きょうゆう,共有,する,0
02247-1.opus,1237370,きょうよう,教養,,0
02248-1.opus,1237370,きょうよう,教養,,0
02249-1.opus,1238540,きょうり,郷里,,1
02250-1.opus,1238540,きょうり,郷里,,1
02251-1.opus,1591710,きょうりゅう,恐竜,,0
02252-1.opus,1237760,きょうりょう,狭量,な,0
02253-1.opus,1591720,きょうりょく,協力,する,0
02255-1.opus,1236600,きょうりょく,強力,な,0
02256-1.opus,1282220,ぎょうれつ,行列,,0
02257-1.opus,1235350,きょうわせい,共和制,,0
02258-1.opus,1235390,きょうわとう,共和党,,0
02259-1.opus,1233120,ぎょかいるい,魚介類,,2
02260-1.opus,1232880,きょか,許可,する,1
02261-1.opus,1232880,きょか,許可,する,1
02262-1.opus,1231980,きょがん,巨岩,,0
02263-1.opus,1232990,ぎょぎょう,漁業,,1
02264-1.opus,1240300,きょくげん,極限,,
02265-1.opus,1239600,きょくげん,局限,する,0
02266-1.opus,1629940,ぎょくざ,玉座,,
02267-1.opus,1240630,ぎょくせきこんこう,玉石混淆,,0
02269-1.opus,1239970,きょくせん,曲線,,0
02271-1.opus,1240380,きょくたん,極端,な,3
02272-1.opus,1870440,きょくちてき,局地的,な,0
02273-1.opus,1239650,きょくちょう,局長,,
02274-1.opus,1240110,きょくめい,曲名,,
02275-1.opus,1239680,きょくめん,局面,,
02276-1.opus,1233130,ぎょぐん,魚群,,0
02277-1.opus,1233000,ぎょこう,漁港,,0
02278-1.opus,1232030,きょしてき,巨視的,な,0
02279-1.opus,1231820,きょじゅうち,居住地,,2
02280-1.opus,1232570,きょしゅ,挙手,する,1
02281-1.opus,1232090,きょじん,巨人,,
02282-1.opus,1219810,きよ,寄与,する,1
02283-1.opus,1233050,ぎょせん,漁船,,0
02284-1.opus,1233060,ぎょそん,漁村,,0
02285-1.opus,1233060,ぎょそん,漁村,,0
02286-1.opus,1232180,きょだい,巨大,な,0
02287-1.opus,1232600,きょとう,挙党,,0
02288-1.opus,2044100,きょどうふしん,挙動不審,,
02289-1.opus,1231690,きょねん,去年,,1
02291-1.opus,1232410,きょひ,拒否,する,1
02292-1.opus,1378150,きよまる,清まる,,3
02293-1.opus,1378170,きよめる,清める,,3
02294-1.opus,1232910,きょよう,許容,する,0
02295-1.opus,1231700,きょらい,去来,する,
02296-1.opus,1232920,きょり,距離,,1
02297-1.opus,1233220,ぎょるい,魚類,,1
02298-1.opus,1257240,きらい,嫌い,な,0
02299-1.opus,1257250,きらう,嫌う,,0
02300-1.opus,1225920,ぎり,義理,,2
02301-1.opus,1591790,きりかぶ,切り株,,
02302-1.opus,1223120,きりつ,規律,,0
02303-1.opus,1384830,きる,切る,,1
02304-1.opus,1423000,きる,着る,,0
02305-1.opus,1223440,きろく,記録,する,0
02306-1.opus,1223440,きろく,記録,する,0
02307-1.opus,1226160,ぎろん,議論,,1
02308-1.opus,1226160,ぎろん,議論,する,1
02309-1.opus,1296290,きわ,際,,2
02310-1.opus,1225680,ぎわく,疑惑,,0
02311-1.opus,1591960,きわまる,極まる,,3
02312-1.opus,1240190,きわみ,極み,,3
02313-1.opus,1591970,きわめる,極める,,3
02314-1.opus,1591970,きわめる,極める,,3
02315-1.opus,1591990,きをつける,気を付ける,,
02316-1.opus,1241250,きんいつ,均一,な,0
02317-1.opus,1243560,ぎんいろ,銀色,,0
02318-1.opus,1241490,きんえん,禁煙,する,0
02320-1.opus,1242680,きんか,金貨,,1
02321-1.opus,1243440,ぎんが,銀河,,1
02323-1.opus,1242700,きんがく,金額,,0
02324-1.opus,1242700,きんがく,金額,,0
02326-1.opus,5229259,きんかくじ,金閣寺,,1
02327-1.opus,5231703,ぎんかくじ,銀閣寺,,1
02328-1.opus,1242220,きんがん,近眼,,0
02329-1.opus,1241850,きんきゅう,緊急,な,0
02332-1.opus,1242750,きんぎょ,金魚,,1
02333-1.opus,1242260,きんきょう,近況,,0
02334-1.opus,1241530,きんく,禁句,,
02335-1.opus,1242850,きんこ,金庫,,1
02336-1.opus,1241270,きんこう,均衡,,0
02337-1.opus,1242290,きんこう,近郊,,0
02338-1.opus,2827870,きんこう,金鉱,,0
02339-1.opus,1242270,きんごう,近郷,,0
02340-1.opus,1243490,ぎんこう,銀行,,0
02341-1.opus,1243490,ぎんこう,銀行,,0
02342-1.opus,1933650,ぎんこうこうざ,銀行口座,,
02343-1.opus,1243530,ぎんざ,銀座,,0
02344-1.opus,1242320,きんし,近視,,0
02346-1.opus,1241550,きんし,禁止,する,0
02347-1.opus,1241550,きんし,禁止,する,0
02348-1.opus,1242340,きんじち,近似値,,3
02349-1.opus,1241280,きんしつ,均質,な,0
02350-1.opus,1241570,きんしゅ,禁酒,する,0
02351-1.opus,1242350,きんじょ,近所,,1
02353-1.opus,1289290,きんじょう,今上,,0
02354-1.opus,1241300,きんせい,均整,,0
02356-1.opus,1241600,きんせい,禁制,,0
02357-1.opus,1243020,きんせん,金銭,,1
02358-1.opus,1243040,きんぞく,金属,,1
02359-1.opus,1243040,きんぞく,金属,,1
02360-1.opus,1242420,きんだい,近代,,1
02361-1.opus,1242430,きんだいか,近代化,する,0
02362-1.opus,1241880,きんちょう,緊張,する,0
02363-1.opus,1241880,きんちょう,緊張,する,0
02364-1.opus,1241310,きんとう,均等,な,0
02365-1.opus,1241310,きんとう,均等,に,0
02367-1.opus,1241810,きんにく,筋肉,,1
02368-1.opus,1241820,きんにくつう,筋肉痛,,0
02369-1.opus,1241890,きんぱく,緊迫,する,0
02370-1.opus,1243150,きんぱつ,金髪,,0
02372-1.opus,1682290,きんぷん,金粉,,0
02373-1.opus,1242530,きんぺん,近辺,,1
02374-1.opus,1241060,きんべん,勤勉,な,0
02377-1.opus,1241910,きんみつ,緊密,な,0
02378-1.opus,1241070,きんむ,勤務,する,1
02380-1.opus,1243320,きんようび,金曜日,,3
02382-1.opus,1609680,きんよくてき,禁欲的,な,0
02383-1.opus,1241840,きんりょく,筋力,,1
02384-1.opus,1242570,きんりん,近隣,,0
02385-1.opus,1241160,きんろう,勤労,,0
02386-1.opus,1244080,く,区,,1
02387-1.opus,1244950,ぐ,具,,
02388-1.opus,1592500,ぐあい,具合,,0
02389-1.opus,1244090,くいき,区域,,1
02391-1.opus,1358090,くいしんぼう,食いしん坊,,3
02392-1.opus,1358110,くいちがう,食い違う,,
02393-1.opus,1640430,くいもの,食い物,,
02394-1.opus,1245450,くうかん,空間,,0
02395-1.opus,1245470,くうき,空気,,1
02396-1.opus,1245520,くうぐん,空軍,,
02397-1.opus,1245570,くうこう,空港,,0
02399-1.opus,1228420,ぐうじ,宮司,,1
02400-1.opus,1245610,くうしゃ,空車,,0
02401-1.opus,1246250,ぐうすう,偶数,,3
02403-1.opus,1246270,ぐうぜん,偶然,,0
02404-1.opus,1246270,ぐうぜん,偶然,,0
02405-1.opus,1246280,ぐうぞう,偶像,,0
02406-1.opus,1245950,くうはく,空白,,0
02407-1.opus,1246370,ぐうはつてき,偶発的,な,0
02408-1.opus,1246000,くうふく,空腹,,0
02409-1.opus,1246060,くうゆ,空輸,する,0
02410-1.opus,1577900,くおん,久遠,,
02412-1.opus,1243970,くかい,句会,,0
02413-1.opus,1243660,くがつ,九月,,1
02414-1.opus,1244120,くかん,区間,,
02415-1.opus,1244440,くきょう,苦境,,0
02416-1.opus,1592130,くぎる,区切る,,2
02417-1.opus,1401910,くさ,草,,2
02418-1.opus,1401940,くさばな,草花,,2
02419-1.opus,1402040,くさぶえ,草笛,,
02420-1.opus,1640590,くさわけ,草分け,,0
02421-1.opus,2845349,くじ,九時,,
02422-1.opus,1244850,くし,駆使,する,
02423-1.opus,1244000,くしゅう,句集,,0
02424-1.opus,1244520,くじょう,苦情,,0
02426-1.opus,1244500,くしょう,苦笑,する,0
02427-1.opus,1244530,くしん,苦心,する,
02428-1.opus,1538160,くすり,薬,,0
02429-1.opus,1538170,くすりや,薬屋,,0
02430-1.opus,1538250,くすりゆび,薬指,,3
02431-1.opus,2868440,くだ,管,,1
02432-1.opus,1245050,ぐたいてき,具体的,な,0
02433-1.opus,1245050,ぐたいてき,具体的,な,0
02434-1.opus,1193060,くだもの,果物,,2
02435-1.opus,1184380,くだりざか,下り坂,,0
02436-1.opus,1184450,くだる,下る,,0
02437-1.opus,1275640,くち,口,,0
02438-1.opus,1276630,くちぶえ,口笛,,
02439-1.opus,1276110,くちべに,口紅,,0
02440-1.opus,1276610,くちょう,口調,,0
02441-1.opus,1246700,くつ,靴,,2
02442-1.opus,1244560,くつう,苦痛,,0
02443-1.opus,1246730,くつおと,靴音,,
02444-1.opus,1614980,くっさく,掘削,する,0
02446-1.opus,1246740,くつした,靴下,,
02447-1.opus,1246600,くつじょく,屈辱,,0
02448-1.opus,1246810,くつずみ,靴墨,,
02449-1.opus,1246620,くっせつ,屈折,する,0
02450-1.opus,1246780,くつぞこ,靴底,,0
02451-1.opus,1246820,くつみがき,靴磨き,,3
02452-1.opus,1246720,くつや,靴屋,,2
02453-1.opus,1244050,くとうてん,句読点,,2
02454-1.opus,1275080,くどく,功徳,,1
02455-1.opus,1245190,ぐどん,愚鈍,な,0
02456-1.opus,1228480,くないちょう,宮内庁,,2
02457-1.opus,1592250,くに,国,,0
02458-1.opus,1592260,くにぐに,国々,,2
02461-1.opus,1244610,くのう,苦悩,する,
02462-1.opus,1472990,くばる,配る,,2
02463-1.opus,1592270,くび,首,,0
02464-1.opus,1608160,ぐび,具備,する,1
02465-1.opus,1278220,くふう,工夫,,0
02466-1.opus,1278220,くふう,工夫,する,0
02467-1.opus,1244250,くべつ,区別,する,1
02469-1.opus,1397450,くみ,組,,2
02470-1.opus,1397620,くみあい,組合,,0
02471-1.opus,1397590,くむ,組む,,1
02472-1.opus,1278280,くめん,工面,する,
02473-1.opus,1173100,くも,雲,,1
02474-1.opus,1233840,くもつ,供物,,
02475-1.opus,1173160,くもゆき,雲行き,,
02476-1.opus,2012670,くもらす,曇らす,,3
02477-1.opus,1592340,くもり,曇り,,3
02478-1.opus,1457560,くもる,曇る,,2
02479-1.opus,1244270,くやくしょ,区役所,,2
02480-1.opus,1592360,くやしなみだ,悔し涙,,4
02481-1.opus,1233910,くよう,供養,する,1
02483-1.opus,1592380,くら,蔵,,2
02484-1.opus,1155400,くらい,位,,0
02485-1.opus,1154330,くらい,暗い,,
02486-1.opus,1514940,くらす,暮らす,,0
02487-1.opus,1399110,くらに,倉荷,,0
02488-1.opus,1963530,グラニューとう,グラニュー糖,,0
02489-1.opus,1483540,くらべる,比べる,,0
02490-1.opus,1266900,くり,庫裏,,1
02491-1.opus,1620890,くりつ,区立,,1
02492-1.opus,1547720,くる,来る,,1
02493-1.opus,1237500,くるいざき,狂い咲き,,0
02494-1.opus,1237510,くるう,狂う,,2
02495-1.opus,1237520,くるおしい,狂おしい,,4
02496-1.opus,1244320,くるしい,苦しい,,3
02497-1.opus,1323080,くるま,車,,0
02498-1.opus,1323090,くるまいす,車いす,,3
02499-1.opus,1609720,くるわす,狂わす,,3
02500-1.opus,1578760,くれない,紅,,
02501-1.opus,1514960,くれる,暮れる,,0
02502-1.opus,1287420,くろい,黒い,,2
02503-1.opus,1244680,くろう,苦労,する,1
02504-1.opus,1244680,くろう,苦労,する,1
02505-1.opus,1579040,くろかみ,黒髪,,
02506-1.opus,1287970,くろしお,黒潮,,0
02507-1.opus,1189960,くわえる,加える,,
02508-1.opus,1351730,くわしい,詳しい,,3
02509-1.opus,1640630,くわずぎらい,食わず嫌い,,4
02510-1.opus,1218110,くわだて,企て,,
02511-1.opus,1218120,くわだてる,企てる,,4
02512-1.opus,1189980,くわわる,加わる,,
02513-1.opus,1247660,ぐん,軍,,1
02514-1.opus,1247920,ぐんか,軍靴,,1
02515-1.opus,1667810,ぐんけんせいど,郡県制度,,5
02516-1.opus,1247990,ぐんこくしゅぎ,軍国主義,,5
02517-1.opus,1247420,くんじ,訓辞,,0
02518-1.opus,1247410,くんじ,訓示,する,0
02519-1.opus,1247290,くんしゅ,君主,,1
02521-1.opus,1592510,ぐんしゅう,群衆,,0
02523-1.opus,1248470,ぐんしゅく,軍縮,,0
02524-1.opus,1247240,くんしょう,勲章,,0
02525-1.opus,1248380,ぐんじりょく,軍事力,,3
02526-1.opus,1248540,ぐんじん,軍人,,0
02527-1.opus,1247560,ぐんせい,群生,する,0
02529-1.opus,1248710,ぐんたい,軍隊,,1
02530-1.opus,1248770,ぐんだん,軍団,,0
02531-1.opus,1247440,くんどく,訓読,,0
02532-1.opus,1248870,ぐんび,軍備,,1
02533-1.opus,1249250,ぐんぶ,郡部,,1
02534-1.opus,1247450,くんよみ,訓読み,,0
02536-1.opus,1247320,くんりん,君臨,する,0
02537-1.opus,1247470,くんれん,訓練,する,1
02538-1.opus,1247470,くんれん,訓練,する,1
02539-1.opus,1533820,け,毛,,0
02540-1.opus,1956190,げい,芸,,1
02541-1.opus,1250710,けいあい,敬愛,する,0
02542-1.opus,1250720,けいい,敬意,,1
02543-1.opus,1251130,けいえい,経営,する,0
02545-1.opus,1250730,けいえん,敬遠,する,0
02546-1.opus,1252310,けいかい,警戒,する,0
02547-1.opus,1252600,けいかい,軽快,な,0
02549-1.opus,1252090,けいかく,計画,する,0
02550-1.opus,1252090,けいかく,計画,する,0
02551-1.opus,1251250,けいか,経過,する,0
02553-1.opus,1250820,けいかん,景観,,0
02554-1.opus,1252330,けいかん,警官,,0
02556-1.opus,1830950,けいかんたい,警官隊,,0
02557-1.opus,1250830,けいき,景気,,0
02558-1.opus,1250740,けいぐ,敬具,,1
02559-1.opus,1251270,けいけん,経験,,0
02560-1.opus,1251270,けいけん,経験,する,0
02561-1.opus,1252680,けいげん,軽減,する,0
02562-1.opus,1250750,けいご,敬語,,0
02564-1.opus,1249470,けいこう,傾向,,0
02566-1.opus,1252700,けいこうぎょう,軽工業,,3
02567-1.opus,1253250,げいごう,迎合,する,0
02568-1.opus,1592540,けいこうとう,蛍光灯,,0
02569-1.opus,1250950,けいこく,渓谷,,0
02570-1.opus,1252360,けいこく,警告,する,0
02571-1.opus,1252360,けいこく,警告,する,0
02572-1.opus,1251320,けいざい,経済,,1
02573-1.opus,1251360,けいざいかい,経済界,,3
02574-1.opus,1609740,けいざいてき,経済的,な,0
02576-1.opus,1252390,けいさつ,警察,,0
02577-1.opus,1252390,けいさつ,警察,,0
02578-1.opus,1252410,けいさつしょ,警察署,,
02579-1.opus,1252140,けいさん,計算,する,0
02580-1.opus,1252140,けいさん,計算,する,0
02581-1.opus,1250310,けいしき,形式,,0
02583-1.opus,1252710,けいし,軽視,する,
02584-1.opus,1252710,けいし,軽視,する,
02585-1.opus,1250030,けいじ,啓示,する,0
02586-1.opus,1250620,けいじ,掲示,する,0
02587-1.opus,1252450,けいしちょう,警視庁,,3
02588-1.opus,1252450,けいしちょう,警視庁,,3
02590-1.opus,1821460,けいじつ,頃日,,0
02591-1.opus,1250630,けいじばん,掲示板,,0
02592-1.opus,1253050,げいしゃ,芸者,,0
02593-1.opus,1249500,けいしゃ,傾斜,する,0
02594-1.opus,1253060,げいじゅつ,芸術,,0
02596-1.opus,1253070,げいじゅつか,芸術家,,0
02597-1.opus,1630600,げいじゅつさい,芸術祭,,
02598-1.opus,1250760,けいしょう,敬称,,0
02599-1.opus,1252470,けいしょう,警鐘,,0
02600-1.opus,1252720,けいしょう,軽傷,,0
02601-1.opus,1250340,けいじょう,形状,,0
02602-1.opus,1251780,けいしょう,継承,する,0
02603-1.opus,1252760,けいしょく,軽食,,0
02604-1.opus,1251010,けいず,系図,,0
02605-1.opus,1250360,けいせい,形成,する,0
02606-1.opus,1251810,けいぞく,継続,する,0
02607-1.opus,1252910,けいそつ,軽率,な,0
02608-1.opus,1252910,けいそつ,軽率,な,0
02609-1.opus,1236020,けいだい,境内,,1
02610-1.opus,1250680,けいたい,携帯,する,0
02611-1.opus,1250690,けいたいでんわ,携帯電話,,5
02612-1.opus,1252480,けいてき,警笛,,0
02613-1.opus,1533860,けいと,毛糸,,0
02614-1.opus,1533860,けいと,毛糸,,0
02615-1.opus,1249570,けいど,傾度,,1
02616-1.opus,1251630,けいど,経度,,1
02617-1.opus,1251030,けいとう,系統,,0
02618-1.opus,1251030,けいとう,系統,,0
02619-1.opus,1253130,げいのう,芸能,,0
02620-1.opus,1253150,げいのうじん,芸能人,,3
02621-1.opus,1234210,けいば,競馬,,0
02623-1.opus,1252830,けいはく,軽薄,な,0
02624-1.opus,1252830,けいはく,軽薄,な,0
02625-1.opus,1233380,けいはんしん,京阪神,,3
02626-1.opus,1251640,けいひ,経費,,1
02628-1.opus,1252490,けいび,警備,,1
02629-1.opus,1252490,けいび,警備,する,1
02630-1.opus,1873300,けいひん,京浜,,
02631-1.opus,1253260,げいひんかん,迎賓館,,3
02632-1.opus,1252510,けいぶ,警部,,1
02633-1.opus,1252850,けいぶ,軽侮,する,1
02634-1.opus,1252520,けいほう,警報,,0
02635-1.opus,1252520,けいほう,警報,,0
02636-1.opus,1252540,けいぼう,警棒,,0
02637-1.opus,1250190,けいやく,契約,する,0
02638-1.opus,1251670,けいゆ,経由,する,
02639-1.opus,1251670,けいゆ,経由,する,
02640-1.opus,1250430,けいようし,形容詞,,3
02642-1.opus,1250430,けいようし,形容詞,,3
02643-1.opus,1253040,けいらん,鶏卵,,0
02644-1.opus,1234240,けいりん,競輪,,0
02645-1.opus,1251690,けいれき,経歴,,0
02646-1.opus,1251080,けいれつ,系列,,0
02648-1.opus,1251700,けいろ,径路,,1
02649-1.opus,1250810,けいろうのひ,敬老の日,,6
02650-1.opus,1639320,けおり,毛織,,0
02652-1.opus,1200220,けが,怪我,,2
02653-1.opus,1203380,げか,外科,,0
02654-1.opus,1203380,げか,外科,,0
02655-1.opus,1178960,けがす,汚す,,
02656-1.opus,1178980,けがらわしい,汚らわしい,,5
02657-1.opus,1179000,けがれる,汚れる,,
02658-1.opus,1533930,けがわ,毛皮,,0
02659-1.opus,1253310,げき,劇,,1
02660-1.opus,1253640,げきか,激化,する,
02661-1.opus,1253650,げきげん,激減,する,0
02662-1.opus,1253410,げきじょう,劇場,,0
02663-1.opus,1253680,げきせん,激戦,,0
02664-1.opus,1253690,げきぞう,激増,する,0
02665-1.opus,1253450,げきだん,劇団,,0
02666-1.opus,1253450,げきだん,劇団,,0
02667-1.opus,1592760,げきつう,激痛,,0
02668-1.opus,1253490,げきてき,劇的,な,0
02669-1.opus,1253700,げきど,激怒,する,1
02670-1.opus,1253730,げきとつ,激突,する,0
02671-1.opus,1253760,げきれい,激励,する,0
02672-1.opus,1579100,けさ,今朝,,1
02673-1.opus,1191460,げし,夏至,,
02674-1.opus,1191460,げし,夏至,,
02676-1.opus,1592600,けしいん,消印,,0
02677-1.opus,1250870,けしき,景色,,1
02678-1.opus,1250870,けしき,景色,,1
02679-1.opus,1350080,けしゴム,消しゴム,,0
02680-1.opus,1185290,げしゅく,下宿,,0
02681-1.opus,1187110,けしょうひん,化粧品,,0
02682-1.opus,1350110,けす,消す,,0
02683-1.opus,1565040,けちんぼう,けちん坊,,
02684-1.opus,1255110,けつあつ,血圧,,0
02685-1.opus,1255110,けつあつ,血圧,,0
02686-1.opus,1254220,けつい,決意,する,1
02687-1.opus,1253930,けついん,欠員,,0
02688-1.opus,1255120,けつえき,血液,,
02689-1.opus,1255120,けつえき,血液,,
02690-1.opus,1255150,けつえきがた,血液型,,0
02692-1.opus,1254690,けっか,結果,,
02693-1.opus,1254710,けっかく,結核,,0
02694-1.opus,1255520,げつがく,月額,,0
02695-1.opus,1253950,けっかん,欠陥,,0
02696-1.opus,1255180,けっかん,血管,,0
02697-1.opus,1255180,けっかん,血管,,0
02699-1.opus,1255540,げっかんし,月刊誌,,
02700-1.opus,1255560,げっきゅう,月給,,0
02702-1.opus,1254730,けっきょく,結局,,
02703-1.opus,1253960,けっきん,欠勤,,0
02704-1.opus,1255650,げっこう,月光,,0
02705-1.opus,1254770,けつごう,結合,する,0
02706-1.opus,1254760,けっこう,結構,な,
02707-1.opus,1254760,けっこう,結構,な,
02708-1.opus,1254810,けっこんしき,結婚式,,3
02710-1.opus,1254790,けっこん,結婚,する,0
02711-1.opus,1254790,けっこん,結婚,する,0
02712-1.opus,1254130,けっして,決して,,0
02713-1.opus,1255690,げっしゃ,月謝,,0
02714-1.opus,1255700,げっしゅう,月収,,0
02716-1.opus,1254330,けっしょうせん,決勝戦,,
02717-1.opus,1254330,けっしょうせん,決勝戦,,
02718-1.opus,1254060,けつじょ,欠如,する,1
02719-1.opus,1254340,けっしん,決心,する,1
02720-1.opus,1254340,けっしん,決心,する,1
02721-1.opus,1254020,けっせき,欠席,する,0
02723-1.opus,1254030,けっせきとどけ,欠席届け,,5
02724-1.opus,1254930,けっそく,結束,する,0
02725-1.opus,1254370,けつだん,決断,する,0
02726-1.opus,1254370,けつだん,決断,する,0
02727-1.opus,1254380,けってい,決定,する,0
02729-1.opus,1578280,けっていばん,決定版,,0
02731-1.opus,1254050,けってん,欠点,,3
02732-1.opus,1255360,けっとう,血統,,
02733-1.opus,1670120,けっとうしょ,血統書,,
02734-1.opus,1630670,けっとうち,血糖値,,3
02735-1.opus,1254460,けっぱく,潔白,な,0
02736-1.opus,1254470,けっぺき,潔癖,な,0
02737-1.opus,1254100,けつぼう,欠乏,する,0
02739-1.opus,1255010,けつまつ,結末,,0
02740-1.opus,1255840,げつまつ,月末,,0
02741-1.opus,1255890,げつようび,月曜日,,3
02742-1.opus,1255890,げつようび,月曜日,,3
02743-1.opus,1255920,げつれい,月齢,,0
02744-1.opus,1255020,けつろん,結論,,0
02745-1.opus,1255020,けつろん,結論,,0
02746-1.opus,1256140,けなげ,健気,な,
02747-1.opus,1199230,げねつざい,解熱剤,,
02748-1.opus,1222510,けはい,気配,,
02749-1.opus,1188000,けびょう,仮病,,0
02750-1.opus,1186420,げぼく,下僕,,
02751-1.opus,1533880,けむし,毛虫,,
02752-1.opus,1177200,けむたい,煙たい,,
02753-1.opus,1177180,けむり,煙,,0
02754-1.opus,1177220,けむる,煙る,,0
02755-1.opus,1260530,けわしい,険しい,,3
02756-1.opus,1255940,けん,件,,1
02757-1.opus,1256730,けん,券,,1
02758-1.opus,1258810,けん,県,,1
02759-1.opus,1260560,けんあく,険悪,な,0
02760-1.opus,1258090,けんい,権威,,1
02761-1.opus,1261190,げんいん,原因,,0
02762-1.opus,1261190,げんいん,原因,,0
02763-1.opus,1257840,けんえつ,検閲,する,0
02765-1.opus,1264650,げんかい,限界,,0
02766-1.opus,1259440,けんがく,見学,する,0
02767-1.opus,1262570,げんかく,厳格,な,0
02768-1.opus,1263400,げんかん,玄関,,1
02770-1.opus,1260720,げんき,元気,な,1
02772-1.opus,1258570,けんきゅうしつ,研究室,,3
02773-1.opus,1578330,けんきゅうじょ,研究所,,
02775-1.opus,1258520,けんきゅう,研究,する,0
02776-1.opus,1258520,けんきゅう,研究,する,0
02777-1.opus,1257880,けんきょ,検挙,する,1
02778-1.opus,1263550,げんきん,現金,,3
02779-1.opus,1263550,げんきん,現金,,3
02780-1.opus,1262590,げんきん,厳禁,する,
02781-1.opus,1258860,けんけい,県警,,0
02782-1.opus,1261300,げんけい,原型,,0
02783-1.opus,1258430,けんけつ,献血,する,0
02784-1.opus,1258130,けんげん,権限,,3
02786-1.opus,1256170,けんこう,健康,,0
02787-1.opus,1261340,げんこう,原稿,,0
02788-1.opus,1578340,けんこうこつ,肩甲骨,,3
02790-1.opus,1256240,けんこうてき,健康的,な,0
02791-1.opus,1256270,けんこうほけん,健康保険,,5
02792-1.opus,1264430,げんごがく,言語学,,3
02793-1.opus,1264430,げんごがく,言語学,,3
02795-1.opus,1261400,げんこく,原告,,0
02796-1.opus,1261400,げんこく,原告,,0
02797-1.opus,1257140,けんご,堅固,な,1
02798-1.opus,1261440,げんざい,原罪,,0
02799-1.opus,1263650,げんざい,現在,,1
02800-1.opus,1263650,げんざい,現在,,1
02801-1.opus,1873900,けんざかい,県境,,3
02802-1.opus,1257900,けんさく,検索,する,0
02803-1.opus,1257890,けんさ,検査,する,1
02804-1.opus,1257890,けんさ,検査,する,1
02805-1.opus,1257910,けんさつ,検察,,0
02806-1.opus,1257910,けんさつ,検察,,0
02807-1.opus,1257930,けんじ,検事,,1
02808-1.opus,1263710,げんじつ,現実,,0
02809-1.opus,1592720,けんじつ,堅実,な,0
02810-1.opus,1261540,げんしてき,原始的,な,0
02811-1.opus,1263370,げんじものがたり,源氏物語,,6
02812-1.opus,1260280,けんじゃ,賢者,,1
02813-1.opus,1258660,けんしゅう,研修,,0
02815-1.opus,1263740,げんじゅうしょ,現住所,,3
02817-1.opus,1262660,げんじゅう,厳重,な,0
02820-1.opus,1262650,げんしゅ,厳守,する,1
02821-1.opus,1257940,けんしゅつ,検出,する,0
02822-1.opus,1257560,けんしょう,憲章,,0
02823-1.opus,1263750,げんしょう,現象,,0
02824-1.opus,1263770,げんじょう,現状,,0
02825-1.opus,1257950,けんしょう,検証,する,0
02827-1.opus,1263210,げんしょう,減少,する,0
02829-1.opus,1261560,げんしりん,原始林,,3
02830-1.opus,1256350,けんしん,検診,,0
02831-1.opus,1257970,けんしん,検針,,0
02832-1.opus,1257700,けんすい,懸垂,,0
02833-1.opus,1260360,けんすう,軒数,,3
02834-1.opus,1261970,げんすんだい,原寸大,,0
02835-1.opus,1263260,げんぜい,減税,する,0
02837-1.opus,1257420,けんせつ,建設,する,0
02839-1.opus,1263380,げんせん,源泉,,0
02840-1.opus,1263380,げんせん,源泉,,0
02841-1.opus,1256360,けんぜん,健全,な,0
02842-1.opus,1263800,げんぞう,現像,する,0
02843-1.opus,1262070,げんそく,原則,,0
02844-1.opus,1262070,げんそく,原則,,0
02845-1.opus,1263270,げんそく,減速,する,0
02846-1.opus,1578410,げんそん,現存,する,0
02849-1.opus,1263810,げんだい,現代,,1
02850-1.opus,1263860,げんち,現地,,1
02851-1.opus,1257500,けんちく,建築,,0
02853-1.opus,1257510,けんちくか,建築家,,0
02854-1.opus,1258870,けんちじ,県知事,,3
02855-1.opus,1258880,けんちょう,県庁,,
02857-1.opus,1260640,けんちょ,顕著,な,1
02859-1.opus,1814600,けんていしけん,検定試験,,
02860-1.opus,1264670,げんてい,限定,する,0
02861-1.opus,1262150,げんてん,原典,,
02862-1.opus,1262160,げんてん,原点,,
02863-1.opus,1263290,げんてん,減点,する,0
02864-1.opus,1264690,げんど,限度,,1
02865-1.opus,1258900,けんどう,県道,,0
02866-1.opus,1262770,げんとう,厳冬,,0
02867-1.opus,1258000,けんとう,検討,する,0
02868-1.opus,1258000,けんとう,検討,する,0
02869-1.opus,1665430,けんばいき,券売機,,3
02871-1.opus,1262220,げんばく,原爆,,0
02872-1.opus,1260660,けんびきょう,顕微鏡,,0
02873-1.opus,1258760,けんぷ,絹布,,1
02874-1.opus,1260000,けんぶつ,見物,する,0
02876-1.opus,1260310,けんぼ,賢母,,1
02877-1.opus,1257590,けんぽう,憲法,,1
02878-1.opus,1257590,けんぽう,憲法,,1
02879-1.opus,1263470,げんまい,玄米,,
02880-1.opus,1592730,けんま,研摩,する,1
02882-1.opus,1262830,げんみつ,厳密,な,0
02883-1.opus,1262830,げんみつ,厳密,な,0
02884-1.opus,1258920,けんみん,県民,,0
02886-1.opus,1260320,けんめい,賢明,な,0
02887-1.opus,1260320,けんめい,賢明,な,0
02888-1.opus,1258200,けんり,権利,,1
02890-1.opus,1258940,けんりつ,県立,,0
02891-1.opus,1262490,げんりょう,原料,,3
02892-1.opus,1258220,けんりょく,権力,,1
02893-1.opus,1258220,けんりょく,権力,,1
02894-1.opus,1558670,こい,恋,,1
02895-1.opus,1469890,こい,濃い,,1
02896-1.opus,1592890,こいこがれる,恋焦がれる,,5
02897-1.opus,1558760,こいしい,恋しい,,3
02898-1.opus,1609750,こいする,恋する,,
02899-1.opus,2847656,こいに,故意に,,
02900-1.opus,1592900,こいぬ,子犬,,0
02901-1.opus,1558920,こいびと,恋人,,0
02902-1.opus,1559040,こいぶみ,恋文,,
02903-1.opus,1275120,こう,効,,1
02904-1.opus,1558750,こう,恋う,,1
02905-1.opus,1281100,こうあん,考案,する,0
02906-1.opus,1275370,こうい,厚意,,1
02908-1.opus,1277530,こうい,好意,,1
02909-1.opus,1279330,こういしつ,更衣室,,3
02910-1.opus,1269450,こういしょう,後遺症,,
02911-1.opus,1284550,ごうい,合意,する,
02913-1.opus,1236170,ごういん,強引,な,0
02914-1.opus,1282820,こううりょう,降雨量,,3
02916-1.opus,1592930,こううん,好運,,0
02917-1.opus,1592940,こううんき,耕運機,,3
02918-1.opus,1592930,こううん,幸運,な,0
02920-1.opus,1273270,こうえん,公園,,0
02922-1.opus,1282240,こうえん,講演,,0
02923-1.opus,1275130,こうか,効果,,1
02924-1.opus,1275130,こうか,効果,,1
02925-1.opus,1280530,こうか,硬貨,,1
02926-1.opus,1280530,こうか,硬貨,,1
02928-1.opus,1281250,こうかい,航海,,1
02929-1.opus,1273420,こうがい,公害,,0
02930-1.opus,1273420,こうがい,公害,,0
02931-1.opus,1282490,こうがい,郊外,,1
02932-1.opus,1273370,こうかい,公開,する,0
02933-1.opus,1273370,こうかい,公開,する,0
02934-1.opus,1284600,ごうかく,合格,する,0
02935-1.opus,1609760,こうがくぶ,工学部,,
02936-1.opus,1280520,こうか,硬化,する,
02937-1.opus,1282830,こうか,降下,する,
02939-1.opus,1283300,こうか,高価,な,1
02940-1.opus,1285520,ごうか,豪華,な,1
02941-1.opus,1282690,こうかん,鋼管,,0
02942-1.opus,1271750,こうかん,交換,する,0
02943-1.opus,1271750,こうかん,交換,する,0
02944-1.opus,1275420,こうがんむち,厚顔無恥,,5
02945-1.opus,1275420,こうがんむち,厚顔無恥,,5
02946-1.opus,1275420,こうがんむち,厚顔無恥,な,5
02947-1.opus,1282260,こうぎ,講義,,
02948-1.opus,1277590,こうきしん,好奇心,,3
02949-1.opus,1278860,こうぎ,抗議,する,1
02950-1.opus,1283380,こうき,高貴,な,1
02951-1.opus,1278740,こうきゅう,恒久,,0
02952-1.opus,1283400,こうきゅう,高級,,0
02953-1.opus,1284250,ごうきゅう,号泣,する,0
02954-1.opus,1280380,こうきょ,皇居,,1
02956-1.opus,1273510,こうきょう,公共,,0
02957-1.opus,1277620,こうきょう,好況,,0
02958-1.opus,1271930,こうきょうきょく,交響曲,,3
02960-1.opus,1281300,こうくうがいしゃ,航空会社,,5
02961-1.opus,1281320,こうくうき,航空機,,3
02962-1.opus,1281330,こうくうけん,航空券,,3
02963-1.opus,1281360,こうくうびん,航空便,,
02964-1.opus,1272950,こうけい,光景,,
02965-1.opus,1272950,こうけい,光景,,
02966-1.opus,1276030,こうけい,口径,,0
02967-1.opus,1278090,こうげい,工芸,,0
02968-1.opus,1284740,ごうけい,合計,する,0
02969-1.opus,1284740,ごうけい,合計,する,0
02970-1.opus,1279170,こうげき,攻撃,する,0
02971-1.opus,1283440,こうけつ,高潔,な,0
02972-1.opus,1283490,こうげん,高原,,0
02973-1.opus,1877760,ごうけんてき,合憲的,な,
02975-1.opus,1280390,こうごう,皇后,,3
02976-1.opus,1277880,こうこう,孝行,する,1
02977-1.opus,1283510,こうこうせい,高校生,,3
02980-1.opus,1280400,こうごうへいか,皇后陛下,,
02981-1.opus,1281120,こうこがく,考古学,,3
02983-1.opus,1278510,こうこく,広告,,0
02984-1.opus,2846444,こうごに,交互に,,
02985-1.opus,1181990,こうさ,黄砂,,1
02987-1.opus,1282270,こうざ,講座,,0
02988-1.opus,1282710,こうざい,鋼材,,0
02989-1.opus,1271990,こうさい,交際,する,0
02990-1.opus,1271990,こうさい,交際,する,0
02991-1.opus,1280970,こうさく,耕作,,0
02992-1.opus,1281150,こうさつ,考察,する,0
02993-1.opus,1592970,こうさてん,交差点,,
02994-1.opus,1592970,こうさてん,交差点,,
02995-1.opus,1282570,こうざん,鉱山,,1
02996-1.opus,1282860,こうさん,降参,する,0
02997-1.opus,1282860,こうさん,降参,する,0
02998-1.opus,1592980,こうし,子牛,,0
03000-1.opus,1282280,こうし,講師,,1
03001-1.opus,1278130,こうじ,工事,,1
03002-1.opus,1273820,こうしき,公式,,0
03003-1.opus,1273820,こうしき,公式,,0
03004-1.opus,1280580,こうしきテニス,硬式テニス,,
03005-1.opus,1281910,こうし,行使,する,1
03006-1.opus,1278150,こうじちゅう,工事中,,
03007-1.opus,1278150,こうじちゅう,工事中,,
03008-1.opus,1280420,こうしつ,皇室,,0
03009-1.opus,1205360,こうしど,格子戸,,3
03010-1.opus,1279540,こうしゃ,校舎,,1
03011-1.opus,1273900,こうしゅう,公衆,,0
03012-1.opus,1273980,こうしゅうよくじょう,公衆浴場,,5
03013-1.opus,1280860,こうしゅけい,絞首刑,,
03014-1.opus,1276310,こうじゅつ,口述,する,0
03015-1.opus,1279550,こうしょう,校章,,0
03016-1.opus,1578700,こうじょう,工場,,3
03017-1.opus,1578700,こうじょう,工場,,3
03018-1.opus,1277260,こうじょうしん,向上心,,3
03019-1.opus,1272110,こうしょう,交渉,する,0
03021-1.opus,1593510,ごうじょう,強情,な,
03022-1.opus,1279080,こうじょ,控除,する,1
03023-1.opus,1279080,こうじょ,控除,する,1
03024-1.opus,1279370,こうしん,更新,する,0
03025-1.opus,1279370,こうしん,更新,する,0
03026-1.opus,1283050,こうしんりょう,香辛料,,3
03027-1.opus,1279720,こうず,構図,,0
03028-1.opus,1283060,こうすい,香水,,0
03029-1.opus,1277640,こうずか,好事家,,0
03030-1.opus,1279390,こうせい,更生,する,0
03031-1.opus,1279560,こうせい,校正,する,0
03032-1.opus,1279730,こうせい,構成,する,0
03033-1.opus,1593520,ごうせい,豪勢,な,1
03034-1.opus,1275070,こうせき,功績,,0
03036-1.opus,1282620,こうせき,鉱石,,
03037-1.opus,1935490,ごうせつちたい,豪雪地帯,,
03038-1.opus,1273030,こうせん,光線,,0
03039-1.opus,1282630,こうせん,鉱泉,,0
03040-1.opus,1278950,こうそう,抗争,,0
03041-1.opus,1279790,こうぞう,構造,,0
03043-1.opus,1279780,こうそう,構想,する,0
03044-1.opus,1875350,こうそうビル,高層ビル,,5
03045-1.opus,1283720,こうそくどうろ,高速道路,,5
03046-1.opus,1279090,こうそ,控訴,する,1
03047-1.opus,1283730,こうそつ,高卒,,0
03048-1.opus,1655780,こうそん,皇孫,,0
03049-1.opus,1280450,こうたいごう,皇太后,,
03050-1.opus,1280460,こうたいし,皇太子,,3
03051-1.opus,1592990,こうたい,交代,する,0
03052-1.opus,1592990,こうたい,交替,する,0
03053-1.opus,1278600,こうだい,広大,な,0
03054-1.opus,1282930,こうたん,降誕,,0
03055-1.opus,1280990,こうち,耕地,,1
03056-1.opus,1279810,こうちく,構築,する,0
03057-1.opus,1280770,こうちゃ,紅茶,,0
03058-1.opus,1280770,こうちゃ,紅茶,,0
03059-1.opus,1277730,こうちょう,好調,,0
03060-1.opus,1277730,こうちょう,好調,な,0
03061-1.opus,1280610,こうちょく,硬直,する,0
03062-1.opus,1278190,こうちん,工賃,,1
03063-1.opus,1272280,こうつう,交通,,0
03064-1.opus,1272350,こうつうじこ,交通事故,,5
03065-1.opus,1272410,こうつうひ,交通費,,3
03066-1.opus,1272440,こうつうりょう,交通量,,3
03067-1.opus,1279600,こうてい,校庭,,0
03068-1.opus,1280490,こうてい,皇帝,,0
03069-1.opus,1281180,こうてい,肯定,する,0
03070-1.opus,1760140,こうていぶん,肯定文,,
03071-1.opus,1283090,こうでん,香典,,0
03072-1.opus,1277750,こうてん,好転,する,0
03073-1.opus,1280620,こうど,硬度,,1
03075-1.opus,1282340,こうどう,講堂,,0
03076-1.opus,1236500,ごうとう,強盗,,0
03077-1.opus,1236500,ごうとう,強盗,,0
03078-1.opus,1282100,こうどう,行動,する,0
03079-1.opus,1279820,こうない,構内,,1
03080-1.opus,1280020,こうない,港内,,1
03081-1.opus,1274450,こうにん,公認,する,0
03082-1.opus,1283880,こうねつ,高熱,,0
03083-1.opus,1283880,こうねつ,高熱,,0
03084-1.opus,1273110,こうねつひ,光熱費,,
03085-1.opus,1273120,こうねん,光年,,
03086-1.opus,1280640,こうは,硬派,,1
03087-1.opus,1270010,こうはい,後輩,,0
03089-1.opus,1280780,こうばい,紅梅,,0
03090-1.opus,1282470,こうばい,購買,,0
03091-1.opus,1281620,こうはい,荒廃,する,0
03092-1.opus,1280790,こうはく,紅白,,1
03093-1.opus,1578880,こうばしい,香ばしい,,
03094-1.opus,1274510,こうはん,公判,,0
03095-1.opus,1270040,こうはん,後半,,0
03096-1.opus,1578870,こうはん,鋼板,,0
03097-1.opus,1272500,こうばん,交番,,0
03098-1.opus,1272500,こうばん,交番,,0
03099-1.opus,1278670,こうはんい,広範囲,,3
03100-1.opus,1277780,こうひょう,好評,,0
03101-1.opus,1274550,こうひょう,公表,する,0
03102-1.opus,1282940,こうふく,降伏,する,0
03103-1.opus,1278400,こうふく,幸福,な,0
03106-1.opus,1238380,こうふん,興奮,する,0
03107-1.opus,2164600,こうべ,神戸,,1
03109-1.opus,1274640,こうへい,公平,な,0
03110-1.opus,1238400,こうぼう,興亡,,0
03111-1.opus,1274740,こうぼく,公僕,,0
03112-1.opus,1272740,こうほしゃ,候補者,,3
03113-1.opus,1272740,こうほしゃ,候補者,,3
03114-1.opus,1274680,こうぼ,公募,する,
03115-1.opus,1282670,こうみゃく,鉱脈,,0
03116-1.opus,1274820,こうむいん,公務員,,3
03118-1.opus,1274820,こうむいん,公務員,,3
03119-1.opus,1279620,こうもん,校門,,0
03120-1.opus,1586770,こうや,荒野,,1
03121-1.opus,1283150,こうゆ,香油,,0
03123-1.opus,1578780,こうよう,紅葉,,0
03124-1.opus,1275000,こうりつ,公立,,0
03125-1.opus,1275210,こうりつ,効率,,0
03126-1.opus,1285380,ごうりてき,合理的,な,0
03127-1.opus,1285380,ごうりてき,合理的,な,0
03128-1.opus,1279270,こうりゃく,攻略,する,0
03129-1.opus,1279270,こうりゃく,攻略,する,0
03130-1.opus,1272580,こうりゅう,交流,する,0
03131-1.opus,1238450,こうりゅう,興隆,する,0
03132-1.opus,1285390,ごうりゅう,合流,する,0
03133-1.opus,1281680,こうりょう,荒涼,たる,0
03134-1.opus,1275250,こうりょく,効力,,1
03135-1.opus,1281170,こうりょ,考慮,する,1
03136-1.opus,1278800,こうれい,恒例,,0
03137-1.opus,1284310,ごうれい,号令,,0
03138-1.opus,1657250,こうれいしゃ,高齢者,,3
03139-1.opus,1270170,こうれつ,後列,,1
03140-1.opus,1281440,こうろ,航路,,1
03141-1.opus,1675040,こうろうしゃ,功労者,,3
03142-1.opus,1280030,こうわん,港湾,,0
03143-1.opus,1876000,こうわんきょく,港湾局,,
03144-1.opus,1380440,こえ,声,,1
03145-1.opus,1484250,こえ,肥,,2
03147-1.opus,1271510,ごえい,護衛,する,0
03148-1.opus,1348180,こえだ,小枝,,0
03149-1.opus,1269170,ごえつどうしゅう,呉越同舟,,1
03150-1.opus,1484260,こえる,肥える,,2
03152-1.opus,1593070,こえる,越える,,0
03153-1.opus,1266450,こおう,呼応,する,0
03154-1.opus,1488840,こおり,氷,,0
03155-1.opus,1489200,こおりまくら,氷枕,,4
03156-1.opus,1593100,こおる,凍る,,0
03157-1.opus,1266980,こがい,戸外,,
03161-1.opus,1271310,ごかい,誤解,する,0
03162-1.opus,1268820,ごかく,互角,,0
03163-1.opus,1350710,こがす,焦がす,,2
03165-1.opus,1620810,こがた,小型,,0
03166-1.opus,1348540,こがたな,小刀,,
03167-1.opus,1268170,ごがつ,五月,,1
03168-1.opus,1593120,こかつ,枯渇,する,0
03169-1.opus,2839304,こがね,黄金,,
03170-1.opus,1593140,こがらし,木枯らし,,2
03171-1.opus,1268840,ごかんせい,互換性,,0
03172-1.opus,1743940,こきざみ,小刻み,に,2
03173-1.opus,1266470,こきゅう,呼吸,する,0
03174-1.opus,1266470,こきゅう,呼吸,,0
03176-1.opus,2853884,こきょう,故郷,,1
03177-1.opus,1382450,こく,石,,1
03178-1.opus,1240180,ごく,極,,1
03179-1.opus,1271060,ごく,語句,,1
03180-1.opus,1285900,こくいっこく,刻一刻,,1
03181-1.opus,1285910,こくいん,刻印,,0
03182-1.opus,1579000,こくえん,黒煙,,
03183-1.opus,1628050,こくおうへいか,国王陛下,,
03184-1.opus,1286270,こくがい,国外,,2
03185-1.opus,1286400,こくさい,国際,,0
03186-1.opus,1286520,こくさいてき,国際的,な,0
03188-1.opus,1287360,こくじ,酷似,する,
03189-1.opus,1286780,こくせき,国籍,,0
03190-1.opus,1287270,こくそう,穀倉,,0
03192-1.opus,1286030,こくそ,告訴,する,
03193-1.opus,1286930,こくない,国内,,2
03194-1.opus,1286060,こくはく,告白,する,0
03195-1.opus,1288080,こくばん,黒板,,0
03196-1.opus,1288080,こくばん,黒板,,0
03197-1.opus,1240470,ごくひ,極秘,,0
03198-1.opus,1285790,こくふく,克服,する,0
03199-1.opus,1287020,こくほう,国宝,,0
03200-1.opus,1287070,こくみん,国民,,0
03201-1.opus,1287280,こくもつ,穀物,,2
03202-1.opus,1240250,ごくらく,極楽,,
03203-1.opus,1287180,こくりつ,国立,,0
03204-1.opus,1287180,こくりつ,国立,,0
03205-1.opus,1287310,こくるい,穀類,,2
03206-1.opus,1287210,こくれん,国連,,0
03207-1.opus,1005030,ごくろうさま,ご苦労様,,2
03208-1.opus,1266590,こけい,固形,,0
03209-1.opus,1350730,こげる,焦げる,,2
03210-1.opus,1271090,ごげん,語源,,0
03212-1.opus,1268990,ごご,午後,,1
03213-1.opus,1639820,こごえ,小声,,0
03214-1.opus,1446180,こごえる,凍える,,
03215-1.opus,1267160,ここく,故国,,1
03216-1.opus,1268260,ごこく,五穀,,1
03217-1.opus,1243850,ここのか,九日,,4
03218-1.opus,1243600,ここのつ,九つ,,2
03219-1.opus,1360480,こころ,心,,
03220-1.opus,1360610,こころがける,心掛ける,,5
03221-1.opus,1309050,こころざし,志,,
03222-1.opus,1309060,こころざす,志す,,4
03223-1.opus,1360680,こころぼそい,心細い,,5
03224-1.opus,1312280,こころみる,試みる,,4
03225-1.opus,1199970,こころよい,快い,,4
03226-1.opus,1271320,ごさ,誤差,,1
03227-1.opus,1269650,ごさい,後妻,,0
03228-1.opus,1347810,こさめ,小雨,,0
03229-1.opus,1348150,こざら,小皿,,
03230-1.opus,1271340,ごさん,誤算,,0
03231-1.opus,1288340,こし,腰,,0
03232-1.opus,1271350,ごじ,誤字,,
03233-1.opus,1288370,こしかけ,腰掛け,,
03234-1.opus,1288370,こしかけ,腰掛け,,
03235-1.opus,1288350,こしかける,腰掛ける,,4
03237-1.opus,1877940,ごじしん,ご自身,,
03238-1.opus,1266610,こじ,固辞,する,1
03239-1.opus,1267770,こじ,誇示,する,1
03240-1.opus,1267770,こじ,誇示,する,1
03241-1.opus,1264750,こしつ,個室,,0
03242-1.opus,1264750,こしつ,個室,,0
03243-1.opus,1288400,こしぼね,腰骨,,0
03244-1.opus,1267010,こしゅ,戸主,,1
03246-1.opus,1593560,ごじゅうのとう,五重の塔,,
03247-1.opus,1270390,ごしゅじん,御主人,,
03248-1.opus,1267300,こじょう,湖上,,0
03249-1.opus,1267180,こしょう,故障,する,0
03250-1.opus,1267180,こしょう,故障,する,0
03251-1.opus,1264770,こじん,個人,,1
03252-1.opus,1267190,こじん,故人,,1
03253-1.opus,1264830,こじんさ,個人差,,2
03254-1.opus,1829530,ごしんじゅつ,護身術,,2
03255-1.opus,1175300,こす,超す,,0
03256-1.opus,1175300,こす,越す,,0
03258-1.opus,1264960,こせい,個性,,1
03259-1.opus,1267030,こせき,戸籍,,0
03260-1.opus,1267030,こせき,戸籍,,0
03261-1.opus,1348470,こぜに,小銭,,0
03262-1.opus,1269060,ごぜん,午前,,1
03263-1.opus,1269060,ごぜん,午前,,1
03264-1.opus,1268920,ごせん,互選,する,0
03265-1.opus,1268490,ごぞうろっぷ,五臓六腑,,4
03266-1.opus,1004430,こそどろ,こそ泥,,0
03268-1.opus,1593570,ごぞんじ,御存知,,2
03269-1.opus,1266640,こたい,固体,,0
03270-1.opus,1265760,こだい,古代,,1
03271-1.opus,1267800,こだいもうそう,誇大妄想,,
03272-1.opus,1449540,こたえる,答える,,
03274-1.opus,1593590,ごちそう,御馳走,,0
03275-1.opus,1593590,ごちそう,御馳走,する,0
03276-1.opus,1267820,こちょう,誇張,する,0
03277-1.opus,1286220,こっか,国歌,,
03279-1.opus,1286240,こっかい,国会,,0
03280-1.opus,1288570,こっかく,骨格,,0
03281-1.opus,1286290,こっき,国旗,,0
03282-1.opus,1285770,こっきしん,克己心,,3
03283-1.opus,1286320,こっきょう,国境,,0
03284-1.opus,1286380,こっこう,国交,,0
03285-1.opus,1288610,こつずい,骨髄,,
03286-1.opus,1288640,こっせつ,骨折,する,0
03287-1.opus,1288640,こっせつ,骨折,する,0
03288-1.opus,1593290,こづつみ,小包,,2
03289-1.opus,1266650,こてい,固定,する,0
03290-1.opus,1934700,こていひょう,固定票,,0
03291-1.opus,1267990,こてきたい,鼓笛隊,,0
03292-1.opus,1264990,こてん,個展,,0
03294-1.opus,1265860,こてん,古典,,0
03295-1.opus,1270560,ごてん,御殿,,1
03296-1.opus,1313580,こと,事,,2
03297-1.opus,1266850,こどく,孤独,な,0
03298-1.opus,1579130,ことし,今年,,0
03299-1.opus,1579130,ことし,今年,,0
03301-1.opus,1157510,ことなる,異なる,,3
03302-1.opus,1264540,ことば,言葉,,3
03305-1.opus,1307850,こども,子供,,0
03306-1.opus,1307870,こどもたち,子供達,,3
03307-1.opus,1877140,こどもづれ,子供連れ,,
03308-1.opus,2851952,こどもむけ,子供向け,,
03309-1.opus,1348530,ことり,小鳥,,0
03310-1.opus,1419570,ことわる,断る,,3
03311-1.opus,1504770,こな,粉,,2
03312-1.opus,1504890,こなぐすり,粉薬,,3
03313-1.opus,1593360,こなごな,粉々,,0
03314-1.opus,1348490,こにくらしい,小憎らしい,,
03316-1.opus,1593380,こねこ,子猫,,2
03317-1.opus,1004690,このあいだ,この間,,0
03318-1.opus,1004710,このごろ,この頃,,0
03319-1.opus,1534560,このは,木の葉,,1
03320-1.opus,1004750,このへん,この辺,,0
03321-1.opus,2216900,このまえ,この前,,3
03322-1.opus,1277500,このみ,好み,,
03323-1.opus,1637990,ごはっと,御法度,,
03324-1.opus,1637990,ごはっと,御法度,,
03325-1.opus,1267320,こはん,湖畔,,0
03326-1.opus,1270590,ごはん,御飯,,1
03327-1.opus,1270590,ごはん,御飯,,1
03328-1.opus,1593390,こひつじ,子羊,,
03329-1.opus,1877290,こぶた,子豚,,0
03331-1.opus,1265000,こべつ,個別,に,0
03332-1.opus,1271470,ごほう,誤報,,0
03333-1.opus,1295530,こまかい,細かい,,3
03334-1.opus,1877340,こまごました,細々した,,
03335-1.opus,1289590,こまる,困る,,2
03336-1.opus,2849867,こむ,混む,,1
03337-1.opus,1593410,こむ,込む,,1
03339-1.opus,1348630,こむぎ,小麦,,
03341-1.opus,1348650,こむぎこ,小麦粉,,
03342-1.opus,1508750,こめ,米,,2
03343-1.opus,1723760,こめぐら,米蔵,,0
03344-1.opus,1509020,こめだわら,米俵,,3
03345-1.opus,1509050,こめつぶ,米粒,,3
03346-1.opus,1508800,こめや,米屋,,2
03347-1.opus,1288790,こめる,込める,,2
03348-1.opus,1270680,ごめんなさい,御免なさい,,
03349-1.opus,1307950,こもりうた,子守歌,,3
03350-1.opus,1484270,こやし,肥やし,,3
03351-1.opus,1593450,こやす,肥やす,,2
03352-1.opus,1266730,こゆう,固有,,0
03353-1.opus,1267860,こよう,雇用,する,0
03354-1.opus,2217040,ごらんになる,ご覧になる,,
03355-1.opus,1878090,ごりやく,御利益,,2
03356-1.opus,1878110,ごりょうしん,御両親,,
03357-1.opus,1579080,ころ,頃,,1
03358-1.opus,1440980,ころがす,転がす,,0
03359-1.opus,1441000,ころがる,転がる,,0
03360-1.opus,1271250,ごろく,語録,,
03361-1.opus,1299030,ころす,殺す,,0
03362-1.opus,1582130,ころぶ,転ぶ,,0
03363-1.opus,1158710,ころも,衣,,0
03364-1.opus,1593470,ころもがえ,衣替え,,0
03365-1.opus,1593480,こわい,怖い,,2
03366-1.opus,1380500,こわいろ,声色,,0
03367-1.opus,1496930,こわがる,怖がる,,3
03368-1.opus,1199890,こわす,壊す,,2
03369-1.opus,1877550,こわれやすい,壊れ易い,,
03370-1.opus,1199900,こわれる,壊れる,,3
03372-1.opus,1289070,こんかい,今回,,1
03373-1.opus,1290100,こんかん,根幹,,0
03374-1.opus,1290110,こんき,根気,,0
03375-1.opus,1290120,こんきょ,根拠,,1
03376-1.opus,1241000,ごんぎょう,勤行,,
03377-1.opus,1258110,ごんげ,権化,,1
03378-1.opus,1289100,こんげつ,今月,,0
03379-1.opus,1289100,こんげつ,今月,,0
03380-1.opus,1290160,こんげん,根源,,
03381-1.opus,1289140,こんご,今後,,
03382-1.opus,1290360,こんごう,混合,する,0
03383-1.opus,1290390,こんざつ,混雑,する,1
03385-1.opus,1578120,こんじき,金色,,0
03385-2.opus,1578120,きんいろ,金色,,0
03386-1.opus,5297761,こんじゃくものがたり,今昔物語,,
03387-1.opus,1289220,こんしゅう,今週,,0
03388-1.opus,1289220,こんしゅう,今週,,0
03389-1.opus,1290210,こんじょう,根性,,1
03390-1.opus,1290210,こんじょう,根性,,1
03391-1.opus,1290450,こんせいがっしょう,混声合唱,,5
03392-1.opus,1289980,こんちゅう,昆虫,,0
03393-1.opus,1290260,こんてい,根底,,0
03395-1.opus,1289370,こんど,今度,,1
03396-1.opus,1290480,こんどう,混同,する,0
03397-1.opus,1289620,こんなん,困難,,1
03398-1.opus,1289620,こんなん,困難,な,1
03399-1.opus,1290510,こんにゅう,混入,する,0
03401-1.opus,1289470,こんばん,今晩,,1
03402-1.opus,1290300,こんぽう,梱包,する,0
03403-1.opus,1290290,こんぽんてき,根本的,な,0
03404-1.opus,1290540,こんめい,混迷,する,0
03405-1.opus,1289520,こんや,今夜,,1
03406-1.opus,1289710,こんやく,婚約,する,0
03407-1.opus,1289710,こんやく,婚約,する,0
03408-1.opus,1290550,こんよく,混浴,,0
03409-1.opus,1290560,こんらん,混乱,する,0
03410-1.opus,1290560,こんらん,混乱,する,0
03411-1.opus,1257550,こんりゅう,建立,する,0
03412-1.opus,1257550,こんりゅう,建立,する,0
03413-1.opus,1289730,こんれい,婚礼,,0
03414-1.opus,1289630,こんわく,困惑,する,0
03415-1.opus,1291070,さ,差,,0
03416-1.opus,1296770,ざい,財,,1
03417-1.opus,1293720,さいあく,最悪,,0
03418-1.opus,1296690,ざいあく,罪悪,,1
03419-1.opus,1296700,ざいあくかん,罪悪感,,
03420-1.opus,1295850,さいえん,菜園,,0
03421-1.opus,1295100,さいがい,災害,,0
03422-1.opus,1295100,さいがい,災害,,0
03423-1.opus,1296790,ざいかい,財界,,0
03424-1.opus,1292390,さいかい,再会,する,0
03425-1.opus,1292390,さいかい,再会,する,0
03427-1.opus,1292400,さいかい,再開,する,0
03428-1.opus,1296440,ざいがく,在学,する,0
03429-1.opus,1293780,さいきん,最近,,0
03431-1.opus,1295590,さいきん,細菌,,0
03432-1.opus,1295610,さいく,細工,する,
03433-1.opus,1294750,さいくつ,採掘,する,
03434-1.opus,1294750,さいくつ,採掘,する,
03435-1.opus,1294950,さいげつ,歳月,,1
03436-1.opus,1294760,さいけつ,採決,する,
03437-1.opus,1294770,さいけつ,採血,する,
03438-1.opus,1292070,さいけん,債券,,
03439-1.opus,1296810,ざいげん,財源,,
03440-1.opus,1296810,ざいげん,財源,,
03441-1.opus,1292590,さいけん,再建,する,0
03442-1.opus,1292640,さいげん,再現,する,
03443-1.opus,1292640,さいげん,再現,する,
03445-1.opus,1293810,さいご,最後,,1
03447-1.opus,1296470,ざいこ,在庫,,0
03448-1.opus,1293850,さいこう,最高,,0
03449-1.opus,1293850,さいこう,最高,,0
03450-1.opus,1741360,さいこう,採鉱,する,0
03452-1.opus,1292750,さいこん,再婚,する,0
03453-1.opus,1294780,さいさん,採算,,0
03454-1.opus,1294780,さいさん,採算,,0
03456-1.opus,1296820,ざいさん,財産,,
03457-1.opus,1294340,さいし,妻子,,1
03458-1.opus,1295310,さいじつ,祭日,,0
03459-1.opus,1296650,ざいしつ,材質,,0
03460-1.opus,1293940,さいしゅう,最終,,0
03461-1.opus,1293950,さいしゅうかい,最終回,,3
03462-1.opus,1294810,さいしゅう,採集,する,0
03464-1.opus,1294800,さいしゅ,採取,する,
03465-1.opus,1294960,さいしゅつ,歳出,,0
03466-1.opus,1293990,さいしょ,最初,,0
03467-1.opus,1293990,さいしょ,最初,,0
03468-1.opus,1294000,さいしょう,最小,,0
03470-1.opus,1296740,ざいじょう,罪状,,
03471-1.opus,1294020,さいしょうげん,最小限,,3
03472-1.opus,1741390,さいしょくしゅぎ,菜食主義,,5
03473-1.opus,1294090,さいしん,最新,,0
03474-1.opus,1294100,さいしんしき,最新式,,0
03476-1.opus,1296830,ざいせい,財政,,0
03477-1.opus,1294110,さいせいき,最盛期,,3
03478-1.opus,1292960,さいせい,再生,する,0
03479-1.opus,1296530,ざいせき,在籍,する,0
03480-1.opus,1296530,ざいせき,在籍,する,0
03481-1.opus,1573140,さいせん,賽銭,,0
03482-1.opus,1294160,さいぜん,最善,,0
03483-1.opus,1294180,さいだい,最大,,0
03484-1.opus,1609800,さいだいげん,最大限,,3
03485-1.opus,1294370,さいたいしゃ,妻帯者,,3
03486-1.opus,1296540,ざいたく,在宅,する,0
03487-1.opus,1294210,さいたん,最短,,0
03488-1.opus,1296940,ざいだん,財団,,0
03489-1.opus,1296950,ざいだんほうじん,財団法人,,5
03490-1.opus,1657760,さいちょう,最長,,0
03491-1.opus,1294220,さいてい,最低,,0
03492-1.opus,1294220,さいてい,最低,,0
03493-1.opus,1294280,さいてき,最適,な,0
03494-1.opus,1295300,さいてん,祭典,,0
03495-1.opus,1294850,さいてん,採点,する,0
03496-1.opus,1293240,さいど,再度,,1
03498-1.opus,1295110,さいなん,災難,,3
03499-1.opus,1296560,ざいにち,在日,,0
03500-1.opus,1294970,さいにゅう,歳入,,0
03501-1.opus,1296750,ざいにん,罪人,,
03502-1.opus,1293360,さいねん,再燃,する,0
03503-1.opus,1294630,さいのう,才能,,0
03504-1.opus,1294630,さいのう,才能,,0
03505-1.opus,1296120,さいばん,裁判,,1
03506-1.opus,1296120,さいばん,裁判,,1
03507-1.opus,1296130,さいばんかん,裁判官,,3
03509-1.opus,1296160,さいばんしょ,裁判所,,
03510-1.opus,1293470,さいはん,再販,する,0
03511-1.opus,1294990,さいひ,歳費,,1
03513-1.opus,1296970,さいふ,財布,,0
03514-1.opus,1295710,さいぶ,細部,,1
03515-1.opus,1296200,さいほう,裁縫,,0
03516-1.opus,1295740,さいぼう,細胞,,0
03517-1.opus,1296990,ざいほう,財宝,,0
03518-1.opus,1295010,さいまつ,歳末,,0
03519-1.opus,1292240,さいみんじゅつ,催眠術,,3
03520-1.opus,1297000,ざいむ,財務,,1
03521-1.opus,1294890,さいよう,採用,する,0
03522-1.opus,1294890,さいよう,採用,する,0
03523-1.opus,1294300,さいりょう,最良,,0
03524-1.opus,1296220,さいりょう,裁量,,
03526-1.opus,1296670,ざいりょう,材料,,3
03527-1.opus,1292260,さいるいガス,催涙ガス,,5
03528-1.opus,1278380,さいわい,幸い,,0
03529-1.opus,1297110,さか,坂,,
03530-1.opus,1235950,さかい,境,,
03531-1.opus,1173860,さかえる,栄える,,
03532-1.opus,1291370,さがく,差額,,0
03533-1.opus,1291370,さがく,差額,,0
03534-1.opus,1593650,さかさま,逆さま,,0
03535-1.opus,1835300,さがしもの,捜し物,,0
03537-1.opus,1593670,さがす,探す,,0
03538-1.opus,1472630,さかずき,杯,,
03539-1.opus,1227250,さかだち,逆立ち,,0
03540-1.opus,1578010,さかな,魚,,0
03541-1.opus,1233100,さかなや,魚屋,,0
03542-1.opus,1329110,さかば,酒場,,
03543-1.opus,1297120,さかみち,坂道,,2
03544-1.opus,1656890,さかもり,酒盛り,,
03545-1.opus,1329040,さかや,酒屋,,0
03546-1.opus,1226990,さからう,逆らう,,3
03547-1.opus,1184160,さがる,下がる,,2
03548-1.opus,1379750,さかん,盛ん,な,0
03549-1.opus,1387210,さき,先,,0
03550-1.opus,1847720,さきほこる,咲き誇る,,4
03551-1.opus,1388170,さきほど,先程,,0
03552-1.opus,1297200,さきみだれる,咲き乱れる,,5
03553-1.opus,1291520,さきゅう,砂丘,,0
03555-1.opus,1297540,さぎょう,作業,する,1
03556-1.opus,1878600,さぎょうはん,作業班,,
03557-1.opus,1291530,さきん,砂金,,0
03558-1.opus,1207730,さく,割く,,1
03559-1.opus,1297210,さく,咲く,,0
03560-1.opus,1298260,さく,策,,
03561-1.opus,1298110,さくげん,削減,する,0
03562-1.opus,1298270,さくし,策士,,1
03563-1.opus,1297680,さくし,作詞,する,0
03564-1.opus,1579260,さくじつ,昨日,,2
03564-2.opus,1579260,きのう,昨日,,2
03565-1.opus,1298170,さくしゅ,搾取,する,1
03566-1.opus,1298120,さくじょ,削除,する,1
03567-1.opus,1297760,さくせい,作成,する,0
03569-1.opus,1297800,さくせん,作戦,,0
03570-1.opus,1298230,さくねん,昨年,,0
03571-1.opus,1298240,さくばん,昨晩,,2
03572-1.opus,1298240,さくばん,昨晩,,2
03573-1.opus,1297910,さくひん,作品,,0
03574-1.opus,2863052,さくや,昨夜,,2
03575-1.opus,1593710,さくら,桜,,
03576-1.opus,1298460,さくらんぼ,桜ん坊,,0
03578-1.opus,1298300,さくりゃく,策略,,
03579-1.opus,1418260,さぐる,探る,,
03580-1.opus,1329010,さけ,酒,,0
03581-1.opus,1290880,さけい,左傾,する,0
03582-1.opus,1663290,さけぐせ,酒癖,,0
03583-1.opus,1878760,さけづくり,酒造り,,3
03584-1.opus,1645170,さけのみ,酒飲み,,
03585-1.opus,1235900,さけびごえ,叫び声,,4
03586-1.opus,1235910,さけぶ,叫ぶ,,2
03587-1.opus,1583260,さける,避ける,,2
03588-1.opus,1184170,さげる,下げる,,2
03589-1.opus,1436310,さげる,提げる,,2
03590-1.opus,1299360,ざこ,雑魚,,1
03591-1.opus,1310090,ささえる,支える,,
03592-1.opus,1291430,ささつ,査察,する,0
03593-1.opus,1306390,ささる,刺さる,,2
03594-1.opus,1291290,さしあたり,差し当たり,,0
03595-1.opus,1291990,ざしき,座敷,,3
03596-1.opus,1291240,さしさわり,差し障り,,0
03597-1.opus,1593780,さしつかえ,差し支え,,0
03598-1.opus,1291180,さしつかえる,差し支える,,
03600-1.opus,1306570,さしみ,刺身,,3
03601-1.opus,1306470,さす,刺す,,1
03602-1.opus,1322170,さす,射す,,1
03603-1.opus,1291330,さす,差す,,1
03604-1.opus,1309670,さす,指す,,1
03605-1.opus,1291560,さす,砂州,,0
03606-1.opus,1330270,さずかる,授かる,,3
03607-1.opus,1330280,さずける,授ける,,3
03608-1.opus,1291880,ざせき,座席,,0
03609-1.opus,1291880,ざせき,座席,,0
03610-1.opus,1290930,させつ,左折,する,0
03611-1.opus,1291910,ざぜん,座禅,,
03612-1.opus,1435370,さだまる,定まる,,3
03613-1.opus,1435380,さだめる,定める,,3
03615-1.opus,1291920,ざだんかい,座談会,,
03616-1.opus,1278370,さち,幸,,1
03617-1.opus,1298960,さつ,札,,0
03618-1.opus,1645260,さついれ,札入れ,,
03619-1.opus,1298800,さつえい,撮影,する,0
03620-1.opus,1297510,さっか,作家,,0
03621-1.opus,1299290,ざっか,雑貨,,0
03622-1.opus,1299050,さつがい,殺害,する,0
03623-1.opus,1268220,さつきばれ,五月晴れ,,0
03625-1.opus,1297660,さっきょくか,作曲家,,0
03626-1.opus,1297660,さっきょくか,作曲家,,0
03627-1.opus,1297650,さっきょく,作曲,する,0
03628-1.opus,1297650,さっきょく,作曲,する,0
03629-1.opus,1299070,さっきん,殺菌,する,0
03630-1.opus,1299400,ざっし,雑誌,,0
03632-1.opus,1299100,さつじん,殺人,,0
03633-1.opus,1298680,さっしん,刷新,する,0
03634-1.opus,1879020,さつじんはん,殺人犯,,3
03635-1.opus,1298550,さっすう,冊数,,3
03636-1.opus,1298740,さっする,察する,,
03637-1.opus,1299450,ざつぜん,雑然,とした,0
03639-1.opus,1299460,ざっそう,雑草,,0
03640-1.opus,1400300,さっそく,早速,,0
03641-1.opus,1400300,さっそく,早速,,0
03642-1.opus,1299470,ざった,雑多,な,0
03643-1.opus,1298980,さつたば,札束,,
03644-1.opus,1298980,さつたば,札束,,
03645-1.opus,1298750,さっち,察知,する,
03646-1.opus,1299180,さっちゅうざい,殺虫剤,,
03647-1.opus,1299190,さっとう,殺到,する,0
03648-1.opus,1299190,さっとう,殺到,する,0
03649-1.opus,1299240,ざつ,雑,な,
03650-1.opus,1299510,ざっぴ,雑費,,0
03651-1.opus,1299210,さっぷうけい,殺風景,な,3
03652-1.opus,1299590,ざつよう,雑用,,0
03653-1.opus,1550760,さと,里,,0
03654-1.opus,1550780,さといも,里芋,,0
03656-1.opus,1291600,さとう,砂糖,,2
03657-1.opus,1422770,さどう,茶道,,1
03658-1.opus,1270840,さとり,悟り,,0
03659-1.opus,1270850,さとる,悟る,,
03661-1.opus,1291030,さは,左派,,1
03662-1.opus,1593800,さばく,砂漠,,0
03663-1.opus,1295940,さばく,裁く,,2
03664-1.opus,1638190,ざひょう,座標,,0
03666-1.opus,1291410,さべつ,差別,する,1
03667-1.opus,1556740,さます,冷ます,,2
03668-1.opus,1206060,さます,覚ます,,2
03669-1.opus,1210360,さむい,寒い,,2
03670-1.opus,1210410,さむけ,寒気,,3
03671-1.opus,1556750,さめる,冷める,,2
03672-1.opus,1206070,さめる,覚める,,2
03674-1.opus,1290810,さゆう,左右,する,1
03675-1.opus,1879820,ざゆうのしょ,座右の書,,
03676-1.opus,1299680,さら,皿,,0
03677-1.opus,1299690,さらあらい,皿洗い,,3
03678-1.opus,1293640,さらいげつ,再来月,,
03679-1.opus,1293650,さらいしゅう,再来週,,0
03680-1.opus,1293660,さらいねん,再来年,,0
03681-1.opus,1279310,さらに,更に,,1
03682-1.opus,1231650,さる,去る,,1
03683-1.opus,1415850,さわ,沢,,2
03684-1.opus,1403000,さわがしい,騒がしい,,4
03685-1.opus,1403040,さわぐ,騒ぐ,,2
03686-1.opus,1357980,さわる,触る,,0
03687-1.opus,1352050,さわる,障る,,0
03688-1.opus,1614820,さわんとうしゅ,左腕投手,,
03689-1.opus,1304260,さん,酸,,1
03690-1.opus,1658090,さんい,賛意,,1
03691-1.opus,1299940,さんかい,三回,,
03692-1.opus,1303500,さんかい,散会,する,0
03693-1.opus,1299970,さんかく,三角,,1
03694-1.opus,1593930,さんかくす,三角州,,
03695-1.opus,1302110,さんかしゃ,参加者,,3
03696-1.opus,1302090,さんか,参加,する,0
03697-1.opus,1302090,さんか,参加,する,0
03698-1.opus,1304290,さんか,酸化,する,0
03699-1.opus,1300250,さんがつ,三月,,1
03701-1.opus,1302210,さんぎいん,参議院,,3
03702-1.opus,1303770,さんぎょう,産業,,0
03703-1.opus,1304560,ざんぎょう,残業,,0
03704-1.opus,1300290,さんけんぶんりつ,三権分立,,0
03707-1.opus,1302300,さんこうしょ,参考書,,
03708-1.opus,1302300,さんこうしょ,参考書,,
03709-1.opus,1304600,ざんこく,残酷,な,0
03710-1.opus,1302860,さんさい,山菜,,0
03711-1.opus,1304040,さんし,蚕糸,,1
03712-1.opus,1300520,さんじ,三時,,1
03713-1.opus,1300530,さんじげん,三次元,,3
03715-1.opus,1303800,さんじせいげん,産児制限,,4
03716-1.opus,1303810,さんしゅつ,産出,する,0
03717-1.opus,1304620,ざんしょ,残暑,,1
03718-1.opus,1754280,ざんしょう,残照,,0
03719-1.opus,1302410,さんしょう,参照,する,0
03720-1.opus,1304110,さんしょく,蚕食,する,0
03722-1.opus,1303930,さんすう,算数,,3
03723-1.opus,1301070,さんせい,三世,,1
03724-1.opus,1304330,さんせい,酸性,,0
03725-1.opus,1304340,さんせいう,酸性雨,,3
03726-1.opus,1302470,さんせいけん,参政権,,3
03727-1.opus,1304200,さんせい,賛成,する,0
03729-1.opus,1609830,さんせき,山積,する,0
03730-1.opus,1662590,ざんせつ,残雪,,0
03731-1.opus,1301110,さんぜん,三千,,3
03732-1.opus,1302480,さんせん,参戦,する,0
03733-1.opus,1304350,さんそ,酸素,,1
03734-1.opus,1304350,さんそ,酸素,,1
03735-1.opus,1304590,ざんだか,残高,,
03736-1.opus,1303820,さんち,産地,,1
03737-1.opus,1303060,さんちょう,山頂,,0
03738-1.opus,1304210,さんどう,賛同,する,0
03739-1.opus,1301000,さんにん,三人,,3
03740-1.opus,1301040,さんにんぐみ,三人組,,
03741-1.opus,1304680,ざんねん,残念,な,3
03742-1.opus,1304680,ざんねん,残念,な,3
03745-1.opus,1302570,さんぱい,参拝,する,0
03746-1.opus,1303590,さんぱつ,散髪,する,0
03747-1.opus,1303590,さんぱつ,散髪,する,0
03748-1.opus,1304220,さんぴ,賛否,,1
03751-1.opus,1304240,さんび,賛美,する,1
03752-1.opus,1301490,さんびゃく,三百,,1
03753-1.opus,1303610,さんぶん,散文,,0
03755-1.opus,1303620,さんぽ,散歩,,0
03756-1.opus,1303620,さんぽ,散歩,する,0
03757-1.opus,1301640,さんぼん,三本,,1
03758-1.opus,1301680,さんまい,三枚,,
03759-1.opus,1304390,さんみ,酸味,,
03761-1.opus,1303190,さんみゃく,山脈,,0
03762-1.opus,1303640,さんらん,散乱,する,0
03763-1.opus,1303890,さんらん,産卵,する,0
03764-1.opus,1303230,さんりん,山林,,0
03766-1.opus,1956330,し,師,,1
03767-1.opus,1929950,し,詩,,0
03768-1.opus,1315130,じ,字,,1
03770-1.opus,1312420,しあい,試合,,0
03771-1.opus,1305140,しあげる,仕上げる,,3
03772-1.opus,1594060,しあわせ,幸せ,な,0
03773-1.opus,1579540,しいか,詩歌,,1
03774-1.opus,1312980,しいく,飼育,する,0
03775-1.opus,1236100,しいる,強いる,,2
03776-1.opus,1307800,しいん,子音,,0
03777-1.opus,1310740,しいん,死因,,0
03778-1.opus,1315250,じいん,寺院,,1
03779-1.opus,1308120,しえい,市営,,0
03781-1.opus,1317410,じえいたい,自衛隊,,0
03782-1.opus,1306180,しえき,使役,,
03783-1.opus,2849682,しえきけい,使役形,,
03784-1.opus,1310100,しえん,支援,する,
03785-1.opus,1576630,しお,塩,,2
03786-1.opus,1428620,しお,潮,,2
03787-1.opus,1178880,しおあじ,塩味,,
03789-1.opus,1609860,しおからい,塩辛い,,4
03790-1.opus,1305220,しおくり,仕送り,する,0
03791-1.opus,1428670,しおどき,潮時,,
03792-1.opus,1594090,しおひがり,潮干狩り,,3
03794-1.opus,1576650,しおみず,塩水,,2
03795-1.opus,1313110,しか,歯科,,
03796-1.opus,1319030,しか,鹿,,
03797-1.opus,1317460,じが,自我,,1
03798-1.opus,1313120,しかい,歯科医,,2
03799-1.opus,1313120,しかい,歯科医,,2
03800-1.opus,1312000,しかい,視界,,0
03801-1.opus,1308170,しがい,市外,,1
03802-1.opus,1316470,じかい,次回,,
03803-1.opus,1306650,しかいしゃ,司会者,,2
03804-1.opus,1305410,しかえし,仕返し,する,0
03805-1.opus,1306490,しかく,刺客,,0
03806-1.opus,1306490,しかく,刺客,,0
03807-1.opus,1307090,しかく,四角,,3
03808-1.opus,1312690,しかく,資格,,0
03809-1.opus,1312690,しかく,資格,,0
03811-1.opus,1307110,しかくけい,四角形,,
03812-1.opus,1317490,じかく,自覚,する,0
03813-1.opus,1594100,しかけ,仕掛け,,0
03814-1.opus,1317480,じがぞう,自画像,,
03815-1.opus,1594110,しかた,仕方,,0
03816-1.opus,1594110,しかた,仕方,,0
03817-1.opus,1305420,しかたがない,仕方がない,,
03818-1.opus,1307180,しがつ,四月,,3
03819-1.opus,1307430,しかん,士官,,
03820-1.opus,1315920,じかん,時間,,0
03821-1.opus,1316000,じかんぎれ,時間切れ,,0
03822-1.opus,1309080,しがん,志願,する,1
03823-1.opus,1316010,じかんたい,時間帯,,0
03824-1.opus,1309100,しがんへい,志願兵,,2
03825-1.opus,1307130,しき,四季,,
03826-1.opus,1307130,しき,四季,,
03827-1.opus,1316980,じき,磁器,,1
03828-1.opus,1316990,じき,磁気,,1
03829-1.opus,1309720,しきしゃ,指揮者,,2
03830-1.opus,1309720,しきしゃ,指揮者,,2
03831-1.opus,1319090,しきじょう,式場,,0
03832-1.opus,1309700,しき,指揮,する,
03833-1.opus,1319100,しきてん,式典,,0
03834-1.opus,1430700,じきに,直に,,0
03834-2.opus,1430690,じかに,直に,,1
03835-1.opus,1319160,しきべつ,識別,する,0
03836-1.opus,1309750,しきぼう,指揮棒,,
03837-1.opus,1307830,しきゅう,子宮,,0
03838-1.opus,1311900,しきゅう,至急,,0
03839-1.opus,1316100,じきゅう,時給,,0
03840-1.opus,1317550,じきゅうじそく,自給自足,,0
03842-1.opus,1310130,しきゅう,支給,する,0
03843-1.opus,1769910,じきゅうりょく,持久力,,2
03844-1.opus,1310800,しきょ,死去,,
03845-1.opus,1308230,しきょう,市況,,0
03846-1.opus,1656620,しぎょうしき,始業式,,2
03847-1.opus,1312310,しきょうひん,試供品,,0
03848-1.opus,1635040,じきょく,磁極,,
03849-1.opus,1310800,しきょ,死去,する,
03850-1.opus,1312700,しきん,資金,,
03851-1.opus,1594180,しくみ,仕組み,,0
03852-1.opus,1310810,しけい,死刑,,2
03854-1.opus,1594190,しげき,刺激,する,0
03855-1.opus,1312350,しけん,試験,,
03856-1.opus,1312720,しげん,資源,,1
03857-1.opus,1312720,しげん,資源,,1
03858-1.opus,1313830,じけん,事件,,1
03859-1.opus,1312370,しけんかん,試験管,,
03860-1.opus,1656630,しけんじょう,試験場,,0
03861-1.opus,1312350,しけん,試験,する,
03862-1.opus,1310830,しご,死後,,1
03863-1.opus,1313850,じこ,事故,,1
03864-1.opus,1313850,じこ,事故,,1
03865-1.opus,1317580,じこ,自己,,1
03866-1.opus,1635010,じこう,時候,,0
03867-1.opus,1316210,じこう,時効,,0
03868-1.opus,1312410,しこうさくご,試行錯誤,,4
03869-1.opus,1309110,しこう,志向,する,0
03870-1.opus,1309530,しこう,思考,する,0
03871-1.opus,1309530,しこう,思考,する,0
03872-1.opus,1307200,しこく,四国,,
03874-1.opus,1311920,しごく,至極,,
03875-1.opus,1316220,じこく,時刻,,1
03876-1.opus,1421090,じごく,地獄,,
03877-1.opus,1317630,じこけんお,自己嫌悪,,3
03878-1.opus,1317650,じこしょうかい,自己紹介,,3
03879-1.opus,1304970,しごと,仕事,,0
03881-1.opus,1316240,じさ,時差,,1
03882-1.opus,1647220,しさい,司祭,,
03883-1.opus,1311190,しざい,私財,,
03884-1.opus,1312740,しざい,資材,,1
03885-1.opus,1647330,しざい,資財,,1
03886-1.opus,1312430,しさく,試作,する,0
03887-1.opus,1312430,しさく,試作,する,0
03888-1.opus,1317130,しさ,示唆,する,1
03890-1.opus,1312040,しさつ,視察,する,0
03891-1.opus,1317770,じさつ,自殺,する,0
03892-1.opus,1312750,しさん,資産,,
03893-1.opus,1315790,じさん,持参,する,0
03894-1.opus,1315790,じさん,持参,する,0
03895-1.opus,1308880,しじ,師事,する,1
03896-1.opus,1309800,しじ,指示,する,1
03897-1.opus,1309800,しじ,指示,する,1
03898-1.opus,1310150,しじ,支持,する,1
03899-1.opus,1310150,しじ,支持,する,1
03900-1.opus,1629120,ししつ,脂質,,
03901-1.opus,1306840,しじつ,史実,,
03902-1.opus,1313960,じじつ,事実,,1
03903-1.opus,1310170,ししゃ,支社,,1
03905-1.opus,1310870,ししゃ,死者,,
03906-1.opus,1317080,じしゃく,磁石,,1
03908-1.opus,1307250,ししゃごにゅう,四捨五入,,1
03909-1.opus,1306540,ししゅう,刺繍,,0
03910-1.opus,1312190,ししゅう,詩集,,0
03911-1.opus,1312190,ししゅう,詩集,,0
03912-1.opus,1635230,じしゅう,次週,,
03913-1.opus,1619100,ししゅ,死守,する,1
03914-1.opus,1317890,じしゅ,自首,する,
03915-1.opus,1310180,ししゅつ,支出,,0
03916-1.opus,1306670,ししょ,司書,,1
03917-1.opus,1318970,じしょ,辞書,,1
03918-1.opus,1318970,じしょ,辞書,,1
03919-1.opus,1308900,ししょう,師匠,,
03920-1.opus,1310190,ししょう,支障,,0
03921-1.opus,1308305,しじょう,市場,,0
03922-1.opus,1308305,しじょう,市場,,0
03922-2.opus,1308300,いちば,市場,,1
03923-1.opus,1311950,しじょう,至上,,0
03924-1.opus,1314010,じじょう,事情,,0
03925-1.opus,1306550,ししょう,刺傷,する,0
03926-1.opus,1646590,しじょう,試乗,する,0
03927-1.opus,1318980,じしょく,辞職,する,0
03928-1.opus,1312490,ししょく,試食,する,0
03929-1.opus,1311240,ししょばこ,私書箱,,2
03930-1.opus,1309840,ししん,指針,,0
03931-1.opus,1311250,ししん,私信,,0
03932-1.opus,1312220,しじん,詩人,,0
03933-1.opus,1421210,じしん,地震,,0
03934-1.opus,1421210,じしん,地震,,0
03935-1.opus,1317970,じしん,自信,,0
03936-1.opus,1317970,じしん,自信,,0
03937-1.opus,1318000,じしん,自身,,1
03938-1.opus,1381820,しずか,静か,な,1
03939-1.opus,1437210,しずく,滴,,3
03940-1.opus,1594270,しずまる,静まる,,
03941-1.opus,1431670,しずむ,沈む,,0
03942-1.opus,1431680,しずめる,沈める,,
03943-1.opus,1594280,しずめる,静める,,
03944-1.opus,1307740,しせい,姿勢,,0
03945-1.opus,1307740,しせい,姿勢,,0
03946-1.opus,1594290,しせき,史跡,,0
03947-1.opus,1318040,じせき,自責,,0
03948-1.opus,1306030,しせつ,使節,,
03949-1.opus,1310410,しせつ,施設,,
03950-1.opus,1311290,しせつ,私設,,0
03951-1.opus,1318090,しぜん,自然,,0
03952-1.opus,1318090,しぜん,自然,な,0
03953-1.opus,1309560,しそう,思想,,0
03954-1.opus,1309560,しそう,思想,,0
03955-1.opus,1307980,しそく,子息,,
03956-1.opus,1647350,しぞく,氏族,,1
03957-1.opus,1316290,じそく,時速,,
03958-1.opus,1307990,しそん,子孫,,1
03959-1.opus,1318220,じそんしん,自尊心,,2
03960-1.opus,1184140,した,下,,
03961-1.opus,1387010,した,舌,,2
03962-1.opus,1307760,したい,姿態,,
03963-1.opus,1310920,したい,死体,,0
03964-1.opus,1595240,じたい,事態,,1
03965-1.opus,1316300,じだい,時代,,0
03966-1.opus,1316300,じだい,時代,,0
03967-1.opus,1316310,じだいげき,時代劇,,2
03969-1.opus,1318990,じたい,辞退,する,1
03971-1.opus,1316690,しだいに,次第に,,0
03972-1.opus,1387070,したうち,舌打ち,する,
03973-1.opus,1335210,したがう,従う,,
03974-1.opus,1335220,したがえる,従える,,
03975-1.opus,1318260,じたく,自宅,,0
03977-1.opus,1310260,したく,支度,する,0
03978-1.opus,1365050,したしい,親しい,,3
03979-1.opus,1437230,したたる,滴る,,
03980-1.opus,1186060,したばたらき,下働き,,3
03981-1.opus,1185940,したまち,下町,,0
03982-1.opus,1801190,しだれざくら,枝垂れ桜,,4
03983-1.opus,1317140,じだん,示談,,
03984-1.opus,1319310,しちごさん,七五三,,
03985-1.opus,2845363,しちじ,七時,,
03986-1.opus,1319520,しちめんちょう,七面鳥,,0
03987-1.opus,1320670,しちや,質屋,,2
03988-1.opus,1312500,しちゃく,試着,する,0
03989-1.opus,1308610,しちょう,市長,,
03991-1.opus,1312110,しちょうしゃ,視聴者,,2
03992-1.opus,1308600,しちょうそん,市町村,,2
03993-1.opus,1635320,じつえき,実益,,
03994-1.opus,1320690,しつぎおうとう,質疑応答,,
03995-1.opus,1320930,じっきょう,実況,,0
03996-1.opus,1319860,しつぎょう,失業,する,0
03997-1.opus,1320410,しっけ,湿気,,0
03998-1.opus,1320410,しっけ,湿気,,0
03999-1.opus,1319920,しっけい,失敬,な,3
04000-1.opus,1319950,しつげん,失言,,0
04002-1.opus,1320970,じっけん,実験,する,0
04003-1.opus,1321020,じつげん,実現,する,0
04004-1.opus,1321040,じっこう,実行,する,0
04005-1.opus,1321110,じっさい,実際,,0
04006-1.opus,1321130,じつざい,実在,する,0
04007-1.opus,1321120,じっさいに,実際に,,
04008-1.opus,1594420,しっしん,失神,する,0
04009-1.opus,1321240,じっせき,実績,,0
04010-1.opus,1319590,しっせき,叱責,する,0
04011-1.opus,1635360,じつぞう,実像,,0
04013-1.opus,1320710,しっそ,質素,な,1
04014-1.opus,1321340,じつぞんしゅぎ,実存主義,,5
04015-1.opus,1321360,じったい,実態,,0
04016-1.opus,1320470,しっち,湿地,,0
04017-1.opus,1320490,しつど,湿度,,
04018-1.opus,1320830,じつは,実は,,2
04020-1.opus,1320140,しっぱい,失敗,する,0
04021-1.opus,1319710,しっぴつ,執筆,する,0
04023-1.opus,1320510,しっぷ,湿布,,0
04025-1.opus,1320170,しつぼう,失望,する,0
04026-1.opus,1320760,しつもん,質問,する,0
04028-1.opus,1880960,しつもんぜめ,質問攻め,,
04029-1.opus,1650270,じづら,字面,,0
04031-1.opus,1321530,じつりょく,実力,,0
04032-1.opus,1321560,じつれい,実例,,0
04033-1.opus,1320230,しつれい,失礼,する,2
04034-1.opus,1320230,しつれい,失礼,する,2
04035-1.opus,1320250,しつれん,失恋,する,0
04036-1.opus,1308960,してい,師弟,,
04037-1.opus,1308960,してい,師弟,,
04038-1.opus,1309910,してい,指定,する,0
04041-1.opus,1309930,していせき,指定席,,2
04042-1.opus,1309940,してき,指摘,する,0
04043-1.opus,1311330,してき,私的,な,0
04044-1.opus,1312230,してき,詩的,な,0
04045-1.opus,1311340,してつ,私鉄,,0
04046-1.opus,1311340,してつ,私鉄,,0
04047-1.opus,1310230,してん,支店,,0
04048-1.opus,1310230,してん,支店,,0
04049-1.opus,1312130,してん,視点,,0
04050-1.opus,1314210,じてん,事典,,0
04051-1.opus,1595270,じてん,辞典,,0
04052-1.opus,1595270,じてん,辞典,,0
04054-1.opus,1318290,じてんしゃ,自転車,,
04055-1.opus,1318290,じてんしゃ,自転車,,
04056-1.opus,1306060,しと,使徒,,
04057-1.opus,1315060,じどう,児童,,1
04058-1.opus,1315060,じどう,児童,,1
04061-1.opus,1318400,じどうしゃ,自動車,,
04062-1.opus,1309950,しどう,指導,する,0
04063-1.opus,1309950,しどう,指導,する,0
04064-1.opus,2815080,じどうドア,自動ドア,,4
04065-1.opus,1318480,じどうはんばいき,自動販売機,,6
04066-1.opus,1583470,しな,品,,0
04067-1.opus,1308640,しない,市内,,1
04068-1.opus,1490640,しなぎれ,品切れ,,0
04069-1.opus,1490670,しなもの,品物,,0
04070-1.opus,1311970,しなん,至難,,
04071-1.opus,1316710,じなん,次男,,1
04072-1.opus,1767770,しにぎわ,死に際,,0
04073-1.opus,1319000,じにん,辞任,する,0
04074-1.opus,1310730,しぬ,死ぬ,,0
04075-1.opus,1307490,しのうこうしょう,士農工商,,
04076-1.opus,1321610,しば,芝,,
04077-1.opus,1579590,じば,磁場,,
04078-1.opus,1321630,しばい,芝居,,0
04079-1.opus,1310270,しはい,支配,する,
04080-1.opus,1310270,しはい,支配,する,
04081-1.opus,1421410,じはだ,地肌,,
04082-1.opus,1307610,しはつ,始発,,0
04083-1.opus,1634910,じはつせい,自発性,,0
04084-1.opus,1321650,しばふ,芝生,,0
04085-1.opus,1881230,しはらいずみ,支払い済み,,
04086-1.opus,1310300,しはらう,支払う,,3
04088-1.opus,1308990,しはん,師範,,1
04089-1.opus,1308660,しはん,市販,する,0
04090-1.opus,1315440,じひ,慈悲,,
04091-1.opus,1317310,じびか,耳鼻科,,0
04093-1.opus,1309990,しひょう,指標,,0
04094-1.opus,1319010,じひょう,辞表,,0
04095-1.opus,1318600,じふ,自負,する,1
04097-1.opus,1318610,じぶん,自分,,0
04098-1.opus,1306680,しほう,司法,,
04099-1.opus,1311820,しぼう,脂肪,,0
04100-1.opus,1309140,しぼう,志望,する,0
04101-1.opus,1310950,しぼう,死亡,する,0
04102-1.opus,1310950,しぼう,死亡,する,0
04103-1.opus,1312780,しほん,資本,,
04104-1.opus,1312800,しほんしゅぎ,資本主義,,4
04105-1.opus,1446760,しま,島,,
04106-1.opus,1594530,しまい,仕舞い,,0
04108-1.opus,1579490,しまい,姉妹,,1
04109-1.opus,1936300,しまいこう,姉妹校,,
04110-1.opus,1582260,しまぐに,島国,,2
04111-1.opus,1582260,しまぐに,島国,,2
04112-1.opus,1594540,しまじま,島々,,2
04113-1.opus,1307620,しまつ,始末,する,1
04114-1.opus,1436560,しまる,閉まる,,2
04115-1.opus,1318680,じまん,自慢,する,0
04116-1.opus,1391110,しみ,染み,,0
04117-1.opus,1378280,しみず,清水,,
04118-1.opus,1391120,しみる,染みる,,0
04120-1.opus,1308690,しみん,市民,,1
04121-1.opus,1314270,じむ,事務,,1
04122-1.opus,1306160,しめい,使命,,1
04123-1.opus,1306160,しめい,使命,,1
04124-1.opus,1311060,しめい,氏名,,1
04125-1.opus,1311060,しめい,氏名,,1
04126-1.opus,1594590,しめきり,締め切り,,0
04127-1.opus,1320370,しめす,湿す,,
04128-1.opus,1317110,しめす,示す,,
04129-1.opus,1389460,しめる,占める,,2
04130-1.opus,1320390,しめる,湿る,,
04131-1.opus,1508590,しめる,閉める,,2
04132-1.opus,1421060,じもと,地元,,
04133-1.opus,1310040,しもん,指紋,,0
04135-1.opus,1312140,しや,視野,,1
04136-1.opus,1323430,じゃあく,邪悪,な,0
04137-1.opus,1322670,しゃいん,社員,,1
04138-1.opus,1322690,しゃいんりょう,社員寮,,
04139-1.opus,1712290,しゃおんかい,謝恩会,,
04141-1.opus,1322700,しゃかい,社会,,1
04142-1.opus,1322800,しゃかいとう,社会党,,0
04143-1.opus,1646390,しゃきょう,写経,する,0
04144-1.opus,1324780,じゃくしゃ,弱者,,1
04146-1.opus,1308760,しやくしょ,市役所,,2
04147-1.opus,1324800,じゃくしん,弱震,,0
04148-1.opus,1324800,じゃくしん,弱震,,0
04149-1.opus,1324870,じゃくてん,弱点,,3
04150-1.opus,1324130,しゃくど,尺度,,1
04151-1.opus,1829360,しゃくどういろ,赤銅色,,0
04152-1.opus,1595300,じゃくねん,若年,,0
04153-1.opus,1595310,じゃくはい,若輩,,0
04154-1.opus,1595310,じゃくはい,若輩,,0
04155-1.opus,1324140,しゃくはち,尺八,,0
04156-1.opus,1324140,しゃくはち,尺八,,0
04157-1.opus,1579690,しゃくや,借家,,0
04158-1.opus,1322210,しゃげき,射撃,,0
04159-1.opus,1323120,しゃこ,車庫,,1
04160-1.opus,1323030,しゃざい,謝罪,する,0
04161-1.opus,1323030,しゃざい,謝罪,する,0
04162-1.opus,1322240,しゃさつ,射殺,する,0
04163-1.opus,1654120,しゃじ,社寺,,1
04164-1.opus,1321860,しゃじつてき,写実的,な,0
04165-1.opus,1321900,しゃしん,写真,,0
04166-1.opus,1321900,しゃしん,写真,,0
04167-1.opus,1634860,じゃしん,邪心,,0
04168-1.opus,1322120,しゃせい,写生,する,0
04169-1.opus,1322890,しゃせつ,社説,,0
04170-1.opus,1323190,しゃそう,車窓,,0
04171-1.opus,1322900,しゃたく,社宅,,0
04172-1.opus,1322920,しゃちょう,社長,,0
04173-1.opus,1322920,しゃちょう,社長,,0
04174-1.opus,1324330,じゃっかん,若干,,0
04176-1.opus,1323940,しゃっきん,借金,,3
04177-1.opus,1323490,じゃどう,邪道,な,0
04178-1.opus,1322620,しゃふつ,煮沸,する,0
04179-1.opus,1322160,しゃほん,写本,する,0
04180-1.opus,1323500,じゃま,邪魔,する,0
04181-1.opus,1323500,じゃま,邪魔,な,0
04182-1.opus,1291660,じゃり,砂利,,0
04183-1.opus,1323250,しゃりょう,車両,,0
04184-1.opus,1323280,しゃりん,車輪,,0
04185-1.opus,1323070,しゃれい,謝礼,,0
04186-1.opus,1323070,しゃれい,謝礼,,0
04187-1.opus,1594690,しゅい,首位,,1
04188-1.opus,1331840,しゅう,州,,1
04189-1.opus,1579840,じゅう,十,,1
04190-1.opus,1318720,じゆう,自由,,2
04191-1.opus,1318720,じゆう,自由,,2
04192-1.opus,1331030,しゅうい,周囲,,1
04194-1.opus,1335610,じゅうい,獣医,,1
04195-1.opus,1330500,しゅうえき,収益,,
04196-1.opus,1334530,じゅうえんだま,十円玉,,
04197-1.opus,1579920,じゅうおう,縦横,に,
04198-1.opus,1330530,しゅうかくき,収穫期,,
04199-1.opus,1330510,しゅうかく,収穫,する,0
04200-1.opus,1330510,しゅうかく,収穫,する,0
04201-1.opus,1331550,しゅうがく,就学,する,0
04202-1.opus,1330540,しゅうかくだか,収穫高,,
04203-1.opus,1333090,しゅうかん,習慣,,0
04204-1.opus,1333090,しゅうかん,習慣,,0
04205-1.opus,1333490,しゅうかんし,週刊誌,,3
04206-1.opus,1333490,しゅうかんし,週刊誌,,3
04207-1.opus,1335660,じゅうかん,縦貫,する,0
04208-1.opus,1331090,しゅうき,周期,,1
04210-1.opus,1333260,しゅうぎいん,衆議院,,3
04211-1.opus,1609930,しゅうきゅう,週休,,0
04212-1.opus,2841455,じゅうきょ,住居,,1
04213-1.opus,1331400,しゅうきょう,宗教,,1
04214-1.opus,1331400,しゅうきょう,宗教,,1
04215-1.opus,1335250,じゅうぎょういん,従業員,,3
04217-1.opus,1331610,しゅうぎょうじかん,就業時間,,5
04218-1.opus,2719740,じゅうくにち,十九日,,
04219-1.opus,1335260,じゅうぐん,従軍,する,0
04220-1.opus,1699630,しゅうこう,舟航,,0
04221-1.opus,1331650,しゅうこう,就航,する,0
04222-1.opus,1333680,しゅうごう,集合,する,0
04223-1.opus,1332020,しゅうし,修士,,1
04224-1.opus,1330640,しゅうし,収支,,1
04225-1.opus,1330640,しゅうし,収支,,1
04226-1.opus,1333110,しゅうじ,習字,,0
04227-1.opus,1318770,じゆうじざい,自由自在,に,2
04228-1.opus,1336260,じゅうし,重視,する,
04229-1.opus,1336260,じゅうし,重視,する,
04230-1.opus,1335320,じゅうじ,従事,する,1
04231-1.opus,1579880,じゅうしち,十七,,
04231-2.opus,1579880,じゅうなな,十七,,
04232-1.opus,1334340,じゅうじつ,充実,する,0
04233-1.opus,1332850,しゅうしふ,終止符,,3
04234-1.opus,1330660,しゅうしゅう,収拾,する,0
04235-1.opus,1330660,しゅうしゅう,収拾,する,0
04236-1.opus,1594720,しゅうしゅう,収集,する,0
04237-1.opus,1330670,しゅうしゅく,収縮,する,0
04239-1.opus,1595350,じゅうじゅん,従順,な,0
04241-1.opus,1334080,じゅうしょ,住所,,1
04242-1.opus,1579960,じゅうしょう,重傷,,0
04244-1.opus,1331670,しゅうしょく,就職,する,0
04245-1.opus,1331730,しゅうしょくなん,就職難,,4
04246-1.opus,1336370,じゅうしん,重臣,,0
04247-1.opus,1332890,しゅうしんこようせい,終身雇用制,,
04248-1.opus,2762220,しゅうしんじかん,就寝時間,,
04249-1.opus,1332130,しゅうせい,修正,する,0
04250-1.opus,1332130,しゅうせい,修正,する,0
04251-1.opus,1318790,じゆうせき,自由席,,2
04252-1.opus,1336440,じゅうせき,重責,,0
04253-1.opus,1332900,しゅうせん,終戦,,0
04254-1.opus,1335340,じゅうぞく,従属,する,0
04256-1.opus,1595360,じゅうたい,重態,,0
04257-1.opus,1595380,じゅうだい,１０代,,1
04258-1.opus,1334150,じゅうたく,住宅,,0
04259-1.opus,1334160,じゅうたくがい,住宅街,,4
04260-1.opus,1334170,じゅうたくち,住宅地,,
04261-1.opus,1333730,しゅうだん,集団,,0
04263-1.opus,1337080,じゅうだん,銃弾,,0
04264-1.opus,1335710,じゅうだん,縦断,する,0
04265-1.opus,1570640,しゅうちしん,羞恥心,,3
04266-1.opus,1333750,しゅうちゅう,集中,する,0
04267-1.opus,1332950,しゅうてん,終点,,0
04269-1.opus,1332960,しゅうでん,終電,,0
04270-1.opus,1334390,じゅうでん,充電,する,0
04271-1.opus,1653490,しゅうと,州都,,1
04272-1.opus,1335440,じゅうどう,柔道,,1
04273-1.opus,1331230,しゅうとう,周到,な,0
04274-1.opus,1332580,しゅうとく,拾得,する,0
04275-1.opus,1594750,しゅうとく,習得,する,0
04278-1.opus,1335480,じゅうなん,柔軟,な,0
04279-1.opus,1330790,しゅうにゅう,収入,,0
04281-1.opus,1331780,しゅうにん,就任,する,0
04283-1.opus,1334840,じゅうにんといろ,十人十色,,
04284-1.opus,1952370,じゅうねん,十年,,1
04285-1.opus,1330830,しゅうのう,収納,する,0
04286-1.opus,1331490,しゅうは,宗派,,1
04287-1.opus,1331490,しゅうは,宗派,,1
04288-1.opus,1331260,しゅうはすう,周波数,,3
04290-1.opus,1336680,じゅうはん,重版,,0
04291-1.opus,1332730,しゅうぶん,秋分,,0
04292-1.opus,1335080,じゅうぶん,充分,な,3
04293-1.opus,1335080,じゅうぶん,十分,な,3
04294-1.opus,1335080,じゅうぶん,十分,に,3
04295-1.opus,1331300,しゅうへん,周辺,,0
04296-1.opus,1331300,しゅうへん,周辺,,0
04297-1.opus,1335380,じゅうぼく,従僕,,0
04298-1.opus,1333520,しゅうまつ,週末,,0
04299-1.opus,1333520,しゅうまつ,週末,,0
04301-1.opus,1334440,じゅうまん,充満,する,0
04302-1.opus,1334210,じゅうみん,住民,,
04303-1.opus,1334210,じゅうみん,住民,,
04304-1.opus,1334240,じゅうみんひょう,住民票,,0
04305-1.opus,1331360,しゅうゆうけん,周遊券,,3
04306-1.opus,1330880,しゅうよう,収容,する,0
04307-1.opus,1336820,じゅうよう,重要,な,0
04308-1.opus,1336820,じゅうよう,重要,な,0
04309-1.opus,1335400,じゅうらい,従来,,1
04310-1.opus,1332400,しゅうり,修理,する,1
04311-1.opus,1332400,しゅうり,修理,する,1
04312-1.opus,2843854,しゅうりつ,州立,,
04313-1.opus,1336900,じゅうりょう,重量,,3
04314-1.opus,1332450,しゅうりょう,修了,する,0
04316-1.opus,1333040,しゅうりょう,終了,する,0
04317-1.opus,1331830,しゅうろう,就労,する,0
04318-1.opus,1330980,しゅうろく,収録,する,0
04319-1.opus,1327130,しゅえい,守衛,,0
04320-1.opus,1327130,しゅえい,守衛,,0
04322-1.opus,1628370,じゅかい,樹海,,0
04323-1.opus,1325140,しゅかん,主幹,,0
04324-1.opus,1325210,しゅかんてき,主観的,な,0
04325-1.opus,1325260,しゅぎ,主義,,1
04326-1.opus,1330290,じゅぎょう,授業,,1
04327-1.opus,1330290,じゅぎょう,授業,,1
04328-1.opus,2650010,しゅぎょう,修行,する,0
04329-1.opus,1885500,じゅぎょうちゅう,授業中,,
04330-1.opus,1885500,じゅぎょうちゅう,授業中,,
04332-1.opus,1330310,じゅぎょうりょう,授業料,,2
04333-1.opus,1330310,じゅぎょうりょう,授業料,,2
04334-1.opus,1771020,しゅくがかい,祝賀会,,3
04335-1.opus,1771020,しゅくがかい,祝賀会,,3
04336-1.opus,1337830,じゅくご,熟語,,0
04337-1.opus,1337600,しゅくさつ,縮刷,する,0
04338-1.opus,1337460,しゅくじ,祝辞,,0
04339-1.opus,1337500,しゅくじつ,祝日,,0
04340-1.opus,1337620,しゅくしゃく,縮尺,,0
04341-1.opus,1337620,しゅくしゃく,縮尺,,0
04342-1.opus,1337630,しゅくしょう,縮小,する,0
04343-1.opus,1337800,じゅくす,熟す,,2
04344-1.opus,1337870,じゅくせい,熟成,する,0
04345-1.opus,1337270,しゅくだい,宿題,,0
04347-1.opus,1337510,しゅくはい,祝杯,,0
04348-1.opus,1337300,しゅくはく,宿泊,する,0
04349-1.opus,1337300,しゅくはく,宿泊,する,0
04350-1.opus,1337520,しゅくふく,祝福,する,0
04351-1.opus,1337520,しゅくふく,祝福,する,0
04353-1.opus,1337930,じゅくれん,熟練,する,0
04354-1.opus,1327540,しゅげい,手芸,,
04355-1.opus,1329740,じゅけん,受験,する,0
04357-1.opus,1328970,しゅこう,趣向,,0
04358-1.opus,1329760,じゅこう,受講,する,0
04360-1.opus,1327020,しゅざい,取材,する,0
04361-1.opus,1327020,しゅざい,取材,する,0
04362-1.opus,1882030,しゅざいはん,取材班,,2
04363-1.opus,1885540,じゅさんみ,従三位,,
04364-1.opus,1328830,しゅし,種子,,1
04365-1.opus,1328990,しゅし,趣旨,,1
04366-1.opus,1330370,じゅし,樹脂,,1
04367-1.opus,1327050,しゅしゃせんたく,取捨選択,,1
04368-1.opus,1327790,しゅじゅつ,手術,,1
04369-1.opus,1329300,しゅしょう,首相,,0
04370-1.opus,1329300,しゅしょう,首相,,0
04371-1.opus,1329790,じゅしょう,受賞,する,0
04372-1.opus,1329790,じゅしょう,受賞,する,0
04373-1.opus,1330340,じゅしょう,授賞,する,0
04374-1.opus,1579780,しゅじん,主人,,1
04375-1.opus,1325680,しゅじんこう,主人公,,2
04377-1.opus,1329810,じゅしん,受信,する,0
04378-1.opus,1635910,じゅせい,受精,する,0
04379-1.opus,1325740,しゅせき,首席,,0
04380-1.opus,1327170,しゅせんど,守銭奴,,2
04381-1.opus,1329140,しゅぞう,酒造,,0
04382-1.opus,1325870,しゅだい,主題,,0
04383-1.opus,1325860,しゅたいてき,主体的,な,0
04384-1.opus,1328110,しゅだん,手段,,1
04385-1.opus,1325910,しゅちょう,主張,する,0
04386-1.opus,1325910,しゅちょう,主張,する,0
04387-1.opus,1338290,しゅつえん,出演,する,0
04388-1.opus,1340830,じゅっかい,述懐,する,0
04390-1.opus,1338350,しゅっか,出荷,する,0
04391-1.opus,1338740,しゅっけつ,出欠,,0
04392-1.opus,1338750,しゅっけつ,出血,する,0
04393-1.opus,1338820,しゅつげん,出現,する,0
04394-1.opus,1340800,じゅつご,術語,,0
04395-1.opus,1340840,じゅつご,述語,,0
04397-1.opus,1339010,しゅっさん,出産,する,0
04398-1.opus,1339080,しゅっし,出資,する,0
04399-1.opus,1339220,しゅつじょう,出場,する,0
04400-1.opus,1339260,しゅっしん,出身,,0
04402-1.opus,1339390,しゅっせい,出征,する,0
04403-1.opus,1663650,しゅっせいとどけ,出生届け,,
04404-1.opus,1339460,しゅっせき,出席,する,0
04405-1.opus,1339460,しゅっせき,出席,する,0
04406-1.opus,1339340,しゅっせ,出世,する,0
04407-1.opus,1339620,しゅつだい,出題,する,0
04408-1.opus,1339660,しゅっちょう,出張,する,0
04409-1.opus,1339980,しゅつば,出馬,する,0
04411-1.opus,1340000,しゅっぱつ,出発,する,0
04414-1.opus,1594870,しゅっぱんしゃ,出版社,,3
04415-1.opus,1340030,しゅっぱん,出版,する,0
04416-1.opus,1340180,しゅっぴ,出費,,0
04419-1.opus,1335070,じゅっぷん,十分,,
04422-1.opus,1335130,じゅっぽん,十本,,
04423-1.opus,1580010,しゅつりょう,出漁,する,0
04424-1.opus,1329340,しゅと,首都,,
04426-1.opus,1325990,しゅどうけん,主導権,,2
04427-1.opus,1330010,じゅどうてき,受動的,な,0
04428-1.opus,1327070,しゅとく,取得,する,0
04429-1.opus,1326040,しゅにん,主任,,0
04430-1.opus,1329360,しゅのう,首脳,,0
04431-1.opus,1329360,しゅのう,首脳,,0
04432-1.opus,1327180,しゅび,守備,,1
04433-1.opus,1330380,じゅひ,樹皮,,1
04434-1.opus,1330380,じゅひ,樹皮,,1
04435-1.opus,1330390,じゅひょう,樹氷,,0
04436-1.opus,1330390,じゅひょう,樹氷,,0
04437-1.opus,1326160,しゅふ,主婦,,1
04439-1.opus,1329410,しゅふ,首府,,1
04440-1.opus,1329000,しゅみ,趣味,,1
04441-1.opus,1329000,しゅみ,趣味,,1
04442-1.opus,1330240,じゅみょう,寿命,,0
04443-1.opus,1330400,じゅもく,樹木,,1
04444-1.opus,1330450,じゅよう,需要,,0
04445-1.opus,1330050,じゅよう,受容,する,0
04446-1.opus,1326320,しゅよう,主要,な,0
04447-1.opus,1330360,じゅよ,授与,する,1
04449-1.opus,1330410,じゅりつ,樹立,する,0
04450-1.opus,1326410,しゅりゅう,主流,,0
04451-1.opus,1328890,しゅるい,種類,,1
04452-1.opus,1330420,じゅれい,樹齢,,0
04453-1.opus,1328440,しゅわ,手話,,1
04454-1.opus,1328450,しゅわん,手腕,,
04455-1.opus,1342220,じゅん,順,,0
04456-1.opus,1342260,じゅんい,順位,,1
04457-1.opus,1342260,じゅんい,順位,,1
04458-1.opus,1341860,じゅんえき,純益,,
04459-1.opus,1341530,じゅんかいいん,準会員,,
04460-1.opus,1341870,じゅんか,純化,する,
04461-1.opus,1341830,じゅんかつゆ,潤滑油,,
04462-1.opus,1341880,じゅんきん,純金,,0
04463-1.opus,1341580,じゅんけっしょう,準決勝,,3
04464-1.opus,1341890,じゅんけつ,純潔,な,0
04466-1.opus,1342110,じゅんさ,巡査,,
04467-1.opus,1341460,じゅんし,殉死,する,0
04469-1.opus,1342340,じゅんじょ,順序,,1
04470-1.opus,1341920,じゅんしん,純真,な,0
04471-1.opus,1341930,じゅんすい,純粋,な,0
04472-1.opus,1342380,じゅんちょう,順調,な,0
04473-1.opus,1342380,じゅんちょう,順調,な,0
04474-1.opus,1342280,じゅんのう,順応,する,0
04475-1.opus,1342390,じゅんばん,順番,,0
04476-1.opus,1341670,じゅんび,準備,,1
04477-1.opus,1938210,じゅんびうんどう,準備運動,,
04479-1.opus,1341670,じゅんび,準備,する,1
04480-1.opus,1342400,じゅんぷうまんぱん,順風満帆,,0
04481-1.opus,1342000,じゅんぶんがく,純文学,,3
04482-1.opus,1341170,しゅんぶんのひ,春分の日,,6
04483-1.opus,1595430,じゅんぼく,純朴,な,0
04484-1.opus,1342020,じゅんもう,純毛,,0
04485-1.opus,1609940,じゅんろ,順路,,1
04486-1.opus,1653890,しょいん,署員,,1
04487-1.opus,1351270,しょう,章,,1
04488-1.opus,1356210,じょう,情,,0
04489-1.opus,1352650,じょうえい,上映,する,0
04490-1.opus,1351060,しょうエネ,省エネ,,0
04491-1.opus,1352670,じょうえん,上演,する,0
04492-1.opus,1352060,しょうがい,障害,,0
04493-1.opus,2146730,しょうがいじけん,傷害事件,,
04494-1.opus,1938570,しょうがいしゃ,障害者,,3
04496-1.opus,1660220,しょうかいじょう,紹介状,,
04497-1.opus,1350910,しょうかい,照会,する,0
04498-1.opus,1351430,しょうかい,紹介,する,0
04500-1.opus,1350430,しょうがいぶ,渉外部,,3
04501-1.opus,1660230,しょうかき,消化器,,3
04502-1.opus,1350170,しょうかき,消火器,,3
04503-1.opus,1348960,しょうがく,少額,,0
04506-1.opus,1347530,しょうがくきん,奨学金,,0
04507-1.opus,1349740,しょうかく,昇格,する,0
04508-1.opus,1347540,しょうがくせい,奨学生,,
04509-1.opus,1350140,しょうか,消化,する,0
04510-1.opus,1350140,しょうか,消化,する,0
04511-1.opus,1350160,しょうか,消火,する,0
04512-1.opus,1377030,しょうがつ,正月,,
04513-1.opus,1347870,しょうがっこう,小学校,,3
04514-1.opus,1347870,しょうがっこう,小学校,,3
04515-1.opus,1355730,じょうかまち,城下町,,3
04516-1.opus,1346490,しょうかん,召還,する,0
04517-1.opus,1580850,しょうき,正気,,
04518-1.opus,1356930,じょうき,蒸気,,1
04519-1.opus,1435520,じょうぎ,定規,,1
04521-1.opus,1580490,じょうきゃく,乗客,,0
04522-1.opus,1350660,しょうきゃく,焼却,する,0
04523-1.opus,1352930,じょうきゅう,上級,,0
04524-1.opus,1349750,しょうきゅう,昇級,する,0
04525-1.opus,1349760,しょうきゅう,昇給,する,0
04526-1.opus,1346740,しょうぎょう,商業,,1
04528-1.opus,1356700,じょうきょう,状況,,0
04529-1.opus,1352980,じょうきょう,上京,する,0
04530-1.opus,1350220,しょうきょくてき,消極的,な,0
04531-1.opus,1350220,しょうきょくてき,消極的,な,0
04532-1.opus,1351930,しょうきん,賞金,,0
04533-1.opus,1347680,しょうぐん,将軍,,0
04534-1.opus,1351890,しょうけいもじ,象形文字,,5
04535-1.opus,1352710,じょうげ,上下,する,1
04536-1.opus,1352710,じょうげ,上下,する,1
04537-1.opus,1377040,しょうけん,正絹,,0
04538-1.opus,1351610,しょうけん,証券,,
04539-1.opus,1351610,しょうけん,証券,,
04540-1.opus,1351640,しょうげん,証言,,
04542-1.opus,1356510,じょうけん,条件,,3
04543-1.opus,1351640,しょうげん,証言,する,
04544-1.opus,1351600,しょうこ,証拠,,0
04545-1.opus,1377080,しょうご,正午,,1
04546-1.opus,1348080,しょうこう,小康,,0
04547-1.opus,1356550,じょうこう,条項,,0
04548-1.opus,1938650,じょうこうきゃく,乗降客,,3
04549-1.opus,1654600,しょうこうぐち,昇降口,,3
04551-1.opus,1350920,しょうごう,照合,する,0
04552-1.opus,1351760,しょうさい,詳細,,0
04553-1.opus,1615100,じょうさい,城塞,,0
04554-1.opus,1351760,しょうさい,詳細,な,0
04555-1.opus,1594920,しょうさん,賞賛,する,0
04556-1.opus,1594920,しょうさん,賞賛,する,0
04557-1.opus,1352090,しょうじ,障子,,0
04558-1.opus,1353260,じょうし,上司,,1
04560-1.opus,1356000,じょうしき,常識,,0
04561-1.opus,1377590,しょうじき,正直,な,
04562-1.opus,1648530,しょうし,焼死,する,0
04563-1.opus,1346180,しょうしゃ,勝者,,1
04564-1.opus,1355290,じょうしゃけん,乗車券,,3
04565-1.opus,1355270,じょうしゃ,乗車,する,0
04566-1.opus,1355750,じょうしゅ,城主,,1
04567-1.opus,1346500,しょうしゅう,召集,する,0
04568-1.opus,1375720,じょうじゅ,成就,する,1
04569-1.opus,1375720,じょうじゅ,成就,する,1
04570-1.opus,1351780,しょうじゅつ,詳述,する,0
04571-1.opus,1353400,じょうじゅつ,上述,する,0
04572-1.opus,1351650,しょうしょ,証書,,0
04573-1.opus,1594930,しょうしょう,少々,,1
04574-1.opus,1594930,しょうしょう,少々,,1
04575-1.opus,1378270,しょうじょう,清浄,,
04576-1.opus,1351030,しょうじょう,症状,,3
04578-1.opus,1351940,しょうじょう,賞状,,
04579-1.opus,1353450,じょうしょう,上昇,する,0
04580-1.opus,1354650,じょうじる,乗じる,,
04581-1.opus,1349780,しょうしん,昇進,する,0
04582-1.opus,1349780,しょうしん,昇進,する,0
04583-1.opus,1380040,しょうじん,精進,する,1
04584-1.opus,1353320,じょうず,上手,,3
04585-1.opus,1349070,しょうすう,少数,,3
04586-1.opus,1349070,しょうすう,少数,,3
04587-1.opus,1353320,じょうず,上手,な,3
04588-1.opus,1306200,しよう,使用,する,0
04589-1.opus,1356320,じょうせい,情勢,,0
04590-1.opus,1348430,しょうせつ,小説,,0
04591-1.opus,1348430,しょうせつ,小説,,0
04592-1.opus,1660450,しょうせつ,章節,,0
04593-1.opus,1348440,しょうせつか,小説家,,0
04594-1.opus,1574520,じょうぜつ,饒舌,な,0
04595-1.opus,1351460,しょうぞう,肖像,,0
04596-1.opus,1353710,じょうそう,上層,,0
04597-1.opus,5436522,しょうそういん,正倉院,,3
04598-1.opus,2845065,しょうそうかん,焦燥感,,3
04599-1.opus,2845065,しょうそうかん,焦燥感,,3
04600-1.opus,1350250,しょうそく,消息,,0
04601-1.opus,1402350,しょうぞく,装束,,1
04602-1.opus,1350260,しょうそくすじ,消息筋,,
04604-1.opus,1356730,じょうたい,状態,,0
04605-1.opus,1349630,しょうたいじょう,招待状,,
04606-1.opus,1349630,しょうたいじょう,招待状,,
04607-1.opus,1349610,しょうたい,招待,する,1
04609-1.opus,1349470,しょうだく,承諾,する,0
04610-1.opus,1347170,しょうだん,商談,,0
04611-1.opus,1355540,じょうだん,冗談,,3
04613-1.opus,1349920,しょうちくばい,松竹梅,,
04614-1.opus,1349480,しょうち,承知,する,0
04615-1.opus,1349480,しょうち,承知,する,0
04616-1.opus,1580510,じょうちょ,情緒,,1
04617-1.opus,1660120,しょうちょう,小腸,,1
04618-1.opus,1351100,しょうちょう,省庁,,1
04619-1.opus,1351900,しょうちょう,象徴,する,0
04620-1.opus,1355580,じょうちょう,冗長,な,0
04621-1.opus,1347180,しょうてん,商店,,1
04623-1.opus,1350810,しょうてん,焦点,,1
04624-1.opus,1350810,しょうてん,焦点,,1
04625-1.opus,1347190,しょうてんがい,商店街,,3
04626-1.opus,1349790,しょうてん,昇天,する,0
04627-1.opus,1656670,しょうど,焦土,,1
04628-1.opus,1594990,しょうとう,消灯,,0
04629-1.opus,1354030,じょうとう,上等,な,0
04630-1.opus,1882880,しょうどくえき,消毒液,,
04631-1.opus,1350270,しょうどく,消毒,する,0
04633-1.opus,1750970,じょうどしゅう,浄土宗,,3
04634-1.opus,1351560,しょうとつ,衝突,する,0
04635-1.opus,1348200,しょうにか,小児科,,0
04636-1.opus,1348200,しょうにか,小児科,,0
04637-1.opus,1353540,しょうにん,上人,,1
04638-1.opus,1580270,しょうにん,商人,,1
04639-1.opus,1351660,しょうにん,証人,,0
04640-1.opus,1349520,しょうにん,承認,する,0
04642-1.opus,1356330,じょうねつ,情熱,,0
04643-1.opus,1349170,しょうねん,少年,,0
04644-1.opus,1348600,しょうのう,小脳,,
04645-1.opus,1355390,じょうば,乗馬,,0
04646-1.opus,1346220,しょうはい,勝敗,,0
04647-1.opus,1346220,しょうはい,勝敗,,0
04648-1.opus,1347200,しょうばい,商売,,1
04649-1.opus,1347260,しょうばいがたき,商売敵,,5
04650-1.opus,1347200,しょうばい,商売,する,1
04651-1.opus,1355390,じょうば,乗馬,する,0
04652-1.opus,1356960,じょうはつ,蒸発,する,0
04653-1.opus,1350300,しょうひしゃ,消費者,,3
04654-1.opus,1350290,しょうひ,消費,する,
04655-1.opus,1347290,しょうひょう,商標,,0
04656-1.opus,1350330,しょうひりょう,消費量,,3
04657-1.opus,1347310,しょうひん,商品,,1
04658-1.opus,1347310,しょうひん,商品,,1
04659-1.opus,1351960,しょうひん,賞品,,0
04660-1.opus,1354230,じょうひん,上品,な,3
04661-1.opus,1595000,しょうふ,娼婦,,1
04662-1.opus,1346230,しょうぶ,勝負,する,1
04663-1.opus,1346230,しょうぶ,勝負,する,1
04664-1.opus,1375850,じょうぶつ,成仏,する,1
04665-1.opus,1352110,しょうへき,障壁,,0
04666-1.opus,1355770,じょうへき,城壁,,0
04667-1.opus,1580280,しょうべん,小便,,3
04669-1.opus,1356370,じょうほう,情報,,0
04670-1.opus,1350360,しょうぼうしゃ,消防車,,3
04671-1.opus,1350360,しょうぼうしゃ,消防車,,3
04672-1.opus,1350370,しょうぼうしょ,消防署,,
04673-1.opus,1310590,しようまっせつ,枝葉末節,,
04676-1.opus,1381980,じょうみゃく,静脈,,
04677-1.opus,1350990,しょうめい,照明,,0
04678-1.opus,1351700,しょうめいしょ,証明書,,
04679-1.opus,1351680,しょうめい,証明,する,0
04680-1.opus,1351680,しょうめい,証明,する,0
04681-1.opus,1356580,じょうやく,条約,,0
04682-1.opus,1595020,しょうゆ,醤油,,0
04683-1.opus,1351990,しょうよ,賞与,,1
04684-1.opus,1356150,じょうようかんじ,常用漢字,,5
04685-1.opus,1355460,じょうようしゃ,乗用車,,3
04686-1.opus,1347710,しょうらい,将来,,
04688-1.opus,1346240,しょうり,勝利,,1
04689-1.opus,1354480,じょうりく,上陸,する,0
04690-1.opus,1346240,しょうり,勝利,する,1
04691-1.opus,1351120,しょうりゃく,省略,する,0
04693-1.opus,1354510,じょうりゅう,上流,,0
04694-1.opus,1356970,じょうりゅう,蒸留,する,0
04695-1.opus,1595030,しょうりょう,少量,,
04696-1.opus,1356190,じょうりょくじゅ,常緑樹,,
04697-1.opus,1356610,じょうれい,条例,,0
04698-1.opus,1347550,しょうれい,奨励,する,0
04699-1.opus,1349820,しょうわ,昭和,,
04700-1.opus,1595040,しょうわ,唱和,する,
04701-1.opus,2833502,しょうわてんのう,昭和天皇,,
04702-1.opus,1354540,じょうわん,上腕,,0
04703-1.opus,1345020,じょおう,女王,,2
04704-1.opus,1345040,じょおうへいか,女王陛下,,
04705-1.opus,1342580,しょか,初夏,,1
04706-1.opus,1345650,じょがい,除外,する,0
04707-1.opus,1344530,じょかんとく,助監督,,2
04709-1.opus,1342630,しょき,初期,,1
04711-1.opus,1342710,しょきゅう,初級,,0
04712-1.opus,1344550,じょきょうじゅ,助教授,,2
04713-1.opus,1344260,しょぎょうむじょう,諸行無常,,
04714-1.opus,1345490,じょきょく,序曲,,1
04715-1.opus,1345670,じょきょ,除去,する,1
04716-1.opus,1357480,しょく,職,,0
04717-1.opus,1357490,しょくいん,職員,,2
04718-1.opus,1357500,しょくいんしつ,職員室,,3
04719-1.opus,1358410,しょくえん,食塩,,2
04720-1.opus,1357510,しょくぎょう,職業,,2
04722-1.opus,1358450,しょくご,食後,,0
04723-1.opus,1883170,しょくさがし,職探し,,
04724-1.opus,1358490,しょくじ,食事,,0
04725-1.opus,1358490,しょくじ,食事,する,0
04726-1.opus,1660370,しょくしゅ,職種,,
04727-1.opus,1357280,しょくじゅ,植樹,,0
04728-1.opus,1358530,しょくたく,食卓,,0
04729-1.opus,1358550,しょくどう,食堂,,0
04730-1.opus,1358550,しょくどう,食堂,,0
04731-1.opus,1357540,しょくば,職場,,
04732-1.opus,1358060,しょくばい,触媒,,0
04733-1.opus,1358590,しょくひ,食費,,0
04734-1.opus,1358600,しょくひん,食品,,0
04735-1.opus,1357300,しょくぶつ,植物,,2
04736-1.opus,1357310,しょくぶつえん,植物園,,4
04737-1.opus,1357350,しょくみんち,植民地,,3
04738-1.opus,1357580,しょくむ,職務,,1
04741-1.opus,1358660,しょくよく,食欲,,
04742-1.opus,1357590,しょくれき,職歴,,0
04743-1.opus,1344230,しょくん,諸君,,1
04745-1.opus,1342430,しょけい,処刑,する,0
04746-1.opus,1580230,じょげん,助言,する,0
04747-1.opus,1344020,しょこ,書庫,,1
04748-1.opus,1344270,しょこく,諸国,,1
04749-1.opus,1344030,しょさい,書斎,,0
04751-1.opus,1344630,じょし,助詞,,0
04752-1.opus,1761910,じょしがくせい,女子学生,,3
04753-1.opus,1344850,じょじし,叙事詩,,2
04754-1.opus,1344650,じょしゅ,助手,,0
04755-1.opus,1342440,しょじょ,処女,,1
04756-1.opus,1342860,しょしんしゃ,初心者,,2
04757-1.opus,1345250,じょせい,女性,,0
04758-1.opus,1344090,しょせき,書籍,,
04759-1.opus,1345700,じょせき,除籍,する,0
04760-1.opus,1344310,しょせつ,諸説,,1
04761-1.opus,1345510,じょせつ,序説,,0
04762-1.opus,1345710,じょせつ,除雪,する,0
04763-1.opus,1660540,しょぞう,所蔵,,0
04764-1.opus,1345740,じょそうざい,除草剤,,
04765-1.opus,1343310,しょぞく,所属,する,0
04766-1.opus,1648620,しょぞん,所存,,0
04767-1.opus,2869002,しょたい,所帯,,
04768-1.opus,1342890,しょたいめん,初対面,,2
04769-1.opus,1342920,しょだん,初段,,0
04770-1.opus,1342470,しょち,処置,する,1
04771-1.opus,1595050,しょちゅうみまい,暑中見舞,,4
04772-1.opus,1653880,しょちょう,署長,,0
04773-1.opus,1358030,しょっかく,触覚,,0
04774-1.opus,1652940,しょっかく,触角,,0
04775-1.opus,1357430,しょっき,織機,,
04776-1.opus,1358430,しょっき,食器,,0
04777-1.opus,1358440,しょっけん,食券,,0
04778-1.opus,1344120,しょてん,書店,,
04779-1.opus,1342940,しょとう,初冬,,0
04780-1.opus,1344330,しょとう,諸島,,1
04781-1.opus,1344130,しょどう,書道,,1
04783-1.opus,1343360,しょとく,所得,,0
04784-1.opus,1343370,しょとくぜい,所得税,,3
04785-1.opus,1342980,しょにち,初日,,0
04786-1.opus,1343020,しょにんきゅう,初任給,,2
04787-1.opus,1342480,しょばつ,処罰,する,
04788-1.opus,1343040,しょはん,初犯,,0
04789-1.opus,1344340,しょはん,諸般,,
04790-1.opus,1344340,しょはん,諸般,,
04791-1.opus,2841544,しょはんぼん,初版本,,0
04792-1.opus,1344140,しょひょう,書評,,0
04793-1.opus,1345530,じょぶん,序文,,0
04794-1.opus,1342490,しょぶん,処分,する,1
04795-1.opus,1343050,しょほ,初歩,,1
04796-1.opus,1655680,しょほうせん,処方箋,,0
04797-1.opus,1345780,じょまくしき,除幕式,,
04798-1.opus,1343560,しょみん,庶民,,1
04799-1.opus,1343640,しょめい,署名,する,0
04800-1.opus,1345790,じょめい,除名,する,0
04801-1.opus,1344350,しょもんだい,諸問題,,2
04802-1.opus,1345430,じょゆう,女優,,0
04803-1.opus,1343400,しょゆうけん,所有権,,2
04804-1.opus,1343390,しょゆう,所有,する,0
04806-1.opus,1342510,しょり,処理,する,1
04807-1.opus,1345550,じょれつ,序列,,0
04808-1.opus,1583050,しらが,白髪,,3
04809-1.opus,1583050,しらが,白髪,,3
04810-1.opus,1420410,しらせる,知らせる,,0
04811-1.opus,1429060,しらべる,調べる,,3
04812-1.opus,1595070,しりあい,知り合い,,0
04813-1.opus,1595070,しりあい,知り合い,,0
04814-1.opus,1595084,しりぞく,退く,,3
04815-1.opus,1411260,しりぞける,退ける,,4
04816-1.opus,1311420,しりつ,私立,,1
04816-2.opus,1311420,わたくしりつ,私立,,4
04817-1.opus,1311420,しりつ,私立,,1
04817-2.opus,1311420,わたくしりつ,私立,,4
04818-1.opus,1318870,じりつしんけい,自律神経,,4
04819-1.opus,1318880,じりつ,自立,する,0
04820-1.opus,1310320,しりめつれつ,支離滅裂,な,1
04821-1.opus,1306980,しりょう,史料,,1
04822-1.opus,1312820,しりょう,資料,,1
04823-1.opus,1312990,しりょう,飼料,,1
04824-1.opus,1312150,しりょく,視力,,
04825-1.opus,1772010,じりょく,磁力,,1
04826-1.opus,1420470,しる,知る,,0
04827-1.opus,1168060,しるし,印,,0
04828-1.opus,1223140,しるす,記す,,
04829-1.opus,1310060,しれい,指令,,0
04830-1.opus,1319020,じれい,辞令,,0
04831-1.opus,1306720,しれいかん,司令官,,2
04832-1.opus,1312590,しれん,試練,,
04833-1.opus,1355710,しろ,城,,0
04834-1.opus,1647170,しろあと,城跡,,0
04835-1.opus,1474910,しろい,白い,,2
04837-1.opus,1397270,しろうと,素人,,
04838-1.opus,1475160,しろくろ,白黒,,
04839-1.opus,1304870,しわざ,仕業,,0
04840-1.opus,1579500,しわす,師走,,0
04842-1.opus,1369640,じんあい,仁愛,,0
04843-1.opus,1363390,しんい,真意,,1
04844-1.opus,1361530,しんえい,新鋭,,0
04845-1.opus,1370180,じんえい,陣営,,0
04846-1.opus,1364990,しんか,臣下,,1
04847-1.opus,1362710,しんかい,深海,,0
04848-1.opus,1638410,しんかいぎょ,深海魚,,3
04849-1.opus,1359810,しんがい,侵害,する,0
04850-1.opus,1366010,しんがく,進学,する,0
04851-1.opus,1366000,しんか,進化,する,1
04852-1.opus,1938990,しんかんしょ,新刊書,,
04854-1.opus,1361590,しんかんせん,新幹線,,3
04856-1.opus,1361650,しんき,新規,,1
04857-1.opus,1363520,しんぎ,真偽,,1
04858-1.opus,1369670,じんぎ,仁義,,1
04859-1.opus,1360360,しんぎ,審議,する,1
04860-1.opus,1361720,しんきゅう,新旧,,1
04861-1.opus,1366030,しんきゅう,進級,する,0
04862-1.opus,1360630,しんきょう,心境,,0
04863-1.opus,1361760,しんきょく,新曲,,0
04864-1.opus,1580580,しんく,深紅,,1
04865-1.opus,1365890,しんく,辛苦,,1
04866-1.opus,2177010,しんぐう,新宮,,3
04867-1.opus,1364520,しんけい,神経,,1
04868-1.opus,1364520,しんけい,神経,,1
04869-1.opus,1366350,しんげん,震源,,0
04870-1.opus,1366350,しんげん,震源,,0
04871-1.opus,1367200,じんけん,人権,,0
04872-1.opus,1367180,じんけんひ,人件費,,3
04873-1.opus,1359150,しんこう,信仰,,0
04874-1.opus,1359240,しんごう,信号,,0
04875-1.opus,1359240,しんごう,信号,,0
04876-1.opus,1367300,じんこう,人口,,0
04878-1.opus,1367490,じんこうしば,人工芝,,3
04879-1.opus,1366060,しんこう,進行,する,0
04880-1.opus,1367590,じんこうてき,人工的,な,0
04881-1.opus,1362720,しんこきゅう,深呼吸,,3
04882-1.opus,1363100,しんこく,申告,する,0
04883-1.opus,1363100,しんこく,申告,する,0
04884-1.opus,1362730,しんこく,深刻,な,0
04885-1.opus,1362730,しんこく,深刻,な,0
04886-1.opus,1361820,しんこん,新婚,,0
04887-1.opus,2188640,しんごんしゅう,真言宗,,3
04888-1.opus,1366360,しんさい,震災,,0
04889-1.opus,1366360,しんさい,震災,,0
04890-1.opus,1367750,じんさい,人災,,0
04891-1.opus,1367760,じんざい,人材,,0
04892-1.opus,1360380,しんさ,審査,する,1
04893-1.opus,1365460,しんさつ,診察,する,0
04894-1.opus,1365900,しんさん,辛酸,,0
04895-1.opus,1365900,しんさん,辛酸,,0
04896-1.opus,1364950,しんし,紳士,,1
04897-1.opus,1367910,じんじか,人事課,,0
04898-1.opus,1883880,しんしぐつ,紳士靴,,
04899-1.opus,1360140,しんしつ,寝室,,0
04900-1.opus,1363780,しんじつ,真実,,1
04902-1.opus,1364670,じんじゃ,神社,,1
04903-1.opus,1368020,じんしゅ,人種,,0
04904-1.opus,5407292,しんじゅくく,新宿区,,
04905-1.opus,1358960,しんしゅく,伸縮,する,0
04906-1.opus,1358960,しんしゅく,伸縮,する,0
04907-1.opus,1359370,しんじょう,信条,,
04908-1.opus,1368370,じんせい,人生,,1
04909-1.opus,1363130,しんせい,申請,する,0
04910-1.opus,1364730,しんせい,神聖,な,0
04911-1.opus,1364730,しんせい,神聖,な,0
04912-1.opus,1362030,しんせいひん,新製品,,3
04913-1.opus,1365230,しんせき,親戚,,0
04914-1.opus,1362090,しんせつ,新雪,,0
04915-1.opus,1365250,しんせつ,親切,な,
04916-1.opus,1365250,しんせつ,親切,な,
04917-1.opus,1939300,しんぜんじあい,親善試合,,
04918-1.opus,1362100,しんせん,新鮮,な,0
04919-1.opus,1360770,しんぞう,心臓,,0
04920-1.opus,1370110,じんぞう,腎臓,,0
04921-1.opus,1368590,じんぞうこ,人造湖,,3
04922-1.opus,1793880,しんぞうびょう,心臓病,,0
04923-1.opus,1793880,しんぞうびょう,心臓病,,0
04924-1.opus,1793890,しんぞうまひ,心臓麻痺,,5
04925-1.opus,1370160,じんそく,迅速,な,0
04926-1.opus,2830705,しんたい,身体,,1
04927-1.opus,1365480,しんだん,診断,する,0
04928-1.opus,1362160,しんちく,新築,する,0
04929-1.opus,1813440,しんちゅうぐん,進駐軍,,3
04930-1.opus,1365770,しんちょう,身長,,0
04931-1.opus,1365770,しんちょう,身長,,0
04932-1.opus,1595180,しんちょう,伸長,する,0
04933-1.opus,1361110,しんちょう,慎重,な,0
04934-1.opus,1362210,しんちんたいしゃ,新陳代謝,,5
04935-1.opus,1364770,しんでん,神殿,,
04936-1.opus,1366160,しんてん,進展,する,0
04937-1.opus,1359470,しんと,信徒,,1
04938-1.opus,1366380,しんど,震度,,1
04939-1.opus,1364790,しんとう,神道,,1
04941-1.opus,1364780,しんどう,神童,,
04942-1.opus,1366390,しんどう,震動,,0
04943-1.opus,1580730,じんとく,人徳,,0
04944-1.opus,1369800,じんとく,仁徳,,
04945-1.opus,1359550,しんねん,信念,,1
04946-1.opus,1362290,しんねん,新年,,1
04947-1.opus,1655860,しんのう,親王,,3
04948-1.opus,1360930,しんぱい,心配,する,0
04949-1.opus,1360930,しんぱい,心配,する,0
04950-1.opus,1360440,しんびがん,審美眼,,
04951-1.opus,1364850,しんぴてき,神秘的,な,0
04952-1.opus,1646720,しんぶ,深部,,1
04953-1.opus,1362340,しんぷ,新婦,,1
04955-1.opus,1364890,しんぶつ,神仏,,1
04956-1.opus,1362360,しんぶん,新聞,,0
04958-1.opus,1362390,しんぶんし,新聞紙,,3
04959-1.opus,1365840,しんぺん,身辺,,
04960-1.opus,1365930,しんぼう,辛抱,する,1
04961-1.opus,1365930,しんぼう,辛抱,する,1
04962-1.opus,1366190,しんぽ,進歩,する,1
04963-1.opus,1366190,しんぽ,進歩,する,1
04964-1.opus,1365390,しんみつ,親密,な,0
04965-1.opus,1361540,しんめ,新芽,,0
04966-1.opus,1362810,しんや,深夜,,1
04967-1.opus,1362810,しんや,深夜,,1
04968-1.opus,1365410,しんゆう,親友,,0
04970-1.opus,1768840,しんようじゅ,針葉樹,,3
04971-1.opus,2239320,しんようじゅりん,針葉樹林,,5
04972-1.opus,1359620,しんよう,信用,する,0
04973-1.opus,1359620,しんよう,信用,する,0
04974-1.opus,1359730,しんらい,信頼,する,0
04975-1.opus,1359730,しんらい,信頼,する,0
04976-1.opus,1365950,しんらつ,辛辣,な,0
04977-1.opus,1364400,しんり,真理,,1
04978-1.opus,1361010,しんりがく,心理学,,3
04979-1.opus,1361010,しんりがく,心理学,,3
04980-1.opus,1369510,じんりきしゃ,人力車,,
04981-1.opus,1595200,しんりゃく,侵略,する,0
04982-1.opus,1365500,しんりょう,診療,する,0
04983-1.opus,1362460,しんりょく,新緑,,0
04984-1.opus,1362530,しんりん,森林,,0
04985-1.opus,1362530,しんりん,森林,,0
04986-1.opus,1365420,しんるい,親類,,0
04987-1.opus,1369530,じんるい,人類,,1
04988-1.opus,1369560,じんるいがく,人類学,,3
04989-1.opus,1369560,じんるいがく,人類学,,3
04990-1.opus,1366200,しんろ,進路,,1
04991-1.opus,1361080,しんろう,心労,,0
04992-1.opus,1364940,しんわ,神話,,0
04993-1.opus,1400390,す,巣,,
04994-1.opus,1397320,すあし,素足,,
04995-1.opus,1304270,すい,酸い,,1
04996-1.opus,1371300,すいいき,水域,,0
04997-1.opus,1371320,すいえい,水泳,,0
04998-1.opus,1619450,すいか,誰何,,1
04999-1.opus,1595510,すいがら,吸い殻,,
05000-1.opus,1371430,すいぎん,水銀,,0
05001-1.opus,1371250,すいこう,推敲,する,0
05002-1.opus,1371110,すいさつ,推察,する,0
05003-1.opus,1371110,すいさつ,推察,する,0
05004-1.opus,1371610,すいじゅん,水準,,0
05005-1.opus,1371610,すいじゅん,水準,,0
05006-1.opus,1371140,すいしん,推進,する,0
05007-1.opus,1370970,すいせん,垂線,,1
05008-1.opus,1371190,すいせんじょう,推薦状,,
05009-1.opus,1371170,すいせん,推薦,する,0
05010-1.opus,1370800,すいそうがく,吹奏楽,,3
05011-1.opus,1370800,すいそうがく,吹奏楽,,3
05012-1.opus,1371820,すいぞくかん,水族館,,
05014-1.opus,1371200,すいそく,推測,する,0
05015-1.opus,1372550,すいたい,衰退,する,0
05016-1.opus,1371840,すいちゅう,水中,,0
05017-1.opus,1370980,すいちょく,垂直,な,0
05018-1.opus,1371210,すいてい,推定,する,0
05019-1.opus,1371880,すいてき,水滴,,0
05020-1.opus,1371890,すいでん,水田,,0
05021-1.opus,1339950,すいとう,出納,,0
05022-1.opus,1371310,すいとう,水稲,,0
05023-1.opus,1371910,すいとう,水筒,,0
05024-1.opus,1371920,すいどう,水道,,0
05025-1.opus,1371920,すいどう,水道,,0
05026-1.opus,1339960,すいとうがかり,出納係,,5
05027-1.opus,1371940,すいどうかん,水道管,,0
05028-1.opus,1657140,すいどうきょく,水道局,,3
05029-1.opus,1372360,すいはんき,炊飯器,,3
05030-1.opus,1372790,ずいひつ,随筆,,0
05031-1.opus,1372800,ずいぶん,随分,,1
05032-1.opus,1372060,すいへいせん,水平線,,0
05033-1.opus,1372370,すいみん,睡眠,,0
05034-1.opus,1939610,すいみんじかん,睡眠時間,,
05035-1.opus,1372200,すいようせい,水溶性,,0
05036-1.opus,1372190,すいようび,水曜日,,3
05038-1.opus,1371220,すいり,推理,する,1
05039-1.opus,1371230,すいりょう,推量,する,
05040-1.opus,1371240,すいろん,推論,する,0
05041-1.opus,1228260,すう,吸う,,0
05042-1.opus,1372980,すうがく,数学,,0
05043-1.opus,1373060,すうじ,数字,,
05044-1.opus,1373060,すうじ,数字,,
05045-1.opus,1373160,すうち,数値,,1
05046-1.opus,1372870,すうはい,崇拝,する,0
05047-1.opus,1373320,すうりょう,数量,,3
05048-1.opus,1525250,すえ,末,,0
05049-1.opus,1584380,すえっこ,末っ子,,0
05050-1.opus,1886710,すえながく,末永く,,3
05051-1.opus,1397190,すがお,素顔,,1
05052-1.opus,1307710,すがた,姿,,1
05053-1.opus,1307730,すがたみ,姿見,,
05054-1.opus,1277450,すき,好き,,2
05055-1.opus,1277460,すききらい,好き嫌い,,
05056-1.opus,1595580,すきや,数寄屋,,0
05057-1.opus,1195970,すぎる,過ぎる,,2
05058-1.opus,1660930,すくいぬし,救い主,,
05059-1.opus,1229060,すくう,救う,,0
05060-1.opus,1348910,すくない,少ない,,3
05061-1.opus,1595610,すくなくとも,少なくとも,,
05062-1.opus,1539080,すぐれる,優れる,,3
05063-1.opus,1344500,すけっと,助っ人,,0
05064-1.opus,1348870,すこし,少し,,2
05065-1.opus,1196000,すごす,過ごす,,2
05066-1.opus,1256110,すこやか,健やか,な,2
05067-1.opus,1595650,すし,寿司,,
05068-1.opus,1241750,すじ,筋,,1
05069-1.opus,1241790,すじがき,筋書き,,0
05070-1.opus,1241800,すじみち,筋道,,
05071-1.opus,1554370,すずしい,涼しい,,3
05072-1.opus,1365980,すすむ,進む,,0
05073-1.opus,1554380,すずむ,涼む,,2
05074-1.opus,1595680,すすめる,勧める,,0
05075-1.opus,1365990,すすめる,進める,,0
05076-1.opus,1400480,すだつ,巣立つ,,2
05077-1.opus,1450890,ずつう,頭痛,,0
05079-1.opus,1304280,すっぱい,酸っぱい,,3
05081-1.opus,1397350,すてき,素敵,な,0
05082-1.opus,1322320,すてる,捨てる,,0
05083-1.opus,1291500,すな,砂,,
05084-1.opus,1397340,すなお,素直,な,1
05085-1.opus,1291580,すなち,砂地,,0
05086-1.opus,1291570,すなば,砂場,,0
05087-1.opus,1291620,すなはま,砂浜,,0
05088-1.opus,1404100,すなわち,即ち,,2
05089-1.opus,1450900,ずのう,頭脳,,1
05091-1.opus,1400460,すばこ,巣箱,,
05093-1.opus,1397300,すばらしい,素晴らしい,,4
05094-1.opus,1397300,すばらしい,素晴らしい,,4
05095-1.opus,1595730,すべて,全て,,1
05096-1.opus,1449660,すべる,統べる,,2
05097-1.opus,1595750,すまい,住まい,,1
05098-1.opus,1295040,すませる,済ませる,,3
05099-1.opus,1418480,すみ,炭,,2
05100-1.opus,1246440,すみ,隅,,1
05101-1.opus,1521530,すみえ,墨絵,,
05102-1.opus,1592280,すみずみ,隅々,,
05103-1.opus,1418610,すみだわら,炭俵,,3
05104-1.opus,1837240,すみび,炭火,,
05105-1.opus,1405000,すみやか,速やか,な,2
05106-1.opus,1837290,すみやき,炭焼き,,
05107-1.opus,1334040,すむ,住む,,1
05108-1.opus,1295070,すむ,済む,,1
05109-1.opus,1370520,ずめん,図面,,0
05110-1.opus,1298670,する,刷る,,1
05111-1.opus,1610030,ずるがしこい,ずる賢い,,5
05112-1.opus,1174890,するどい,鋭い,,3
05113-1.opus,1291800,すわる,座る,,0
05114-1.opus,2844318,すんいん,寸陰,,0
05115-1.opus,1373720,すんげき,寸劇,,0
05116-1.opus,1373740,すんじ,寸時,,1
05117-1.opus,1373750,すんぜん,寸前,に,0
05118-1.opus,1373770,すんだん,寸断,する,0
05119-1.opus,1373780,すんぴょう,寸評,,0
05120-1.opus,1373810,すんぽう,寸法,,0
05121-1.opus,2147990,せ,背,,
05121-2.opus,1472650,せい,背,,1
05122-1.opus,1375190,せい,姓,,1
05123-1.opus,1381170,せいい,誠意,,1
05124-1.opus,1380290,せいいき,聖域,,0
05125-1.opus,1380290,せいいき,聖域,,0
05126-1.opus,1379870,せいいっぱい,精一杯,,
05127-1.opus,1376320,せいうん,星雲,,0
05128-1.opus,1379880,せいえい,精鋭,,0
05129-1.opus,1380460,せいえん,声援,,0
05130-1.opus,1380900,せいおう,西欧,,
05131-1.opus,1380300,せいか,聖歌,,1
05132-1.opus,1645510,せいか,聖火,,1
05134-1.opus,1375900,せいかい,政界,,0
05135-1.opus,1376740,せいかい,正解,,0
05136-1.opus,1785060,せいかぎょう,製靴業,,
05138-1.opus,1375290,せいかく,性格,,0
05140-1.opus,1376760,せいかく,正確,な,0
05141-1.opus,1378860,せいかつ,生活,する,0
05142-1.opus,1378890,せいかつひ,生活費,,
05144-1.opus,1382090,ぜいかん,税関,,0
05145-1.opus,1373990,せいき,世紀,,1
05147-1.opus,1376850,せいき,正規,,1
05149-1.opus,1376910,せいぎ,正義,,1
05150-1.opus,1381320,せいきゅう,請求,する,0
05151-1.opus,1375310,せいきゅう,性急,な,0
05152-1.opus,1379780,せいきょう,盛況,,0
05153-1.opus,1379780,せいきょう,盛況,な,0
05154-1.opus,1375920,せいきょく,政局,,0
05155-1.opus,1375920,せいきょく,政局,,0
05156-1.opus,1595970,せいぎょ,制御,する,1
05157-1.opus,1382100,ぜいきん,税金,,0
05158-1.opus,1645610,せいくらべ,背比べ,,3
05159-1.opus,1376160,せいけいげか,整形外科,,5
05160-1.opus,1378200,せいけつ,清潔,な,0
05162-1.opus,1375930,せいけん,政権,,0
05163-1.opus,1375930,せいけん,政権,,0
05164-1.opus,1374700,せいげん,制限,する,3
05166-1.opus,1380620,せいこう,製鋼,,0
05167-1.opus,1375690,せいこう,成功,する,0
05168-1.opus,1375690,せいこう,成功,する,0
05169-1.opus,1379900,せいこう,精巧,な,0
05170-1.opus,1596250,ぜいこみ,税込み,,0
05171-1.opus,1376360,せいざ,星座,,0
05173-1.opus,1374800,せいさい,制裁,,0
05174-1.opus,1377160,せいさい,正妻,,0
05175-1.opus,1375950,せいさく,政策,,0
05176-1.opus,1375950,せいさく,政策,,0
05177-1.opus,1380650,せいさく,製作,する,0
05178-1.opus,1887600,せいさんがく,生産額,,3
05179-1.opus,1378210,せいさん,清算,する,0
05180-1.opus,1379930,せいさん,精算,する,0
05181-1.opus,1379930,せいさん,精算,する,0
05182-1.opus,1375970,せいじ,政治,,0
05183-1.opus,1375970,せいじ,政治,,0
05184-1.opus,1375980,せいじか,政治家,,0
05185-1.opus,1377290,せいしき,正式,な,0
05186-1.opus,1381870,せいし,静止,する,0
05188-1.opus,1375390,せいしつ,性質,,0
05189-1.opus,1381180,せいじつ,誠実,な,0
05191-1.opus,1381910,せいじゃく,静寂,,0
05192-1.opus,1378220,せいしゅ,清酒,,0
05193-1.opus,1375730,せいじゅく,成熟,する,0
05194-1.opus,1381550,せいしゅん,青春,,0
05195-1.opus,1381550,せいしゅん,青春,,0
05196-1.opus,1378230,せいじゅん,清純,な,0
05197-1.opus,1378230,せいじゅん,清純,な,0
05198-1.opus,1380340,せいしょ,聖書,,1
05199-1.opus,1376380,せいじょうき,星条旗,,3
05201-1.opus,1377390,せいじょう,正常,な,0
05202-1.opus,1377390,せいじょう,正常,な,0
05204-1.opus,1379950,せいしん,精神,,1
05205-1.opus,1380350,せいじん,聖人,,
05206-1.opus,1764080,せいじんしき,成人式,,3
05207-1.opus,1381190,せいしんせいい,誠心誠意,,5
05208-1.opus,1380670,せいず,製図,,0
05209-1.opus,1379800,せいすい,盛衰,,0
05210-1.opus,1376190,せいすう,整数,,3
05211-1.opus,1382130,ぜいせい,税制,,0
05212-1.opus,1380070,せいせい,精製,する,0
05214-1.opus,1375760,せいせき,成績,,0
05215-1.opus,1376200,せいぜん,整然,と,0
05216-1.opus,1645790,せいぞうぎょう,製造業,,3
05217-1.opus,1375780,せいそうけん,成層圏,,3
05218-1.opus,1377480,せいそう,正装,する,0
05219-1.opus,1378320,せいそう,清掃,する,0
05221-1.opus,1380690,せいぞう,製造,する,0
05222-1.opus,1645800,せいぞうもと,製造元,,0
05223-1.opus,1379230,せいぞん,生存,する,0
05224-1.opus,1379300,せいたいけい,生態系,,0
05225-1.opus,1379820,せいだい,盛大,な,0
05226-1.opus,1573150,ぜいたく,贅沢,な,
05227-1.opus,1379310,せいたん,生誕,,0
05228-1.opus,1376220,せいち,整地,,
05229-1.opus,1375790,せいちょう,成長,する,0
05230-1.opus,1375790,せいちょう,成長,する,0
05231-1.opus,1618850,せいちょう,静聴,する,0
05232-1.opus,1380100,せいつう,精通,する,0
05233-1.opus,1374870,せいてい,制定,する,0
05234-1.opus,1375430,せいてき,性的,な,0
05235-1.opus,1380720,せいてつ,製鉄,,0
05237-1.opus,1376550,せいてん,晴天,,0
05238-1.opus,1380380,せいてん,聖典,,0
05239-1.opus,1379380,せいと,生徒,,1
05240-1.opus,1374880,せいど,制度,,1
05241-1.opus,1380110,せいど,精度,,1
05242-1.opus,1376060,せいとう,政党,,0
05243-1.opus,1376060,せいとう,政党,,0
05244-1.opus,1381710,せいどう,青銅,,0
05245-1.opus,1380730,せいとう,製糖,する,0
05246-1.opus,1377730,せいとうは,正統派,,0
05247-1.opus,1381750,せいねん,青年,,0
05248-1.opus,1379410,せいねんがっぴ,生年月日,,5
05249-1.opus,1375470,せいのう,性能,,0
05250-1.opus,1375220,せいばつ,征伐,する,1
05251-1.opus,1376240,せいび,整備,する,1
05252-1.opus,1380750,せいひょう,製氷,,0
05253-1.opus,1887930,せいひょうざら,製氷皿,,
05254-1.opus,1380760,せいひん,製品,,0
05255-1.opus,1380760,せいひん,製品,,0
05256-1.opus,1376070,せいふ,政府,,1
05257-1.opus,1376070,せいふ,政府,,1
05258-1.opus,1381040,せいぶ,西部,,1
05259-1.opus,1374940,せいふく,制服,,0
05260-1.opus,1374940,せいふく,制服,,0
05261-1.opus,1375230,せいふく,征服,する,0
05262-1.opus,1380790,せいふん,製粉,,0
05263-1.opus,1375520,せいべつ,性別,,0
05264-1.opus,1295000,せいぼ,歳暮,,0
05265-1.opus,1380410,せいぼ,聖母,,1
05266-1.opus,1377920,せいほうけい,正方形,,
05267-1.opus,1380180,せいまい,精米,,0
05268-1.opus,1380190,せいみつ,精密,な,0
05269-1.opus,1382190,ぜいむしょ,税務署,,
05270-1.opus,1375210,せいめい,姓名,,1
05271-1.opus,1379530,せいめい,生命,,1
05272-1.opus,1378100,せいもん,正門,,0
05273-1.opus,1381100,せいよう,西洋,,1
05274-1.opus,1381100,せいよう,西洋,,1
05275-1.opus,1382200,ぜいりし,税理士,,3
05276-1.opus,1376250,せいり,整理,する,1
05278-1.opus,1375880,せいりつ,成立,する,0
05279-1.opus,1375880,せいりつ,成立,する,0
05280-1.opus,1378410,せいりょういんりょうすい,清涼飲料水,,7
05281-1.opus,1375150,せいりょく,勢力,,1
05282-1.opus,1380210,せいりょく,精力,,1
05283-1.opus,1376120,せいれい,政令,,0
05284-1.opus,1381140,せいれき,西暦,,0
05285-1.opus,1376300,せいれつ,整列,する,0
05286-1.opus,1472860,せおう,背負う,,2
05287-1.opus,1373860,せかい,世界,,1
05288-1.opus,1373860,せかい,世界,,1
05289-1.opus,1373910,せかいし,世界史,,
05290-1.opus,1383370,せきがいせん,赤外線,,0
05291-1.opus,1382230,せきがん,隻眼,,0
05292-1.opus,1382410,せきじつ,昔日,,0
05293-1.opus,1382240,せきしゅ,隻手,,1
05294-1.opus,1383470,せきじゅうじ,赤十字,,3
05295-1.opus,1215860,せきしょ,関所,,3
05296-1.opus,1383060,せきせつ,積雪,,0
05298-1.opus,1645930,せきぞう,石像,,0
05299-1.opus,1382700,せきたん,石炭,,3
05300-1.opus,1382700,せきたん,石炭,,3
05301-1.opus,5192437,せきだん,関段,,
05302-1.opus,1654190,せきちゅう,石柱,,0
05303-1.opus,1382730,せきてい,石庭,,0
05304-1.opus,1383560,せきどう,赤道,,0
05305-1.opus,1383180,せきにん,責任,,0
05308-1.opus,1645890,せきにんかん,責任感,,3
05309-1.opus,1382800,せきぶつ,石仏,,0
05310-1.opus,1383230,せきむ,責務,,1
05311-1.opus,1383230,せきむ,責務,,1
05312-1.opus,1383620,せきめん,赤面,する,0
05314-1.opus,1382830,せきゆ,石油,,0
05315-1.opus,1888270,せきゆおう,石油王,,
05316-1.opus,1383080,せきらんうん,積乱雲,,3
05318-1.opus,1373970,せけん,世間,,1
05319-1.opus,1646310,せすじ,背筋,,
05320-1.opus,1374190,せだい,世代,,
05321-1.opus,1374190,せだい,世代,,
05322-1.opus,1374210,せちがらい,世知辛い,,4
05323-1.opus,1382530,せっかい,石灰,,1
05324-1.opus,1662660,ぜつがん,舌癌,,2
05325-1.opus,1386430,せっきょう,説教,する,
05326-1.opus,1386780,ぜっきょう,絶叫,する,0
05327-1.opus,1383030,せっきょくてき,積極的,な,0
05329-1.opus,1385370,せっきん,接近,する,0
05331-1.opus,1610060,せっく,節句,,
05332-1.opus,1655930,ぜっけい,絶景,,0
05333-1.opus,1386040,せっけいず,設計図,,3
05334-1.opus,1386020,せっけい,設計,する,0
05336-1.opus,1382590,せっけん,石鹸,,0
05337-1.opus,1386810,ぜっこう,絶好,,0
05338-1.opus,1386800,ぜっこう,絶交,する,0
05339-1.opus,1721830,ぜっさん,絶賛,する,0
05340-1.opus,1385690,せっし,摂氏,,1
05341-1.opus,1385730,せっしょう,摂政,,
05342-1.opus,1299160,せっしょう,殺生,する,1
05343-1.opus,1386640,せつじょく,雪辱,,0
05344-1.opus,1385450,せっしょく,接触,する,0
05345-1.opus,1385350,せっする,接する,,
05346-1.opus,1387050,ぜっせん,舌戦,,0
05347-1.opus,1386290,せっそう,節操,,
05348-1.opus,1385480,せつぞく,接続,する,0
05350-1.opus,1386840,ぜったい,絶対,,0
05351-1.opus,1386840,ぜったい,絶対,,0
05352-1.opus,1385120,せつだん,切断,する,0
05354-1.opus,1386050,せっち,設置,する,
05355-1.opus,1386930,ぜっちょう,絶頂,,0
05356-1.opus,1386060,せってい,設定,する,0
05357-1.opus,1385610,せってん,接点,,1
05358-1.opus,1386310,せつでん,節電,,0
05359-1.opus,1386320,せつど,節度,,1
05360-1.opus,1386110,せっとう,窃盗,,
05361-1.opus,1386440,せっとく,説得,する,0
05363-1.opus,1386940,ぜっぱん,絶版,,0
05364-1.opus,1386070,せつび,設備,,1
05366-1.opus,1385200,せっぷく,切腹,,0
05367-1.opus,1385200,せっぷく,切腹,する,0
05368-1.opus,1386960,ぜつぼう,絶望,する,0
05369-1.opus,1386960,ぜつぼう,絶望,する,0
05370-1.opus,1386970,ぜつみょう,絶妙,な,0
05371-1.opus,1386460,せつめい,説明,する,0
05372-1.opus,1386460,せつめい,説明,する,0
05373-1.opus,1386990,ぜつめつ,絶滅,する,0
05374-1.opus,1386350,せつやく,節約,する,0
05375-1.opus,1386350,せつやく,節約,する,0
05376-1.opus,1386090,せつりつ,設立,する,0
05377-1.opus,1472800,せなか,背中,,0
05378-1.opus,2175880,ぜに,銭,,1
05379-1.opus,1472770,せのび,背伸び,する,
05380-1.opus,1237690,せばまる,狭まる,,3
05381-1.opus,1237700,せばめる,狭める,,3
05382-1.opus,1374530,ぜひ,是非,,1
05383-1.opus,1472740,せびろ,背広,,0
05384-1.opus,1472740,せびろ,背広,,0
05385-1.opus,1237680,せまい,狭い,,2
05386-1.opus,1237740,せまくるしい,狭苦しい,,5
05387-1.opus,1279130,せめる,攻める,,2
05388-1.opus,1383160,せめる,責める,,2
05389-1.opus,1799950,せりいち,競り市,,
05390-1.opus,1234050,せる,競る,,1
05391-1.opus,1374300,せわ,世話,,2
05392-1.opus,1388740,せん,千,,1
05393-1.opus,1391780,せん,線,,1
05394-1.opus,1394300,ぜんあく,善悪,,1
05395-1.opus,1394310,ぜんい,善意,,1
05396-1.opus,1394830,ぜんいき,全域,,0
05398-1.opus,1394840,ぜんいん,全員,,
05399-1.opus,2119500,ぜんえいてき,前衛的,な,0
05400-1.opus,1608980,せんえい,先鋭,な,0
05401-1.opus,1388780,せんえん,千円,,0
05402-1.opus,1388790,せんえんさつ,千円札,,
05403-1.opus,1392650,ぜんか,前科,,1
05404-1.opus,1390820,せんかい,浅海,,0
05405-1.opus,1392680,ぜんかい,前回,,
05406-1.opus,1394930,ぜんかい,全壊,する,0
05407-1.opus,1394940,ぜんかい,全快,する,0
05408-1.opus,1390830,せんがく,浅学,,0
05409-1.opus,1387390,せんがっき,先学期,,
05410-1.opus,1394980,ぜんかん,全巻,,
05412-1.opus,1390940,せんがん,洗顔,する,0
05413-1.opus,1392190,せんきょ,選挙,,1
05414-1.opus,1392190,せんきょ,選挙,,1
05415-1.opus,1392510,せんぎょ,鮮魚,,1
05416-1.opus,1646070,せんきょう,戦況,,0
05417-1.opus,1389670,せんきょうし,宣教師,,3
05418-1.opus,1390190,せんきょく,戦局,,0
05419-1.opus,1646080,せんきょく,選挙区,,3
05420-1.opus,1389480,せんきょ,占拠,する,1
05422-1.opus,1387500,せんげつ,先月,,
05423-1.opus,1389680,せんげん,宣言,する,3
05424-1.opus,1607450,せんご,戦後,,
05425-1.opus,1389780,せんこう,専攻,,0
05426-1.opus,1389780,せんこう,専攻,,0
05427-1.opus,1394380,ぜんこう,善行,,0
05428-1.opus,1392240,せんこう,選考,する,0
05429-1.opus,1392240,せんこう,選考,する,0
05430-1.opus,1389700,せんこく,宣告,する,0
05431-1.opus,1596280,ぜんごさく,善後策,,3
05432-1.opus,1390230,せんさい,戦災,,0
05433-1.opus,1390950,せんざい,洗剤,,0
05434-1.opus,1393050,ぜんさい,前菜,,0
05435-1.opus,1391930,せんさい,繊細,な,0
05436-1.opus,1390250,せんし,戦死,する,0
05437-1.opus,1393790,ぜんじつ,前日,,0
05438-1.opus,1393090,ぜんしゃ,前者,,1
05440-1.opus,1392250,せんしゅ,選手,,1
05442-1.opus,1387870,せんしゅう,先週,,0
05443-1.opus,1390320,せんじょう,戦場,,0
05444-1.opus,1395390,ぜんしょう,全焼,する,0
05445-1.opus,1391200,せんしょく,染織,,0
05446-1.opus,1391210,せんしょく,染色,,0
05447-1.opus,1391210,せんしょく,染色,する,0
05448-1.opus,1843780,せんしょくたい,染色体,,0
05449-1.opus,1394420,ぜんしょ,善処,する,1
05450-1.opus,1395410,ぜんしん,全身,,0
05451-1.opus,1387940,せんしんこく,先進国,,3
05452-1.opus,1393350,ぜんしん,前進,する,0
05453-1.opus,1387990,せんせい,先生,,3
05454-1.opus,1387990,せんせい,先生,,3
05455-1.opus,1888880,せんせいがた,先生方,,
05456-1.opus,1389550,せんせいじゅつ,占星術,,3
05457-1.opus,1389710,せんせい,宣誓,する,0
05458-1.opus,1395530,ぜんせかい,全世界,,
05459-1.opus,1390340,せんせん,戦線,,0
05460-1.opus,1390350,せんぜん,戦前,,0
05461-1.opus,1393510,ぜんせん,前線,,0
05462-1.opus,1395620,ぜんぜん,全然,,0
05464-1.opus,1666510,せんせんふこく,宣戦布告,,0
05465-1.opus,1388030,せんぞ,先祖,,1
05466-1.opus,1390360,せんそう,戦争,,0
05467-1.opus,1390360,せんそう,戦争,,0
05468-1.opus,1389820,せんぞく,専属,,0
05469-1.opus,1565360,ぜんそく,喘息,,0
05471-1.opus,1395660,ぜんたい,全体,,
05472-1.opus,1393580,ぜんだいみもん,前代未聞,,1
05473-1.opus,1393580,ぜんだいみもん,前代未聞,,1
05475-1.opus,1390990,せんたくき,洗濯機,,
05476-1.opus,1390980,せんたく,洗濯,する,0
05477-1.opus,1392290,せんたく,選択,する,0
05478-1.opus,1391020,せんたくもの,洗濯物,,0
05479-1.opus,1388110,せんたん,先端,,0
05480-1.opus,1888990,せんちゃくじゅん,先着順,,0
05481-1.opus,1392060,せんちょう,船長,,
05482-1.opus,1596330,ぜんちょう,前兆,,0
05483-1.opus,1393680,ぜんてい,前提,,0
05485-1.opus,1389730,せんでん,宣伝,する,0
05486-1.opus,1388200,せんてんてき,先天的,な,0
05487-1.opus,1393750,ぜんと,前途,,1
05488-1.opus,1390420,せんとう,戦闘,,0
05490-1.opus,1392420,せんとう,銭湯,,1
05491-1.opus,1388330,せんにゅうかん,先入観,,3
05492-1.opus,1394450,ぜんにん,善人,,
05493-1.opus,1389850,せんねん,専念,する,
05495-1.opus,1391030,せんのう,洗脳,する,0
05497-1.opus,1388410,せんぱい,先輩,,0
05498-1.opus,1392080,せんぱく,船舶,,1
05499-1.opus,1390860,せんぱく,浅薄,な,0
05500-1.opus,1392380,せんばつ,選抜,する,0
05501-1.opus,1391040,せんぱつ,洗髪,する,0
05503-1.opus,1390540,せんぱん,戦犯,,0
05504-1.opus,1396080,ぜんぱんてき,全般的,な,0
05505-1.opus,1754390,せんびょう,線描,,0
05507-1.opus,1396130,ぜんぶ,全部,,1
05508-1.opus,1393950,ぜんぷ,前夫,,1
05509-1.opus,1390760,せんぷうき,扇風機,,3
05510-1.opus,1396160,ぜんぷく,全幅,,0
05511-1.opus,1391380,せんぷく,潜伏,する,0
05512-1.opus,1389870,せんむ,専務,,1
05514-1.opus,1391070,せんめんじょ,洗面所,,
05515-1.opus,1389880,せんもん,専門,,0
05516-1.opus,1389880,せんもん,専門,,0
05517-1.opus,1388660,せんやく,先約,,0
05518-1.opus,1394110,ぜんやさい,前夜祭,,
05519-1.opus,1389590,せんゆう,占有,する,0
05520-1.opus,1391730,せんりつ,旋律,,0
05521-1.opus,1390600,せんりゃく,戦略,,0
05522-1.opus,1391230,せんりょう,染料,,3
05523-1.opus,1389610,せんりょう,占領,する,0
05524-1.opus,1389640,せんりょうち,占領地,,
05525-1.opus,1394560,ぜんりょう,善良,な,0
05526-1.opus,1394560,ぜんりょう,善良,な,0
05527-1.opus,1396390,ぜんりょく,全力,,0
05528-1.opus,1394190,ぜんれい,前例,,0
05529-1.opus,1394210,ぜんれつ,前列,,1
05530-1.opus,1391090,せんれん,洗練,する,0
05532-1.opus,1391880,せんろ,線路,,1
05533-1.opus,1176700,そう,沿う,,
05534-1.opus,1351830,ぞう,象,,1
05535-1.opus,1401930,そうあん,草案,,0
05536-1.opus,1398290,そうい,創意,,1
05537-1.opus,1400820,そうい,相違,する,0
05538-1.opus,1400820,そうい,相違,する,0
05539-1.opus,1403460,ぞうお,憎悪,,1
05540-1.opus,1403060,そうおん,騒音,,0
05541-1.opus,1662780,ぞうか,造花,,0
05542-1.opus,1662780,ぞうか,造花,,0
05543-1.opus,1401490,そうかい,総会,,0
05545-1.opus,1401510,そうがく,総額,,0
05546-1.opus,1403160,ぞうか,増加,する,0
05548-1.opus,1401520,そうかつ,総括,する,
05549-1.opus,1398710,そうがんきょう,双眼鏡,,0
05550-1.opus,1398710,そうがんきょう,双眼鏡,,0
05552-1.opus,1398330,そうかんごう,創刊号,,3
05553-1.opus,1398320,そうかん,創刊,する,0
05554-1.opus,1403480,ぞうき,臓器,,1
05555-1.opus,1403480,ぞうき,臓器,,1
05556-1.opus,1403490,ぞうきいしょく,臓器移植,,4
05558-1.opus,1299570,ぞうきばやし,雑木林,,4
05559-1.opus,1581270,そうきゅう,早急,な,0
05560-1.opus,1398340,そうぎょう,創業,する,0
05561-1.opus,1400020,そうぎょう,操業,する,0
05562-1.opus,1402750,そうきん,送金,する,0
05563-1.opus,1331390,そうけ,宗家,,1
05564-1.opus,1351840,ぞうげ,象牙,,
05565-1.opus,2836391,そうげいバス,送迎バス,,
05566-1.opus,1398740,そうけん,双肩,,0
05567-1.opus,1401970,そうげん,草原,,0
05568-1.opus,1403200,ぞうげん,増減,する,
05570-1.opus,1399120,そうこ,倉庫,,1
05571-1.opus,1399120,そうこ,倉庫,,1
05572-1.opus,1596370,そうご,相互,,1
05573-1.opus,1401980,そうこう,草稿,,0
05574-1.opus,1596380,そうごう,総合,する,0
05575-1.opus,1596370,そうご,相互,に,1
05576-1.opus,1402110,そうごん,荘厳,な,0
05577-1.opus,1401580,そうさい,総裁,,0
05578-1.opus,1399580,そうざい,惣菜,,0
05579-1.opus,1400950,そうさい,相殺,する,0
05580-1.opus,1398420,そうさく,創作,する,0
05581-1.opus,1399690,そうさく,捜索,する,0
05582-1.opus,1399660,そうさ,捜査,する,1
05583-1.opus,1399660,そうさ,捜査,する,1
05585-1.opus,1400050,そうさ,操作,する,1
05587-1.opus,1403210,ぞうさつ,増刷,する,0
05588-1.opus,1402160,そうしき,葬式,,0
05589-1.opus,1596390,そうじき,掃除機,,3
05590-1.opus,1398480,そうししゃ,創始者,,3
05591-1.opus,1399790,そうじ,掃除,する,0
05593-1.opus,1660810,そうしそうあい,相思相愛,,
05594-1.opus,1399290,そうしつ,喪失,,0
05596-1.opus,1399800,そうじふ,掃除婦,,
05597-1.opus,1400080,そうじゅう,操縦,する,0
05598-1.opus,1400080,そうじゅう,操縦,する,0
05599-1.opus,1400260,そうじゅく,早熟,な,0
05600-1.opus,1403510,ぞうしょ,蔵書,,
05601-1.opus,1403520,ぞうしょう,蔵相,,0
05602-1.opus,1610100,そうしょく,草食,,0
05603-1.opus,1401660,そうすう,総数,,3
05604-1.opus,1398520,そうせいき,創世記,,3
05605-1.opus,1398840,そうせいじ,双生児,,3
05606-1.opus,1403280,ぞうぜい,増税,する,0
05607-1.opus,1403280,ぞうぜい,増税,する,0
05608-1.opus,1398550,そうせつしゃ,創設者,,4
05609-1.opus,1398540,そうせつ,創設,する,0
05610-1.opus,1403720,ぞうせん,造船,,0
05612-1.opus,1401690,そうせんきょ,総選挙,,3
05613-1.opus,1403070,そうぜん,騒然,と,0
05614-1.opus,1596440,そうぞうしい,騒々しい,,5
05615-1.opus,1398560,そうぞう,創造,する,0
05617-1.opus,1399610,そうぞう,想像,する,0
05618-1.opus,1399610,そうぞう,想像,する,0
05619-1.opus,1401090,そうぞく,相続,する,
05620-1.opus,1403310,ぞうだい,増大,する,0
05621-1.opus,1401180,そうたいてき,相対的,な,0
05622-1.opus,1401210,そうだん,相談,する,0
05623-1.opus,1401210,そうだん,相談,する,0
05624-1.opus,1402360,そうち,装置,,1
05625-1.opus,1402360,そうち,装置,,1
05626-1.opus,1403320,ぞうちく,増築,する,0
05627-1.opus,1400330,そうちょう,早朝,,0
05628-1.opus,1401720,そうちょう,総長,,1
05629-1.opus,1399630,そうてい,想定,する,0
05630-1.opus,1403570,ぞうてい,贈呈,する,0
05631-1.opus,1400700,そうてん,争点,,
05632-1.opus,1403080,そうどう,騒動,,1
05633-1.opus,1771970,ぞうとうひん,贈答品,,
05634-1.opus,1402400,そうび,装備,する,1
05635-1.opus,1403360,ぞうふく,増幅,する,0
05636-1.opus,1402860,そうべつかい,送別会,,
05637-1.opus,1398940,そうほう,双方,,1
05638-1.opus,1403500,ぞうもつ,臓物,,
05639-1.opus,1403590,ぞうよ,贈与,,1
05640-1.opus,1403590,ぞうよ,贈与,する,1
05641-1.opus,1402060,ぞうり,草履,,0
05642-1.opus,1401820,そうりだいじん,総理大臣,,4
05643-1.opus,1401820,そうりだいじん,総理大臣,,4
05644-1.opus,1398640,そうりつ,創立,する,0
05645-1.opus,1401830,そうりふ,総理府,,3
05646-1.opus,1402870,そうりょう,送料,,
05648-1.opus,1272720,そうろうぶん,候文,,
05649-1.opus,1610110,そうろん,総論,,0
05650-1.opus,1403610,ぞうわい,贈賄,,0
05651-1.opus,1397810,そがい,阻害,する,0
05652-1.opus,1397600,そかく,組閣,する,0
05654-1.opus,1404190,そくざに,即座に,,
05655-1.opus,1404200,そくし,即死,する,0
05657-1.opus,1405820,ぞくしゅつ,続出,する,0
05658-1.opus,1403780,そくしん,促進,する,0
05659-1.opus,1404090,そくする,即する,,3
05660-1.opus,1405710,ぞくする,属する,,3
05661-1.opus,1405720,ぞくせい,属性,,0
05662-1.opus,1581330,そくせき,足跡,,0
05662-2.opus,1581330,あしあと,足跡,,3
05663-1.opus,1581330,そくせき,足跡,,0
05664-1.opus,2236220,そくせきラーメン,即席ラーメン,,
05665-1.opus,1405030,そくたつ,速達,,0
05666-1.opus,1405030,そくたつ,速達,,0
05667-1.opus,1404570,そくてい,測定,する,0
05668-1.opus,1405050,そくど,速度,,1
05669-1.opus,1405050,そくど,速度,,1
05670-1.opus,1404270,そくとう,即答,する,0
05671-1.opus,1404510,そくばく,束縛,する,0
05672-1.opus,1405070,そくほう,速報,,0
05673-1.opus,1405070,そくほう,速報,,0
05674-1.opus,1404040,そくめん,側面,,
05676-1.opus,1404590,そくりょう,測量,する,
05677-1.opus,1436050,そこ,底,,0
05678-1.opus,1396800,そこく,祖国,,1
05679-1.opus,1436120,そこぢから,底力,,
05680-1.opus,1596510,そこなう,損なう,,3
05681-1.opus,1436060,そこね,底値,,
05682-1.opus,1406690,そこねる,損ねる,,3
05683-1.opus,1397220,そざい,素材,,0
05685-1.opus,1397630,そしき,組織,,1
05686-1.opus,1397630,そしき,組織,する,1
05687-1.opus,1397240,そしつ,素質,,0
05688-1.opus,1396780,そせき,礎石,,
05689-1.opus,1396820,そせん,祖先,,1
05690-1.opus,1581730,そそぐ,注ぐ,,
05691-1.opus,1160540,そだつ,育つ,,2
05692-1.opus,1160570,そだてる,育てる,,3
05693-1.opus,1396530,そち,措置,,1
05694-1.opus,1654870,そっきゅう,速球,,0
05695-1.opus,1404130,そっきょう,即興,,0
05696-1.opus,1404130,そっきょう,即興,,0
05697-1.opus,1405920,そつぎょうしき,卒業式,,3
05699-1.opus,1405890,そつぎょう,卒業,する,0
05700-1.opus,1403890,そっきん,側近,,0
05701-1.opus,1404540,そっこうじょ,測候所,,
05702-1.opus,2668080,そっこうせい,即効性,,0
05703-1.opus,2668080,そっこうせい,即効性,,0
05705-1.opus,1404170,そっこく,即刻,,0
05706-1.opus,1596560,そっせん,率先,する,0
05707-1.opus,1596570,そっちょく,率直,な,0
05708-1.opus,1596580,そっとう,卒倒,する,0
05710-1.opus,1405990,そつろん,卒論,,0
05711-1.opus,1203250,そと,外,,1
05712-1.opus,1596620,そとうば,卒塔婆,,2
05713-1.opus,1233580,そなえる,供える,,
05714-1.opus,1244960,そなえる,備える,,
05715-1.opus,1596640,そなわる,備わる,,3
05716-1.opus,1176240,その,園,,1
05717-1.opus,1006900,そのた,その他,,2
05718-1.opus,1238460,そば,蕎麦,,1
05719-1.opus,1397370,そびょう,素描,,0
05720-1.opus,1396840,そふ,祖父,,1
05721-1.opus,1396850,そふぼ,祖父母,,2
05722-1.opus,1396860,そぼ,祖母,,1
05723-1.opus,1397390,そぼく,素朴,な,0
05724-1.opus,1397100,そまつ,粗末,な,1
05725-1.opus,1391100,そまる,染まる,,0
05726-1.opus,1472680,そむく,背く,,2
05727-1.opus,1472690,そむける,背ける,,3
05728-1.opus,1391160,そめる,染める,,0
05729-1.opus,1245290,そら,空,,1
05730-1.opus,1480090,そらす,反らす,,2
05731-1.opus,1245600,そらに,空似,,
05732-1.opus,1397430,そりゅうし,素粒子,,2
05733-1.opus,1480170,そる,反る,,1
05734-1.opus,1406660,そん,損,,1
05735-1.opus,1406710,そんがい,損害,,0
05736-1.opus,1406710,そんがい,損害,,0
05737-1.opus,1406730,そんがいばいしょう,損害賠償,,5
05738-1.opus,1406410,そんけいご,尊敬語,,0
05739-1.opus,1406400,そんけい,尊敬,する,0
05740-1.opus,1406400,そんけい,尊敬,する,0
05741-1.opus,1406150,そんざい,存在,する,0
05742-1.opus,1406150,そんざい,存在,する,0
05743-1.opus,1406750,そんしつ,損失,,0
05745-1.opus,1406760,そんしょう,損傷,,0
05746-1.opus,1406140,ぞんじる,存じる,,
05747-1.opus,1406190,そんぞく,存続,する,0
05748-1.opus,1406550,そんだい,尊大,な,0
05749-1.opus,1406460,そんちょう,尊重,する,0
05752-1.opus,1406770,そんとく,損得,,1
05753-1.opus,1406220,ぞんぶんに,存分に,,
05754-1.opus,1648660,そんぼう,存亡,,0
05755-1.opus,1653790,そんらく,村落,,
05756-1.opus,1956610,たい,隊,,1
05757-1.opus,1412560,だい,台,,1
05758-1.opus,1409200,たいいく,体育,,1
05759-1.opus,1409230,たいいくかん,体育館,,
05760-1.opus,1415270,だいいち,第一,,1
05761-1.opus,2233470,だいいっかん,第一巻,,1
05762-1.opus,1415320,だいいっしょう,第一章,,
05763-1.opus,1411520,たいいん,隊員,,0
05764-1.opus,1411300,たいいん,退院,する,0
05766-1.opus,1409840,たいおう,対応,する,0
05767-1.opus,1409250,たいおん,体温,,1
05768-1.opus,1409270,たいおんけい,体温計,,
05769-1.opus,1623510,だいおんじょう,大音声,,3
05770-1.opus,1581490,たいが,大河,,1
05771-1.opus,1409310,たいかく,体格,,0
05773-1.opus,1413240,だいがく,大学,,0
05774-1.opus,1413250,だいがくいん,大学院,,4
05776-1.opus,1413250,だいがくいん,大学院,,4
05777-1.opus,1411340,たいがく,退学,する,0
05778-1.opus,1409940,たいがん,対岸,,0
05780-1.opus,1410600,たいき,待機,する,
05782-1.opus,1817160,たいきゅうせい,耐久性,,0
05783-1.opus,1411370,たいきょ,退去,する,1
05785-1.opus,1413690,だいく,大工,,1
05786-1.opus,1596750,たいくつ,退屈,な,0
05787-1.opus,1409370,たいけい,体型,,0
05788-1.opus,1409390,たいけい,体系,,0
05789-1.opus,1409420,たいけん,体験,する,0
05790-1.opus,1409420,たいけん,体験,する,0
05791-1.opus,1408260,たいこ,太古,,1
05792-1.opus,1408280,たいこ,太鼓,,0
05793-1.opus,1655350,たいこうしゃ,対向車,,3
05794-1.opus,1410020,たいこう,対抗,する,0
05795-1.opus,1410020,たいこう,対抗,する,0
05796-1.opus,1413720,だいこくばしら,大黒柱,,5
05797-1.opus,1413730,だいこん,大根,,
05798-1.opus,1413750,たいさ,大差,,
05799-1.opus,1412600,だいざ,台座,,0
05800-1.opus,1410930,たいざい,滞在,する,0
05801-1.opus,1410050,たいさく,対策,,0
05802-1.opus,1415380,だいさんしゃ,第三者,,
05803-1.opus,1413880,たいし,大使,,1
05804-1.opus,1413920,たいし,大志,,1
05805-1.opus,1410980,たいじ,胎児,,1
05806-1.opus,1413890,たいしかん,大使館,,3
05807-1.opus,1411390,たいじ,退治,する,
05808-1.opus,1412960,たいした,大した,,1
05809-1.opus,1409520,たいしつ,体質,,0
05810-1.opus,1413940,だいじ,大事,な,
05811-1.opus,1414050,たいしゅう,大衆,,0
05812-1.opus,1409540,たいじゅう,体重,,0
05813-1.opus,1409540,たいじゅう,体重,,0
05814-1.opus,1581510,たいしょう,大将,,1
05815-1.opus,1410120,たいしょう,対象,,0
05817-1.opus,1414110,だいしょう,大小,,1
05818-1.opus,1619510,たいじょう,退場,する,0
05819-1.opus,1713980,たいしょうてき,対照的,な,0
05821-1.opus,1414150,だいじょうぶ,大丈夫,,3
05822-1.opus,1411420,たいしょく,退職,する,0
05824-1.opus,1410070,たいしょ,対処,する,1
05825-1.opus,1411930,だいしょ,代署,する,0
05826-1.opus,1414160,だいじん,大臣,,1
05827-1.opus,1414680,だいず,大豆,,0
05828-1.opus,1409550,たいせい,体制,,0
05830-1.opus,1410770,たいせい,態勢,,0
05831-1.opus,1414310,たいせいよう,大西洋,,3
05832-1.opus,1409560,たいせき,体積,,1
05833-1.opus,1414340,たいせつ,大切,な,0
05834-1.opus,1409580,たいそう,体操,,0
05835-1.opus,1623530,だいそつ,大卒,,0
05836-1.opus,1414470,だいたい,大体,,
05838-1.opus,1412080,だいたいぶつ,代替物,,3
05839-1.opus,1410230,たいだん,対談,する,0
05840-1.opus,1412710,だいち,台地,,
05841-1.opus,1409610,たいちょう,体調,,0
05842-1.opus,1411530,たいちょう,隊長,,0
05843-1.opus,1414560,だいちょう,大腸,,1
05844-1.opus,1414580,たいてい,大抵,,0
05845-1.opus,1410780,たいど,態度,,1
05846-1.opus,1410780,たいど,態度,,1
05848-1.opus,1410250,たいとう,対等,な,0
05849-1.opus,1414650,だいとうりょう,大統領,,3
05851-1.opus,1412640,だいどころ,台所,,0
05852-1.opus,1412640,だいどころ,台所,,0
05853-1.opus,1596760,たいにち,対日,,0
05854-1.opus,1414750,だいのう,大脳,,
05855-1.opus,1410940,たいのう,滞納,する,0
05856-1.opus,1610180,たいはいてき,退廃的,な,0
05857-1.opus,1409790,たいひ,堆肥,,
05858-1.opus,1410260,たいひ,対比,する,
05859-1.opus,1412170,だいひょう,代表,する,0
05860-1.opus,1412170,だいひょう,代表,する,0
05861-1.opus,1414920,だいぶ,大分,,0
05864-1.opus,1596780,たいふう,台風,,3
05865-1.opus,1414890,だいぶつ,大仏,,
05866-1.opus,1408360,たいへいよう,太平洋,,3
05867-1.opus,1408360,たいへいよう,太平洋,,3
05868-1.opus,1415010,だいべん,大便,,
05869-1.opus,1412300,だいべん,代弁,する,0
05871-1.opus,1415000,たいへん,大変,な,0
05872-1.opus,1415090,たいぼく,大木,,0
05873-1.opus,1411470,たいほ,逮捕,する,1
05874-1.opus,1890760,たいほれき,逮捕歴,,
05875-1.opus,1415490,だいめい,題名,,0
05876-1.opus,1415490,だいめい,題名,,0
05877-1.opus,1408370,たいよう,太陽,,1
05879-1.opus,1411240,たいよ,貸与,する,1
05880-1.opus,1506930,たいら,平ら,な,0
05881-1.opus,1415150,たいりく,大陸,,
05882-1.opus,1410290,たいりつ,対立,する,0
05883-1.opus,1410290,たいりつ,対立,する,0
05884-1.opus,1415190,たいりょう,大量,な,0
05885-1.opus,1409760,たいりょく,体力,,1
05886-1.opus,1409760,たいりょく,体力,,1
05888-1.opus,1415450,だいろっかん,第六感,,1
05890-1.opus,1412840,たいわん,台湾,,3
05891-1.opus,1442810,たうえ,田植え,,3
05892-1.opus,1442810,たうえ,田植え,,3
05893-1.opus,1408420,だえき,唾液,,0
05894-1.opus,1386710,たえる,絶える,,2
05895-1.opus,1445770,たおす,倒す,,2
05896-1.opus,1445790,たおれる,倒れる,,3
05897-1.opus,1283190,たかい,高い,,2
05898-1.opus,1406960,たかい,他界,する,0
05899-1.opus,1268790,たがいちがい,互い違い,,
05900-1.opus,1407520,たがく,多額,,0
05901-1.opus,5292182,たかなわ,高輪,,0
05902-1.opus,1283220,たかまる,高まる,,3
05903-1.opus,1283240,たかめる,高める,,3
05904-1.opus,1280950,たがやす,耕す,,3
05905-1.opus,1516160,たから,宝,,3
05906-1.opus,1516170,たからくじ,宝くじ,,
05907-1.opus,2239300,たからさがし,宝探し,,4
05908-1.opus,1516230,たからじま,宝島,,0
05909-1.opus,1516230,たからじま,宝島,,0
05910-1.opus,1584080,たからもの,宝物,,
05911-1.opus,1408510,だきょう,妥協,する,0
05912-1.opus,1891050,たきょくか,多極化,する,0
05913-1.opus,2844997,だく,抱く,,0
05914-1.opus,1415590,たくえつ,卓越,する,0
05915-1.opus,1415590,たくえつ,卓越,する,0
05916-1.opus,1415620,たっけん,卓見,,0
05917-1.opus,1415870,たくさん,沢山,,3
05918-1.opus,1415660,たくじょう,卓上,,0
05919-1.opus,1415690,たくばつ,卓抜,な,0
05920-1.opus,1619560,たくりつ,卓立,する,0
05921-1.opus,1422230,たけ,竹,,0
05922-1.opus,1422360,たけうま,竹馬,,0
05923-1.opus,1408870,だげき,打撃,,0
05924-1.opus,1422290,たけざいく,竹細工,,3
05925-1.opus,1596900,たけのこ,竹の子,,0
05926-1.opus,1408890,ださんてき,打算的,な,0
05927-1.opus,1205780,たしかめる,確かめる,,4
05928-1.opus,1404680,たしざん,足し算,,2
05929-1.opus,1408900,だしゃ,打者,,1
05931-1.opus,1407810,たしょう,多少,,0
05932-1.opus,1408910,だしん,打診,する,0
05933-1.opus,1404700,たす,足す,,0
05934-1.opus,1338180,だす,出す,,1
05935-1.opus,1407860,たすう,多数,,2
05936-1.opus,1344380,たすかる,助かる,,3
05937-1.opus,1344430,たすけあう,助け合う,,
05938-1.opus,1344490,たすけぶね,助け船,,
05939-1.opus,1344410,たすける,助ける,,3
05940-1.opus,1518070,たずねる,訪ねる,,3
05941-1.opus,1576750,たそがれ,黄昏,,0
05942-1.opus,1596960,たたかう,戦う,,0
05943-1.opus,1376600,ただしい,正しい,,3
05944-1.opus,1376630,ただす,正す,,2
05945-1.opus,1610220,ただす,正す,,2
05945-2.opus,1599390,なおす,直す,,2
05946-1.opus,1356750,たたみ,畳,,0
05947-1.opus,1356830,たたみがえ,畳替え,,
05948-1.opus,1356790,たたみや,畳屋,,0
05949-1.opus,1356780,たたむ,畳む,,0
05950-1.opus,1838030,たちおうじょう,立ち往生,する,3
05951-1.opus,1551710,たちば,立場,,1
05952-1.opus,1551710,たちば,立場,,1
05953-1.opus,1551450,たちよみ,立ち読み,する,0
05954-1.opus,1597045,たつ,建つ,,1
05955-1.opus,1597030,たつ,断つ,,1
05956-1.opus,2857436,たつ,発つ,,1
05957-1.opus,1597040,たつ,立つ,,1
05958-1.opus,1251100,たつ,経つ,,1
05959-1.opus,1597030,たつ,絶つ,,1
05960-1.opus,1296050,たつ,裁つ,,1
05961-1.opus,1581570,だついじょ,脱衣所,,0
05963-1.opus,1415610,たっきゅう,卓球,,0
05964-1.opus,1415760,たっきゅうびん,宅急便,,
05965-1.opus,1415760,たっきゅうびん,宅急便,,
05966-1.opus,1416470,だっこくき,脱穀機,,
05967-1.opus,1623770,だつごく,脱獄,する,0
05968-1.opus,1516410,だっこ,抱っこ,する,1
05969-1.opus,1416520,だっしゅつ,脱出,する,0
05970-1.opus,1416530,だっしょく,脱色,する,0
05971-1.opus,1416230,たっする,達する,,
05972-1.opus,1416550,だつぜい,脱税,する,0
05974-1.opus,1416560,だっせん,脱線,する,0
05975-1.opus,1416560,だっせん,脱線,する,0
05976-1.opus,1610240,だっそう,脱走,する,0
05978-1.opus,1598640,たっとぶ,貴ぶ,,3
05978-2.opus,1598640,とうとぶ,貴ぶ,,3
05979-1.opus,1327630,たづな,手綱,,0
05980-1.opus,1416600,だっぴ,脱皮,する,0
05981-1.opus,1416620,だつぼう,脱帽,する,0
05983-1.opus,1416640,だつらく,脱落,する,0
05984-1.opus,1335640,たて,縦,,1
05985-1.opus,1661350,たていと,縦糸,,0
05986-1.opus,1335680,たてがき,縦書き,,0
05987-1.opus,1597110,たてまえ,建前,,
05988-1.opus,1257540,たてもの,建物,,
05989-1.opus,1257540,たてもの,建物,,
05990-1.opus,1257330,たてる,建てる,,2
05991-1.opus,1551530,たてる,立てる,,2
05992-1.opus,1408940,だとう,打倒,する,0
05993-1.opus,1408940,だとう,打倒,する,0
05994-1.opus,1556370,たとえば,例えば,,2
05995-1.opus,1597130,たとえる,例える,,
05996-1.opus,5543705,たなか,田中,,0
05999-1.opus,1581590,たに,谷,,
06000-1.opus,1416750,たにがわ,谷川,,0
06001-1.opus,1416740,たにま,谷間,,
06002-1.opus,1581400,たにん,他人,,0
06003-1.opus,1328820,たね,種,,1
06004-1.opus,1207240,たのしい,楽しい,,3
06005-1.opus,1207250,たのしみ,楽しみ,,
06006-1.opus,1207270,たのしむ,楽しむ,,3
06007-1.opus,1548370,たのむ,頼む,,2
06008-1.opus,1548380,たのもしい,頼もしい,,4
06009-1.opus,1597150,たばこ,煙草,,0
06010-1.opus,1408950,だは,打破,する,1
06011-1.opus,1442830,たはた,田畑,,1
06012-1.opus,1581320,たばねる,束ねる,,3
06013-1.opus,1553120,たび,旅,,2
06014-1.opus,1404920,たび,足袋,,1
06015-1.opus,1553220,たびさき,旅先,,
06016-1.opus,1553280,たびじ,旅路,,0
06017-1.opus,1553270,たびだつ,旅立つ,,3
06018-1.opus,1007270,たびに,度に,,
06019-1.opus,1553210,たびびと,旅人,,0
06020-1.opus,1407980,たぶん,多分,,
06021-1.opus,1407980,たぶん,多分,,
06022-1.opus,1358340,たべもの,食べ物,,
06023-1.opus,1358340,たべもの,食べ物,,
06024-1.opus,1358280,たべる,食べる,,2
06025-1.opus,1408020,たべん,多弁,な,0
06026-1.opus,1408040,たぼう,多忙,な,0
06027-1.opus,1240530,たま,弾,,2
06028-1.opus,1240530,たま,玉,,2
06030-1.opus,1549140,たまご,卵,,
06032-1.opus,1585080,たまごがた,卵形,,0
06033-1.opus,1585080,たまごがた,卵形,,0
06034-1.opus,1597170,たまごやき,卵焼き,,0
06035-1.opus,1240670,たまねぎ,玉葱,,3
06036-1.opus,1534920,だまりこむ,黙り込む,,
06037-1.opus,1528570,たみ,民,,1
06038-1.opus,1597190,ためいき,ため息,,3
06039-1.opus,1312260,ためす,試す,,2
06040-1.opus,1409110,だめ,駄目,な,2
06041-1.opus,1408090,たもくてき,多目的,,2
06042-1.opus,1513250,たもつ,保つ,,2
06043-1.opus,1386750,たやす,絶やす,,2
06044-1.opus,1512410,たより,便り,,1
06045-1.opus,1548400,たよりない,頼りない,,4
06046-1.opus,1597200,たよる,頼る,,2
06047-1.opus,1408480,だらく,堕落,する,0
06048-1.opus,1370840,たらす,垂らす,,2
06049-1.opus,1408980,だりつ,打率,,0
06050-1.opus,1408170,たりょう,多量,,0
06051-1.opus,1404740,たりる,足りる,,0
06052-1.opus,1416280,だるま,達磨,,0
06053-1.opus,1370860,たれ,垂れ,,2
06054-1.opus,1416830,だれ,誰,,1
06055-1.opus,1597230,たれまく,垂れ幕,,
06056-1.opus,1370870,たれる,垂れる,,2
06057-1.opus,1583390,たわら,俵,,
06058-1.opus,1419410,だんあつ,弾圧,する,0
06060-1.opus,1417040,たんい,単位,,1
06061-1.opus,1417040,たんい,単位,,1
06062-1.opus,1418630,たんか,短歌,,1
06063-1.opus,1418630,たんか,短歌,,1
06065-1.opus,1419950,だんかい,段階,,0
06066-1.opus,1418490,たんか,炭化,する,0
06068-1.opus,1419440,だんがん,弾丸,,0
06069-1.opus,1623620,だんき,暖気,,1
06070-1.opus,1854360,たんきかん,短期間,,
06071-1.opus,1418670,たんき,短気,な,1
06072-1.opus,1418290,たんきゅう,探究,する,0
06073-1.opus,1418290,たんきゅう,探究,する,0
06074-1.opus,1419230,だんけつ,団結,する,0
06075-1.opus,1597250,たんけん,探検,する,0
06076-1.opus,1597250,たんけん,探検,する,0
06078-1.opus,1419590,だんげん,断言,する,
06079-1.opus,1418300,たんけんたい,探検隊,,0
06080-1.opus,1417330,たんご,単語,,0
06081-1.opus,1417330,たんご,単語,,0
06082-1.opus,1597260,たんこう,炭坑,,0
06083-1.opus,1597260,たんこう,炭鉱,,0
06084-1.opus,1418700,たんざく,短冊,,
06085-1.opus,1418530,たんさん,炭酸,,0
06086-1.opus,1418880,たんし,端子,,1
06087-1.opus,1942210,だんしがくせい,男子学生,,
06088-1.opus,1419650,だんじき,断食,,
06089-1.opus,1419650,だんじき,断食,する,
06090-1.opus,1418740,たんしゅく,短縮,する,0
06091-1.opus,1417550,たんじゅん,単純,な,0
06092-1.opus,1417550,たんじゅん,単純,な,0
06093-1.opus,1418760,たんしょ,短所,,1
06094-1.opus,1418890,たんしょ,端緒,,1
06094-2.opus,1418890,たんちょ,端緒,,1
06095-1.opus,1419080,たんじょう,誕生,する,0
06096-1.opus,1419110,たんじょうび,誕生日,,3
06097-1.opus,1419110,たんじょうび,誕生日,,3
06098-1.opus,1418770,たんしん,短針,,0
06099-1.opus,1418560,たんすいかぶつ,炭水化物,,5
06100-1.opus,1661320,たんすいこ,淡水湖,,3
06101-1.opus,1420160,だんせい,男性,,0
06102-1.opus,1418570,たんそ,炭素,,1
06103-1.opus,1623710,だんそう,弾倉,,0
06104-1.opus,1704990,だんぞくてき,断続的,な,0
06106-1.opus,1419270,だんたい,団体,,0
06107-1.opus,1597360,だんだんばたけ,段々畑,,5
06108-1.opus,1597360,だんだんばたけ,段々畑,,5
06109-1.opus,1419730,だんちょうのおもい,断腸の思い,,
06111-1.opus,1418940,たんてき,端的,な,0
06112-1.opus,1418800,たんとう,短刀,,
06113-1.opus,1419850,だんとう,暖冬,,0
06114-1.opus,1418160,たんとう,担当,する,0
06115-1.opus,1418160,たんとう,担当,する,0
06116-1.opus,1417780,たんどく,単独,,0
06117-1.opus,1417780,たんどく,単独,,0
06118-1.opus,1417030,たんに,単に,,1
06119-1.opus,1418200,たんにん,担任,する,0
06120-1.opus,1418200,たんにん,担任,する,0
06121-1.opus,1419780,だんねん,断念,する,3
06122-1.opus,1597300,たんぺん,短編,,0
06123-1.opus,1419790,だんぺん,断片,,
06124-1.opus,1442840,たんぼ,田んぼ,,0
06125-1.opus,1418210,たんぽ,担保,,1
06126-1.opus,1419860,だんぼう,暖房,,0
06127-1.opus,1419810,だんめん,断面,,
06128-1.opus,1419520,だんやく,弾薬,,0
06129-1.opus,1420230,だんゆう,男優,,0
06130-1.opus,1419980,だんらく,段落,,
06131-1.opus,1419980,だんらく,段落,,
06132-1.opus,1418850,たんらくてき,短絡的,な,
06133-1.opus,1419880,だんりゅう,暖流,,0
06134-1.opus,1623670,だんりょくせい,弾力性,,0
06135-1.opus,1419900,だんろ,暖炉,,1
06136-1.opus,1255060,ち,血,,0
06137-1.opus,1316840,ちあん,治安,,
06139-1.opus,1420780,ちい,地位,,1
06140-1.opus,1420800,ちいき,地域,,1
06141-1.opus,1347750,ちいさい,小さい,,3
06142-1.opus,1420530,ちえ,知恵,,2
06143-1.opus,1420840,ちか,地下,,
06144-1.opus,1622620,ちかい,地階,,0
06145-1.opus,1242130,ちかい,近い,,2
06146-1.opus,1158880,ちがう,違う,,
06147-1.opus,1420870,ちかがい,地下街,,2
06148-1.opus,1242160,ちかく,近く,,
06149-1.opus,1420510,ちかく,知覚,する,0
06150-1.opus,1242170,ちかづく,近付く,,
06151-1.opus,1420900,ちかてつ,地下鉄,,0
06154-1.opus,1420910,ちかどう,地下道,,2
06155-1.opus,1597380,ちかみち,近道,,2
06157-1.opus,1554820,ちから,力,,
06158-1.opus,1420570,ちき,知己,,
06159-1.opus,1420970,ちきゅう,地球,,0
06160-1.opus,1420970,ちきゅう,地球,,0
06161-1.opus,1610310,ちぎれる,千切れる,,3
06162-1.opus,1421020,ちく,地区,,
06163-1.opus,1893070,ちくさんぎょう,畜産業,,
06164-1.opus,1422190,ちくしゃ,畜舎,,
06165-1.opus,1422200,ちくしょう,畜生,,3
06166-1.opus,1581660,ちくじょう,築城,する,0
06168-1.opus,1422440,ちくせき,蓄積,する,0
06169-1.opus,1422380,ちくばのとも,竹馬の友,,
06170-1.opus,1422380,ちくばのとも,竹馬の友,,
06171-1.opus,1422400,ちくりん,竹林,,0
06172-1.opus,1421780,ちご,稚児,,
06173-1.opus,1422050,ちこく,遅刻,する,0
06174-1.opus,1422050,ちこく,遅刻,する,0
06175-1.opus,1255340,ちしお,血潮,,
06177-1.opus,1420590,ちしき,知識,,1
06178-1.opus,1893120,ちしきそう,知識層,,3
06179-1.opus,1622880,ちしきよく,知識欲,,3
06180-1.opus,1421670,ちじょく,恥辱,,0
06181-1.opus,1421670,ちじょく,恥辱,,0
06182-1.opus,1420620,ちじん,知人,,0
06184-1.opus,1421290,ちず,地図,,1
06185-1.opus,1420630,ちせい,知性,,
06186-1.opus,1421320,ちそう,地層,,0
06187-1.opus,1421360,ちたい,地帯,,
06188-1.opus,1464980,ちち,乳,,
06189-1.opus,1497610,ちち,父,,
06190-1.opus,1497680,ちちおや,父親,,0
06191-1.opus,1497680,ちちおや,父親,,0
06192-1.opus,1497700,ちちかた,父方,,0
06193-1.opus,1337560,ちぢむ,縮む,,0
06194-1.opus,1337570,ちぢめる,縮める,,0
06195-1.opus,1337580,ちぢらす,縮らす,,0
06196-1.opus,1337590,ちぢれる,縮れる,,0
06197-1.opus,1422520,ちつじょ,秩序,,
06198-1.opus,1422540,ちっそく,窒息,する,0
06199-1.opus,1420650,ちてき,知的,な,0
06200-1.opus,1389070,ちどり,千鳥,,1
06201-1.opus,1622800,ちのうはん,知能犯,,2
06202-1.opus,1582760,ちぶさ,乳房,,1
06203-1.opus,1421440,ちへいせん,地平線,,0
06204-1.opus,1421450,ちほう,地方,,
06205-1.opus,1622590,ちほうしょく,地方色,,2
06206-1.opus,1255190,ちまなこ,血眼,,
06207-1.opus,1620350,ちまみれ,血塗れ,,
06208-1.opus,1422720,ちゃいろ,茶色,,0
06209-1.opus,1616520,ちゃくがん,着眼,する,0
06210-1.opus,1423050,ちゃくじつ,着実,な,0
06211-1.opus,1423130,ちゃくせき,着席,する,0
06212-1.opus,1423280,ちゃくりく,着陸,する,0
06213-1.opus,1422760,ちゃづつ,茶筒,,0
06214-1.opus,1422610,ちゃのゆ,茶の湯,,0
06215-1.opus,1422610,ちゃのゆ,茶の湯,,0
06216-1.opus,1426530,ちゅうい,注意,する,1
06217-1.opus,1426530,ちゅうい,注意,する,1
06218-1.opus,1423430,ちゅうおう,中央,,
06219-1.opus,1423470,ちゅうおうぐち,中央口,,
06220-1.opus,1893520,ちゅうおうせん,中央線,,
06221-1.opus,1426570,ちゅうかい,注解,,0
06222-1.opus,1623260,ちゅうがい,虫害,,0
06223-1.opus,1425760,ちゅうかいしゃ,仲介者,,3
06224-1.opus,1425750,ちゅうかい,仲介,する,0
06226-1.opus,1426110,ちゅうがえり,宙返り,,3
06227-1.opus,1423650,ちゅうがっこう,中学校,,3
06229-1.opus,1423600,ちゅうかりょうり,中華料理,,4
06231-1.opus,1426120,ちゅうぎ,忠義,,1
06232-1.opus,1423870,ちゅうきゅう,中級,,0
06233-1.opus,1424090,ちゅうけん,中堅,,0
06234-1.opus,1426130,ちゅうこう,忠孝,,
06235-1.opus,1424270,ちゅうごく,中国,,
06236-1.opus,1424270,ちゅうごく,中国,,
06237-1.opus,1426140,ちゅうこく,忠告,する,0
06238-1.opus,1426140,ちゅうこく,忠告,する,0
06239-1.opus,1425900,ちゅうさい,仲裁,する,0
06241-1.opus,1426890,ちゅうざい,駐在,する,0
06242-1.opus,1425930,ちゅうさいにん,仲裁人,,
06243-1.opus,1424410,ちゅうし,中止,する,0
06244-1.opus,1616640,ちゅうし,注視,する,
06245-1.opus,1012210,ちゅうじつ,忠実,な,0
06246-1.opus,1426590,ちゅうしゃ,注射,,0
06248-1.opus,1426920,ちゅうしゃじょう,駐車場,,0
06249-1.opus,1426910,ちゅうしゃ,駐車,する,0
06250-1.opus,1424500,ちゅうしょう,中傷,する,0
06251-1.opus,1426200,ちゅうしょうてき,抽象的,,0
06252-1.opus,1602330,ちゅうしょく,昼食,,0
06253-1.opus,1424550,ちゅうしん,中心,,0
06254-1.opus,1623380,ちゅうしん,忠臣,,
06255-1.opus,1426780,ちゅうすいえん,虫垂炎,,3
06256-1.opus,1424690,ちゅうせい,中世,,1
06257-1.opus,1426170,ちゅうせい,忠誠,,0
06258-1.opus,2133400,ちゅうせいしん,忠誠心,,3
06259-1.opus,1424820,ちゅうぜつ,中絶,する,0
06260-1.opus,1426220,ちゅうせん,抽選,する,0
06261-1.opus,1653270,ちゅうそつ,中卒,,0
06262-1.opus,1424900,ちゅうだん,中断,する,0
06263-1.opus,1597570,ちゅうづり,宙づり,,0
06264-1.opus,1426930,ちゅうていしゃ,駐停車,する,
06265-1.opus,1425080,ちゅうとう,中東,,0
06266-1.opus,1425160,ちゅうどく,中毒,,1
06267-1.opus,1426940,ちゅうとん,駐屯,する,0
06268-1.opus,1426960,ちゅうとんち,駐屯地,,3
06269-1.opus,1893730,ちゅうにちたいし,駐日大使,,
06270-1.opus,1425240,ちゅうねん,中年,,0
06272-1.opus,1426670,ちゅうもく,注目,する,0
06273-1.opus,1426670,ちゅうもく,注目,する,0
06274-1.opus,1426650,ちゅうもん,注文,する,0
06275-1.opus,1426980,ちゅうりゅう,駐留,する,0
06276-1.opus,1427000,ちゅうりんじょう,駐輪場,,0
06278-1.opus,1427240,ちょう,丁,,1
06279-1.opus,1427430,ちょう,兆,,1
06280-1.opus,1428960,ちょう,腸,,1
06281-1.opus,1428220,ちょうえき,懲役,,0
06282-1.opus,1429360,ちょうえつ,超越,する,0
06284-1.opus,1622980,ちょうえん,腸炎,,1
06285-1.opus,1742400,ちょうおんぱ,超音波,,3
06286-1.opus,1429410,ちょうか,超過,する,0
06288-1.opus,1428320,ちょうかん,朝刊,,0
06289-1.opus,1429820,ちょうかん,長官,,0
06290-1.opus,1429850,ちょうき,長期,,1
06291-1.opus,1427530,ちょうけし,帳消し,,0
06292-1.opus,1597620,ちょうこう,兆候,,0
06294-1.opus,1428890,ちょうこう,聴講,する,0
06295-1.opus,1427980,ちょうこく,彫刻,,0
06297-1.opus,1429120,ちょうさ,調査,する,1
06298-1.opus,1429170,ちょうし,調子,,0
06300-1.opus,1429990,ちょうじかん,長時間,,3
06301-1.opus,1615240,ちょうしぜんてき,超自然的,な,
06302-1.opus,1427600,ちょうしゃ,庁舎,,1
06303-1.opus,1428910,ちょうしゅう,聴衆,,0
06304-1.opus,1430030,ちょうしょ,長所,,1
06305-1.opus,1430040,ちょうじょ,長女,,1
06306-1.opus,1430040,ちょうじょ,長女,,1
06307-1.opus,1430220,ちょうじょう,頂上,,3
06309-1.opus,1428390,ちょうしょく,朝食,,0
06311-1.opus,1623010,ちょうじり,帳尻,,
06312-1.opus,1623180,ちょうしん,長針,,0
06313-1.opus,1429470,ちょうじん,超人,,0
06314-1.opus,1429200,ちょうせい,調整,する,0
06316-1.opus,1429240,ちょうせつ,調節,する,0
06317-1.opus,1428240,ちょうせん,挑戦,する,0
06318-1.opus,1742480,ちょうぜん,超然,たる,0
06319-1.opus,1430230,ちょうだい,頂戴,する,
06320-1.opus,1429250,ちょうたつ,調達,する,0
06321-1.opus,1428790,ちょうちょう,町長,,1
06322-1.opus,2031980,ちょうちょうはっし,丁々発止,,5
06323-1.opus,1436450,ちょうちん,提灯,,3
06325-1.opus,1429260,ちょうてい,調停,する,0
06326-1.opus,1430240,ちょうてん,頂点,,1
06327-1.opus,1427340,ちょうど,丁度,,0
06328-1.opus,1429530,ちょうとっきゅう,超特急,,3
06329-1.opus,1430080,ちょうなん,長男,,
06330-1.opus,1430080,ちょうなん,長男,,
06331-1.opus,1579980,ちょうふく,重複,する,0
06332-1.opus,1428130,ちょうへい,徴兵,する,0
06333-1.opus,1430110,ちょうへん,長編,,0
06334-1.opus,1427560,ちょうぼ,帳簿,,0
06335-1.opus,1430130,ちょうほうけい,長方形,,
06336-1.opus,1776810,ちょうめい,町名,,0
06337-1.opus,1429320,ちょうりつ,調律,する,0
06338-1.opus,1428720,ちょうりゅう,潮流,,0
06339-1.opus,1430330,ちょうるい,鳥類,,1
06340-1.opus,1429330,ちょうわ,調和,する,0
06341-1.opus,1427170,ちょきん,貯金,する,0
06342-1.opus,1430930,ちょくご,直後,,
06343-1.opus,1894110,ちょくしゃにっこう,直射日光,,
06344-1.opus,1431060,ちょくじょうけいこう,直情径行,,0
06345-1.opus,1431110,ちょくせつ,直接,,0
06347-1.opus,1431310,ちょくせん,直線,,0
06348-1.opus,1431330,ちょくぜん,直前,,0
06349-1.opus,1431540,ちょくめん,直面,する,0
06350-1.opus,1427090,ちょさく,著作,,0
06351-1.opus,1427100,ちょさくけん,著作権,,
06352-1.opus,1427110,ちょしゃ,著者,,1
06353-1.opus,1427110,ちょしゃ,著者,,1
06354-1.opus,1427130,ちょじゅつか,著述家,,0
06355-1.opus,1427210,ちょすいち,貯水池,,2
06356-1.opus,1427210,ちょすいち,貯水池,,2
06358-1.opus,1427220,ちょぞう,貯蔵,する,0
06359-1.opus,1597700,ちょちく,貯蓄,する,0
06360-1.opus,1430850,ちょっかん,直感,する,0
06361-1.opus,1597720,ちょっけい,直径,,0
06362-1.opus,1430880,ちょっけい,直系,,0
06363-1.opus,1430910,ちょっけつ,直結,する,0
06364-1.opus,1942860,ちょっこうびん,直行便,,
06365-1.opus,1427150,ちょめい,著名,な,0
06366-1.opus,1303420,ちらかす,散らかす,,0
06367-1.opus,1303460,ちらす,散らす,,
06368-1.opus,1303480,ちらばる,散らばる,,0
06370-1.opus,1316890,ちりょう,治療,する,0
06371-1.opus,1303490,ちる,散る,,
06372-1.opus,1432020,ちんあげ,賃上げ,,0
06373-1.opus,1431690,ちんか,沈下,する,
06374-1.opus,1431990,ちんぎん,賃金,,1
06375-1.opus,1894210,ちんげんしょう,珍現象,,
06376-1.opus,1431720,ちんしもっこう,沈思黙考,する,1
06377-1.opus,1432180,ちんじゅつ,陳述,する,0
06378-1.opus,1431740,ちんせい,沈静,する,0
06379-1.opus,1432030,ちんたい,賃貸,,
06380-1.opus,1431750,ちんたい,沈滞,する,0
06381-1.opus,2032000,ちんちゃくれいせい,沈着冷静,な,
06382-1.opus,1431900,ちんちょう,珍重,する,0
06383-1.opus,1431940,ちんぴん,珍品,,0
06384-1.opus,1610360,ちんぷんかんぷん,珍紛漢紛,な,
06385-1.opus,1431800,ちんぼつ,沈没,する,0
06386-1.opus,1431970,ちんみ,珍味,,
06387-1.opus,1615200,ちんみょう,珍妙,な,
06388-1.opus,1431810,ちんもく,沈黙,する,0
06389-1.opus,1409810,つい,対,,0
06390-1.opus,1432460,ついか,追加,する,0
06392-1.opus,1432490,ついきゅう,追求,する,0
06393-1.opus,1432490,ついきゅう,追求,する,0
06394-1.opus,1432500,ついきゅう,追究,する,0
06395-1.opus,1432530,ついじゅう,追従,する,0
06396-1.opus,1661870,ついしょう,追従,,0
06398-1.opus,1432540,ついしん,追伸,,0
06399-1.opus,1432560,ついせき,追跡,する,0
06400-1.opus,2225040,ついたち,一日,,4
06401-1.opus,1432640,ついとつ,追突,する,0
06403-1.opus,1432670,ついほう,追放,する,0
06404-1.opus,1432670,ついほう,追放,する,0
06405-1.opus,1484600,ついやす,費やす,,
06406-1.opus,1432240,ついらく,墜落,する,0
06407-1.opus,1433050,つうか,通貨,,1
06408-1.opus,1432750,つうかい,痛快,な,0
06409-1.opus,1433090,つうがく,通学,する,0
06410-1.opus,1433070,つうか,通過,する,0
06411-1.opus,1433140,つうきん,通勤,する,0
06413-1.opus,1433240,つうしょう,通商,,0
06414-1.opus,1433330,つうしん,通信,する,0
06415-1.opus,1433470,つうち,通知,する,0
06416-1.opus,1433490,つうちょう,通帳,,0
06417-1.opus,1433530,つうほう,通報,する,0
06418-1.opus,1433560,つうやく,通訳,する,1
06419-1.opus,1433600,つうろ,通路,,1
06420-1.opus,1305770,つかいならす,使い慣らす,,5
06421-1.opus,1305990,つかう,使う,,0
06422-1.opus,1304760,つかえる,仕える,,
06423-1.opus,1404490,つかのま,束の間,,0
06424-1.opus,1597780,つかまえる,捕まえる,,0
06425-1.opus,1514110,つかまる,捕まる,,0
06426-1.opus,1483760,つかれはてる,疲れ果てる,,5
06427-1.opus,1483740,つかれる,疲れる,,3
06428-1.opus,1316380,つぎ,次,,2
06429-1.opus,1717280,つきじ,築地,,0
06430-1.opus,1806130,つきなかば,月半ば,,
06431-1.opus,1255810,つきなみ,月並み,な,0
06432-1.opus,1255630,つきみ,月見,,
06433-1.opus,1422150,つきやま,築山,,0
06434-1.opus,1255870,つきよ,月夜,,2
06435-1.opus,1495740,つく,付く,,
06436-1.opus,1331530,つく,就く,,
06437-1.opus,1422970,つく,着く,,
06438-1.opus,1456890,つく,突く,,
06439-1.opus,1385340,つぐ,接ぐ,,0
06440-1.opus,1220210,つくえ,机,,0
06441-1.opus,1597890,つくる,作る,,2
06442-1.opus,1597890,つくる,造る,,2
06443-1.opus,1495750,つけ,付け,,2
06444-1.opus,1286000,つげぐち,告げ口,,
06445-1.opus,1495770,つける,付ける,,2
06446-1.opus,1331540,つける,就ける,,2
06447-1.opus,1285990,つげる,告げる,,0
06448-1.opus,1444980,つごう,都合,,
06449-1.opus,1444980,つごう,都合,,
06450-1.opus,1441870,つたえる,伝える,,
06451-1.opus,1441900,つたわる,伝わる,,0
06452-1.opus,1445270,つち,土,,2
06453-1.opus,1654080,つちいろ,土色,,0
06454-1.opus,1449590,つつ,筒,,
06455-1.opus,1405790,つづく,続く,,0
06456-1.opus,1405800,つづける,続ける,,0
06457-1.opus,1652620,つつぬけ,筒抜け,,0
06458-1.opus,1515340,つつみ,包み,,3
06459-1.opus,1584060,つつむ,包む,,2
06460-1.opus,1445020,つど,都度,,1
06461-1.opus,1333540,つどう,集う,,2
06462-1.opus,1240800,つとまる,務まる,,3
06463-1.opus,1240820,つとめる,努める,,3
06464-1.opus,1240825,つとめる,務める,,3
06465-1.opus,1240825,つとめる,勤める,,3
06466-1.opus,1432220,つなみ,津波,,0
06467-1.opus,1355970,つねに,常に,,1
06468-1.opus,1206120,つの,角,,2
06469-1.opus,1514800,つのる,募る,,2
06470-1.opus,1552890,つぶ,粒,,1
06471-1.opus,1621480,つぶつぶ,粒粒,,
06472-1.opus,1294330,つま,妻,,
06473-1.opus,1226480,つまる,詰まる,,2
06474-1.opus,1296680,つみ,罪,,1
06475-1.opus,1382970,つむ,積む,,0
06476-1.opus,1226490,つむ,詰む,,1
06477-1.opus,1556730,つめたい,冷たい,,
06478-1.opus,1226510,つめる,詰める,,2
06479-1.opus,1382990,つもる,積もる,,
06480-1.opus,1433550,つや,通夜,,1
06481-1.opus,1582960,つゆ,梅雨,,
06482-1.opus,1236070,つよい,強い,,2
06483-1.opus,1236130,つよまる,強まる,,3
06484-1.opus,1236150,つよめる,強める,,3
06485-1.opus,1584690,つら,面,,2
06486-1.opus,1559240,つらなる,連なる,,3
06487-1.opus,1559250,つらねる,連ねる,,3
06488-1.opus,1598160,つりせん,釣り銭,,
06489-1.opus,1598180,つりばし,吊り橋,,0
06490-1.opus,1598200,つりぶね,釣り舟,,0
06491-1.opus,1598220,つれていく,連れて行く,,
06492-1.opus,1598240,てあて,手当て,する,1
06493-1.opus,1616330,てあら,手荒,な,0
06495-1.opus,1436320,ていあん,提案,する,0
06496-1.opus,1435400,ていいん,定員,,0
06497-1.opus,1436140,ていえん,庭園,,0
06498-1.opus,1436140,ていえん,庭園,,0
06499-1.opus,1435840,ていおう,帝王,,3
06500-1.opus,1607190,ていおん,低温,,0
06501-1.opus,1435410,ていか,定価,,0
06502-1.opus,1435410,ていか,定価,,0
06503-1.opus,1434910,ていがく,停学,,0
06504-1.opus,1434250,ていか,低下,する,0
06505-1.opus,1435530,ていぎ,定義,,
06506-1.opus,1434330,ていきあつ,低気圧,,3
06507-1.opus,1435510,ていきけん,定期券,,3
06509-1.opus,1436340,ていき,提起,する,1
06510-1.opus,1436350,ていぎ,提議,する,1
06511-1.opus,1434350,ていきゅう,低級,,0
06512-1.opus,1435540,ていきゅうび,定休日,,3
06514-1.opus,1436360,ていきょう,提供,する,0
06515-1.opus,1598250,ていけい,定型,,0
06516-1.opus,1436380,ていけい,提携,する,0
06517-1.opus,1436260,ていこう,抵抗,する,0
06518-1.opus,1436260,ていこう,抵抗,する,0
06519-1.opus,1759090,ていこうりょく,抵抗力,,3
06520-1.opus,1435580,ていこく,定刻,,0
06521-1.opus,1435930,ていこくしゅぎ,帝国主義,,5
06522-1.opus,1409480,ていさい,体裁,,0
06523-1.opus,1434920,ていし,停止,する,0
06524-1.opus,1434920,ていし,停止,する,0
06525-1.opus,1436400,ていじ,提示,する,
06526-1.opus,1434960,ていしゃ,停車,する,0
06528-1.opus,1436410,ていしゅつ,提出,する,0
06529-1.opus,1436420,ていしょう,提唱,する,0
06530-1.opus,1434970,ていしょく,停職,,0
06531-1.opus,1436280,ていしょく,抵触,する,0
06532-1.opus,1436280,ていしょく,抵触,する,0
06533-1.opus,1436970,でいすい,泥水,,0
06534-1.opus,1436980,でいすい,泥酔,する,0
06535-1.opus,1434980,ていせん,停戦,する,0
06536-1.opus,1661450,ていそ,定礎,,1
06537-1.opus,1435010,ていたい,停滞,する,0
06538-1.opus,1427290,ていちょう,丁重,な,0
06539-1.opus,1435020,ていでん,停電,,0
06540-1.opus,1435020,ていでん,停電,する,0
06541-1.opus,1436540,ていど,程度,,
06542-1.opus,1436540,ていど,程度,,
06543-1.opus,1437010,でいど,泥土,,1
06544-1.opus,1436290,ていとう,抵当,,0
06545-1.opus,1427360,ていねい,丁寧,な,1
06546-1.opus,1435760,ていひょう,定評,,0
06547-1.opus,1661390,ていへん,底辺,,1
06548-1.opus,1435350,ていぼう,堤防,,0
06549-1.opus,1434730,ていめい,低迷,する,0
06550-1.opus,1661430,ていりゅう,底流,,0
06551-1.opus,1435080,ていりゅうじょ,停留所,,
06553-1.opus,1328120,ておくれ,手後れ,,2
06554-1.opus,1327480,てかがみ,手鏡,,2
06555-1.opus,1598550,でかける,出かける,,0
06556-1.opus,1598550,でかける,出掛ける,,0
06557-1.opus,1327520,てがた,手形,,0
06558-1.opus,1327550,てがたい,手堅い,,
06559-1.opus,1327720,てがみ,手紙,,0
06561-1.opus,1327530,てがる,手軽,な,0
06562-1.opus,1582000,てき,敵,,0
06563-1.opus,1437110,てきい,敵意,,1
06564-1.opus,1437350,てきおう,適応,する,0
06566-1.opus,1437290,てきかく,的確,な,0
06567-1.opus,1437240,てきか,滴下,する,
06568-1.opus,1437120,てきぐん,敵軍,,0
06569-1.opus,1437390,てきごう,適合,する,0
06570-1.opus,1437340,てきする,適する,,3
06571-1.opus,1437410,てきせい,適性,,0
06572-1.opus,1437420,てきせい,適正,な,0
06573-1.opus,1437430,てきせつ,適切,な,0
06574-1.opus,1437160,てきたい,敵対,する,0
06575-1.opus,1437300,てきちゅう,的中,する,0
06576-1.opus,1437450,てきとう,適当,な,0
06577-1.opus,1437440,てきど,適度,な,1
06578-1.opus,1340490,できばえ,出来栄え,,
06579-1.opus,1437500,てきよう,適用,する,0
06580-1.opus,1437530,てきりょう,適量,,0
06581-1.opus,1437550,てきれいき,適齢期,,3
06582-1.opus,1338850,でぐち,出口,,1
06583-1.opus,1327770,てくび,手首,,1
06584-1.opus,1327920,てざわり,手触り,,2
06585-1.opus,1581960,でし,弟子,,2
06586-1.opus,1327810,てじゅん,手順,,
06587-1.opus,1327990,てせい,手製,,0
06588-1.opus,1327840,てだすけ,手助け,,2
06589-1.opus,1598330,てちょう,手帳,,0
06590-1.opus,1598330,てちょう,手帳,,0
06591-1.opus,1437780,てつ,鉄,,0
06592-1.opus,1437610,てつがく,哲学,,
06593-1.opus,1437620,てつがくしゃ,哲学者,,
06594-1.opus,1437630,てつがくてき,哲学的,な,0
06595-1.opus,1437820,てっきょう,鉄橋,,0
06597-1.opus,1437880,てっこう,鉄鋼,,0
06598-1.opus,1437870,てっこうせき,鉄鉱石,,3
06599-1.opus,1437890,てっこつ,鉄骨,,0
06600-1.opus,1437890,てっこつ,鉄骨,,0
06601-1.opus,1437740,てったい,撤退,する,0
06602-1.opus,1328190,てつだう,手伝う,,3
06603-1.opus,1328190,てつだう,手伝う,,3
06604-1.opus,1598350,てつづき,手続き,,2
06605-1.opus,1437680,てっていてき,徹底的,に,0
06606-1.opus,1628800,てっとう,鉄塔,,0
06607-1.opus,1437960,てつどう,鉄道,,0
06608-1.opus,1437970,てっぱん,鉄板,,0
06609-1.opus,1895720,てっぷん,鉄粉,,0
06610-1.opus,1438010,てっぽう,鉄砲,,0
06611-1.opus,1608920,てっぽうだま,鉄砲玉,,0
06612-1.opus,1437700,てつや,徹夜,する,0
06613-1.opus,1661580,てつり,哲理,,1
06614-1.opus,1580300,てのひら,手の平,,
06615-1.opus,1653600,てばた,手旗,,0
06616-1.opus,1328090,てぶくろ,手袋,,2
06617-1.opus,1328030,てまえ,手前,,0
06618-1.opus,1328030,てまえ,手前,,0
06619-1.opus,1653590,てまちん,手間賃,,2
06620-1.opus,1613100,デモたい,デモ隊,,
06621-1.opus,1315240,てら,寺,,
06622-1.opus,1350840,てらす,照らす,,
06623-1.opus,1661530,てらまいり,寺参り,,3
06624-1.opus,1350860,てる,照る,,1
06625-1.opus,1338240,でる,出る,,1
06626-1.opus,1350900,てれくさい,照れくさい,,4
06627-1.opus,1080630,テレビとう,テレビ塔,,0
06628-1.opus,2159920,テレビばんぐみ,テレビ番組,,
06629-1.opus,1350880,てれる,照れる,,2
06630-1.opus,1441390,てん,点,,0
06631-1.opus,1442850,でんあつ,電圧,,0
06632-1.opus,1704200,てんい,転移,する,
06633-1.opus,1440670,てんいん,店員,,0
06634-1.opus,1440670,てんいん,店員,,0
06635-1.opus,1442740,でんえん,田園,,0
06636-1.opus,1442520,でんか,殿下,,1
06637-1.opus,1440600,てんかい,展開,する,0
06638-1.opus,1704250,てんかんき,転換期,,3
06639-1.opus,1441080,てんかん,転換,する,0
06640-1.opus,1438690,てんき,天気,,1
06641-1.opus,1438690,てんき,天気,,1
06642-1.opus,1441090,てんき,転機,,1
06643-1.opus,1441960,でんき,伝記,,0
06644-1.opus,1443000,でんき,電気,,1
06645-1.opus,1443100,でんきだい,電気代,,
06646-1.opus,1765760,でんきや,電気屋,,0
06647-1.opus,1443170,でんきゅう,電球,,0
06648-1.opus,1441100,てんきょ,転居,する,
06650-1.opus,1438770,てんきよほう,天気予報,,4
06651-1.opus,1441120,てんきん,転勤,する,0
06652-1.opus,1438080,てんけい,典型,,0
06653-1.opus,1438090,てんけいてき,典型的,な,0
06654-1.opus,1441540,てんけん,点検,する,0
06656-1.opus,1438970,てんこう,天候,,0
06657-1.opus,1441130,てんこう,転向,する,0
06658-1.opus,1439080,てんごく,天国,,1
06659-1.opus,1582180,でんごん,伝言,する,0
06660-1.opus,1582180,でんごん,伝言,する,0
06661-1.opus,1439090,てんさい,天才,,0
06662-1.opus,1439090,てんさい,天才,,0
06663-1.opus,1439110,てんさい,天災,,0
06664-1.opus,1441580,てんざい,点在,する,0
06665-1.opus,1439170,てんし,天使,,1
06666-1.opus,1441590,てんじ,点字,,0
06667-1.opus,1440610,てんじ,展示,する,0
06668-1.opus,1440610,てんじ,展示,する,0
06669-1.opus,1623840,でんじは,電磁波,,3
06670-1.opus,1623840,でんじは,電磁波,,3
06671-1.opus,1443530,でんしゃ,電車,,
06673-1.opus,1443540,でんしゃちん,電車賃,,3
06674-1.opus,1439320,てんしゅかく,天守閣,,3
06675-1.opus,1442050,でんしょう,伝承,,0
06676-1.opus,1441210,てんしょく,転職,する,0
06677-1.opus,1443380,でんしレンジ,電子レンジ,,4
06678-1.opus,1443380,でんしレンジ,電子レンジ,,4
06679-1.opus,1441660,てんすう,点数,,3
06680-1.opus,1441690,てんせん,点線,,0
06681-1.opus,1443570,でんせん,電線,,0
06683-1.opus,1442110,でんせん,伝染,する,0
06684-1.opus,1442130,でんせんびょう,伝染病,,0
06685-1.opus,1896260,てんだいしゅう,天台宗,,3
06686-1.opus,1443600,でんたく,電卓,,0
06687-1.opus,1442240,でんたつ,伝達,する,0
06688-1.opus,1443620,でんち,電池,,
06689-1.opus,1443630,でんちゅう,電柱,,0
06690-1.opus,1441720,てんてき,点滴,,0
06691-1.opus,1440740,てんとう,店頭,,0
06693-1.opus,1442260,でんとう,伝統,,0
06694-1.opus,1442260,でんとう,伝統,,0
06695-1.opus,1443660,でんとう,電灯,,0
06696-1.opus,1442630,でんどう,殿堂,,0
06697-1.opus,1619700,てんとう,転倒,する,0
06698-1.opus,1619700,てんとう,転倒,する,0
06699-1.opus,1582030,てんのう,天皇,,3
06700-1.opus,1582030,てんのう,天皇,,3
06701-1.opus,1439030,てんのうせい,天皇制,,0
06702-1.opus,1439060,てんのうへいか,天皇陛下,,5
06703-1.opus,1443720,でんぱ,電波,,1
06704-1.opus,1441780,てんびょう,点描,,0
06705-1.opus,1442410,でんぴょう,伝票,,0
06706-1.opus,1440880,てんぷ,添付,する,
06707-1.opus,1442710,でんぷん,澱粉,,0
06708-1.opus,1440640,てんぼう,展望,,0
06709-1.opus,1440370,てんまく,天幕,,1
06710-1.opus,1441790,てんめつ,点滅,する,0
06712-1.opus,1440660,てんらんかい,展覧会,,3
06713-1.opus,1443790,でんりゅう,電流,,0
06714-1.opus,1438180,てんれい,典礼,,0
06715-1.opus,1443840,でんわ,電話,,0
06717-1.opus,1443840,でんわ,電話,する,0
06718-1.opus,1443920,でんわちょう,電話帳,,0
06719-1.opus,1443940,でんわばんごう,電話番号,,4
06720-1.opus,1266970,と,戸,,0
06721-1.opus,1447360,とあみ,投網,,0
06722-1.opus,1535960,といあわせる,問い合わせる,,
06723-1.opus,1445980,とう,党,,1
06724-1.opus,1536000,とう,問う,,
06725-1.opus,1446740,とう,塔,,1
06726-1.opus,1582390,どう,銅,,1
06727-1.opus,1449550,とうあん,答案,,0
06728-1.opus,2620590,とうあんようし,答案用紙,,
06729-1.opus,1451850,どうい,同意,する,0
06730-1.opus,1451900,どういつ,同一,,0
06731-1.opus,1449670,とういつ,統一,する,0
06732-1.opus,1445990,とういん,党員,,0
06733-1.opus,1447110,とうえい,投影,する,0
06734-1.opus,1447110,とうえい,投影,する,0
06735-1.opus,1447560,とうおう,東欧,,0
06736-1.opus,2850327,とうか,灯火,,1
06737-1.opus,1454350,どうか,銅貨,,
06738-1.opus,1896720,とうかい,倒壊,する,0
06739-1.opus,1446680,とうがらし,唐辛子,,3
06741-1.opus,1453950,どうがん,童顔,,0
06742-1.opus,1446080,とうき,冬季,,1
06743-1.opus,1610480,とうき,冬期,,1
06744-1.opus,1450610,とうき,陶器,,1
06745-1.opus,1451310,どうき,動機,,0
06746-1.opus,1452100,どうぎご,同義語,,
06747-1.opus,1619790,とうき,投棄,する,1
06748-1.opus,1447120,とうき,投機,する,
06749-1.opus,1449960,とうぎ,討議,する,1
06750-1.opus,1447140,とうきゅう,投球,,0
06751-1.opus,1449410,とうきゅう,等級,,0
06752-1.opus,1451010,とうぎゅう,闘牛,,0
06753-1.opus,1452120,どうきゅうせい,同級生,,3
06754-1.opus,1447690,とうきょう,東京,,0
06756-1.opus,1452150,どうきょう,同郷,,0
06757-1.opus,5553222,とうきょうえき,東京駅,,
06758-1.opus,1447740,とうきょうと,東京都,,3
06760-1.opus,1447760,とうきょうわん,東京湾,,3
06761-1.opus,1452130,どうきょ,同居,する,0
06762-1.opus,1452130,どうきょ,同居,する,0
06763-1.opus,1454180,どうぐ,道具,,3
06764-1.opus,1449710,とうけい,統計,,0
06765-1.opus,1449710,とうけい,統計,,0
06766-1.opus,1446300,とうけつ,凍結,する,0
06767-1.opus,1446490,とうけん,刀剣,,0
06768-1.opus,1449440,とうごう,等号,,0
06769-1.opus,1451330,どうこう,動向,,0
06770-1.opus,1452290,どうこうかい,同好会,,3
06771-1.opus,1452290,どうこうかい,同好会,,3
06772-1.opus,1447180,とうこう,投稿,する,0
06773-1.opus,1444760,とうこう,登校,する,0
06774-1.opus,1449760,とうごう,統合,する,0
06775-1.opus,1451350,どうさ,動作,,1
06776-1.opus,1447910,とうざい,東西,,1
06777-1.opus,1447930,とうざいなんぼく,東西南北,,5
06778-1.opus,1687840,どうさつりょく,洞察力,,4
06779-1.opus,1454360,どうざん,銅山,,1
06780-1.opus,1445890,とうさん,倒産,する,0
06782-1.opus,1653040,とうし,闘志,,1
06783-1.opus,1446130,とうじ,冬至,,0
06784-1.opus,1446130,とうじ,冬至,,0
06785-1.opus,1449090,とうじ,当時,,1
06787-1.opus,1448620,とうじ,湯治,,0
06788-1.opus,1451380,どうし,動詞,,0
06789-1.opus,1452400,どうし,同士,,1
06790-1.opus,1452500,どうじ,同時,,
06791-1.opus,1446340,とうし,凍死,する,0
06793-1.opus,1447230,とうし,投資,する,
06794-1.opus,1449210,とうじつ,当日,,
06795-1.opus,1452510,どうじに,同時に,,
06797-1.opus,1446000,とうしゅ,党首,,1
06798-1.opus,1447260,とうしゅ,投手,,1
06799-1.opus,1447270,とうしょ,投書,,0
06800-1.opus,1446360,とうしょう,凍傷,,0
06801-1.opus,1454220,どうじょう,道場,,
06802-1.opus,1444800,とうじょう,登場,する,0
06803-1.opus,1452710,どうじょう,同乗,する,0
06805-1.opus,1452720,どうじょう,同情,する,0
06806-1.opus,1446580,とうしん,刀身,,0
06807-1.opus,1453970,どうしん,童心,,0
06808-1.opus,1449820,とうせい,統制,する,0
06809-1.opus,1984870,どうせいどうめい,同姓同名,,
06810-1.opus,1449190,とうぜん,当然,,0
06811-1.opus,1449180,とうせん,当選,する,0
06813-1.opus,1451020,とうそう,闘争,,0
06814-1.opus,1454380,どうぞう,銅像,,0
06816-1.opus,1453000,どうそうかい,同窓会,,3
06819-1.opus,1450450,とうそう,逃走,する,0
06820-1.opus,1449840,とうそつ,統率,する,0
06821-1.opus,1943990,とうそつりょく,統率力,,
06822-1.opus,1448730,とうだい,灯台,,0
06823-1.opus,1654240,とうたいかい,党大会,,
06824-1.opus,5555875,とうだいじ,東大寺,,1
06825-1.opus,1449860,とうたつ,到達,する,0
06827-1.opus,1449790,とうち,統治,する,1
06828-1.opus,1449870,とうちゃく,到着,する,0
06830-1.opus,1619740,とうちょう,登頂,する,0
06831-1.opus,1449880,とうてい,到底,,0
06832-1.opus,1456450,とうてん,読点,,
06833-1.opus,1453170,どうてん,同点,,0
06834-1.opus,1598620,とうとい,尊い,,3
06834-2.opus,1598620,たっとい,尊い,,3
06835-1.opus,1454240,どうとく,道徳,,0
06836-1.opus,1598640,とうとぶ,尊ぶ,,3
06836-2.opus,1598640,たっとぶ,尊ぶ,,3
06837-1.opus,1448500,とうなん,盗難,,0
06838-1.opus,1448050,とうなんアジア,東南アジア,,5
06839-1.opus,1450060,とうにゅう,豆乳,,0
06840-1.opus,1447300,とうにゅう,投入,する,0
06841-1.opus,1453790,どうにゅう,導入,する,0
06842-1.opus,1449640,とうにょうびょう,糖尿病,,0
06843-1.opus,1446030,とうは,党派,,1
06844-1.opus,1446030,とうは,党派,,1
06845-1.opus,1450910,とうはつ,頭髪,,
06846-1.opus,1449970,とうばつ,討伐,する,
06847-1.opus,1449220,とうばん,当番,,1
06848-1.opus,1450460,とうひ,逃避,する,
06849-1.opus,1450460,とうひ,逃避,する,
06850-1.opus,1447320,とうひょう,投票,する,0
06851-1.opus,1447320,とうひょう,投票,する,0
06852-1.opus,1448530,とうひん,盗品,,0
06853-1.opus,1450070,とうふ,豆腐,,
06854-1.opus,1448100,とうぶ,東部,,1
06855-1.opus,1450930,とうぶ,頭部,,1
06856-1.opus,1897120,とうふいっちょう,豆腐一丁,,
06857-1.opus,1453340,どうふう,同封,する,0
06859-1.opus,1451490,どうぶつえん,動物園,,4
06860-1.opus,1451490,どうぶつえん,動物園,,4
06861-1.opus,1449650,とうぶん,糖分,,1
06862-1.opus,1449570,とうべん,答弁,する,1
06863-1.opus,1450480,とうぼうしゃ,逃亡者,,3
06865-1.opus,1450470,とうぼう,逃亡,する,0
06866-1.opus,1448160,とうほく,東北,,0
06868-1.opus,1451580,どうみゃく,動脈,,
06869-1.opus,1446150,とうみん,冬眠,,0
06870-1.opus,1446950,とうみん,島民,,0
06871-1.opus,1446150,とうみん,冬眠,する,0
06872-1.opus,1599290,どうめい,同盟,,0
06873-1.opus,1448760,とうゆ,灯油,,0
06875-1.opus,1448230,とうよう,東洋,,1
06876-1.opus,1448230,とうよう,東洋,,1
06877-1.opus,1453550,どうよう,同様,,0
06878-1.opus,1453990,どうよう,童謡,,0
06879-1.opus,1453560,どうように,同様に,,
06880-1.opus,1449900,とうらい,到来,する,0
06881-1.opus,1453590,どうるい,同類,,0
06883-1.opus,1454290,どうろ,道路,,1
06885-1.opus,1444810,とうろく,登録,する,0
06886-1.opus,1449980,とうろん,討論,する,1
06887-1.opus,1454000,どうわ,童話,,0
06888-1.opus,1454000,どうわ,童話,,0
06890-1.opus,1700920,とえい,都営,,0
06891-1.opus,1178240,とおあさ,遠浅,,0
06892-1.opus,1177800,とおい,遠い,,
06893-1.opus,1335000,とおか,十日,,0
06895-1.opus,1177820,とおく,遠く,,
06896-1.opus,1432900,とおす,通す,,1
06897-1.opus,1177930,とおまわり,遠回り,する,3
06898-1.opus,1432920,とおり,通り,,3
06899-1.opus,1433030,とおる,通る,,1
06900-1.opus,1444970,とかい,都会,,0
06901-1.opus,1444970,とかい,都会,,0
06902-1.opus,1546040,とかす,溶かす,,2
06904-1.opus,1315840,とき,時,,2
06905-1.opus,1598680,ときどき,時々,,
06906-1.opus,1445190,どきょう,度胸,,1
06907-1.opus,2080970,とく,徳,,0
06908-1.opus,1546050,とく,溶く,,1
06909-1.opus,1198890,とく,解く,,1
06910-1.opus,1386420,とく,説く,,1
06911-1.opus,1598700,とぐ,研ぐ,,1
06912-1.opus,1455500,どく,毒,,2
06913-1.opus,1454510,とくい,得意,な,
06914-1.opus,1455720,どくがく,独学,,0
06915-1.opus,1624020,どくガス,毒ガス,,0
06916-1.opus,1897360,とくがわけ,徳川家,,
06917-1.opus,1454740,とくぎ,特技,,1
06918-1.opus,1455800,どくさい,独裁,,0
06919-1.opus,1691650,どくさいせいじ,独裁政治,,5
06920-1.opus,1455540,どくさつ,毒殺,する,0
06921-1.opus,1455810,どくじ,独自,,
06922-1.opus,1454950,とくしつ,特質,,0
06923-1.opus,1456400,どくしゃ,読者,,1
06924-1.opus,1456400,どくしゃ,読者,,1
06925-1.opus,1456410,どくしゃそう,読者層,,3
06927-1.opus,1455060,とくしゅう,特集,する,0
06928-1.opus,1456420,どくしょ,読書,,1
06929-1.opus,1455840,どくしょう,独唱,する,0
06930-1.opus,1455080,とくしょく,特色,,0
06931-1.opus,1455850,どくしん,独身,,0
06933-1.opus,1455860,どくしんりょう,独身寮,,
06934-1.opus,2083390,どくする,毒する,,3
06935-1.opus,1455100,とくせい,特製,,0
06936-1.opus,1455580,どくぜつ,毒舌,な,0
06938-1.opus,1455870,どくせん,独占,する,0
06939-1.opus,1691620,どくぜんてき,独善的,な,0
06940-1.opus,1455980,どくそう,独走,する,0
06941-1.opus,1455950,どくそうてき,独創的,な,0
06942-1.opus,1455170,とくちょう,特徴,,0
06943-1.opus,1454590,とくてん,得点,,0
06944-1.opus,1456010,どくとく,独特,な,0
06945-1.opus,1454490,とく,得,な,0
06946-1.opus,1455240,とくはいん,特派員,,3
06947-1.opus,1456460,どくは,読破,する,1
06948-1.opus,1455260,とくひつ,特筆,する,0
06949-1.opus,1454610,とくひょう,得票,,0
06950-1.opus,1455630,どくぶつ,毒物,,
06951-1.opus,1638740,どくぶん,独文,,0
06952-1.opus,1455280,とくべつ,特別,な,0
06954-1.opus,1582400,とくほん,読本,,0
06955-1.opus,1455640,どくやく,毒薬,,0
06956-1.opus,1455370,とくゆう,特有,な,0
06957-1.opus,1456040,どくりつ,独立,する,0
06959-1.opus,1456090,どくりつせんげん,独立宣言,,5
06960-1.opus,1316140,とけい,時計,,0
06961-1.opus,1546070,とける,溶ける,,2
06962-1.opus,1198910,とける,解ける,,2
06963-1.opus,1349370,とこ,床,,0
06964-1.opus,1444700,とこう,渡航,する,0
06965-1.opus,1661680,とこなつ,常夏,,0
06966-1.opus,1661680,とこなつ,常夏,,0
06967-1.opus,1349400,とこのま,床の間,,0
06968-1.opus,1349410,とこや,床屋,,0
06969-1.opus,1343100,ところ,所,,
06970-1.opus,1508540,とざす,閉ざす,,
06971-1.opus,1444780,とざん,登山,,
06972-1.opus,1444780,とざん,登山,,
06973-1.opus,1897550,とざんぼう,登山帽,,
06974-1.opus,1444990,とし,都市,,1
06975-1.opus,1444990,とし,都市,,1
06976-1.opus,1468870,としうえ,年上,,0
06977-1.opus,1508560,とじこめる,閉じ込める,,
06978-1.opus,1624160,どしゃ,土砂,,1
06979-1.opus,1445350,どしゃくずれ,土砂崩れ,,3
06980-1.opus,1445340,どしゃぶり,土砂降り,,0
06981-1.opus,1854580,とじょう,登城,,
06982-1.opus,1370420,としょかん,図書館,,
06984-1.opus,1370420,としょかん,図書館,,
06985-1.opus,1370440,としょしつ,図書室,,2
06986-1.opus,1370440,としょしつ,図書室,,2
06987-1.opus,1598750,としより,年寄り,,
06988-1.opus,1508550,とじる,閉じる,,2
06989-1.opus,1445000,としん,都心,,0
06990-1.opus,1624140,どせい,怒声,,0
06991-1.opus,1444290,とそう,塗装,する,0
06992-1.opus,1444900,とだえる,途絶える,,
06993-1.opus,1267050,とだな,戸棚,,0
06994-1.opus,1444910,とたんに,途端に,,
06995-1.opus,1445470,とち,土地,,0
06996-1.opus,1445470,とち,土地,,0
06997-1.opus,1582200,とちゅう,途中,,0
06998-1.opus,1582200,とちゅう,途中,,0
06999-1.opus,1445010,とちょう,都庁,,1
07000-1.opus,1445010,とちょう,都庁,,1
07001-1.opus,1898570,どっかいりょく,読解力,,3
07002-1.opus,1454750,とっきゅう,特急,,0
07003-1.opus,1454760,とっきゅうけん,特急券,,
07005-1.opus,1454780,とっきょ,特許,,1
07006-1.opus,1454850,とっくん,特訓,する,0
07007-1.opus,1457000,とつげき,突撃,する,0
07008-1.opus,1454870,とっけん,特権,,0
07009-1.opus,1454890,とっこうやく,特効薬,,3
07010-1.opus,1457030,とっしん,突進,する,0
07012-1.opus,1457040,とつぜん,突然,,0
07013-1.opus,1457080,とつにゅう,突入,する,0
07015-1.opus,1457100,とっぱ,突破,する,
07016-1.opus,1456540,とっぱん,凸版,,0
07017-1.opus,1457150,とっぴ,突飛,な,0
07018-1.opus,1702880,とていせいど,徒弟制度,,4
07019-1.opus,1444500,ととう,徒党,,0
07020-1.opus,1445030,とどうふけん,都道府県,,
07021-1.opus,1457200,とどく,届く,,2
07022-1.opus,1457230,とどけさき,届け先,,0
07023-1.opus,1457210,とどける,届ける,,3
07024-1.opus,1598800,ととのう,整う,,3
07025-1.opus,1598800,ととのう,調う,,3
07026-1.opus,1376140,ととのえる,整える,,
07027-1.opus,1376140,ととのえる,調える,,
07028-1.opus,2657130,とどまる,留まる,,3
07029-1.opus,1598820,とどめる,留める,,3
07030-1.opus,1347490,となえる,唱える,,
07031-1.opus,1555830,となり,隣,,0
07032-1.opus,1598830,となりあう,隣り合う,,4
07033-1.opus,1661750,となりきんじょ,隣近所,,4
07034-1.opus,1445740,どなる,怒鳴る,,2
07035-1.opus,1898600,どにち,土日,,0
07036-1.opus,1442490,との,殿,,1
07037-1.opus,1442650,とのさま,殿様,,0
07038-1.opus,1485230,とばす,飛ばす,,0
07039-1.opus,1654620,とはん,登坂,する,0
07040-1.opus,1429690,とびあがる,飛び上がる,,4
07041-1.opus,1598850,とびうお,飛び魚,,
07042-1.opus,1485310,とびかう,飛び交う,,3
07043-1.opus,1598890,とびこむ,飛び込む,,
07044-1.opus,1445550,どひょう,土俵,,0
07045-1.opus,1429700,とぶ,飛ぶ,,0
07046-1.opus,1444720,とべい,渡米,する,0
07047-1.opus,1444720,とべい,渡米,する,0
07049-1.opus,1444510,とほ,徒歩,,1
07050-1.opus,1584130,とぼしい,乏しい,,3
07052-1.opus,1310620,とまる,止まる,,0
07053-1.opus,1474850,とまる,泊まる,,0
07054-1.opus,1310620,とまる,留まる,,0
07055-1.opus,1496730,とみ,富,,1
07056-1.opus,1496740,とむ,富む,,1
07057-1.opus,1310670,とめる,止める,,0
07058-1.opus,1474860,とめる,泊める,,0
07059-1.opus,1310670,とめる,留める,,0
07060-1.opus,1234340,ともかせぎ,共稼ぎ,,
07061-1.opus,1540170,ともだち,友達,,0
07062-1.opus,1540170,ともだち,友達,,0
07063-1.opus,1234260,ともに,共に,,
07064-1.opus,1234760,ともばたらき,共働き,,
07065-1.opus,1445590,どようび,土曜日,,2
07067-1.opus,1598960,とらえる,捕らえる,,
07068-1.opus,1430250,とり,鳥,,0
07069-1.opus,1598980,とりあえず,取り敢えず,,
07070-1.opus,1326540,とりあつかう,取り扱う,,
07071-1.opus,1430280,とりい,鳥居,,0
07072-1.opus,1326830,とりかえる,取り替える,,
07073-1.opus,1326820,とりくむ,取り組む,,
07074-1.opus,1445090,とりつ,都立,,1
07075-1.opus,1326760,とりつぐ,取り次ぐ,,
07076-1.opus,1253020,とりにく,鳥肉,,0
07077-1.opus,1253020,とりにく,鳥肉,,0
07078-1.opus,1326940,とりもどす,取り戻す,,
07079-1.opus,1444340,とりょう,塗料,,1
07080-1.opus,1445130,どりょく,努力,,1
07081-1.opus,1445140,どりょくか,努力家,,0
07082-1.opus,1898660,どりょくしょう,努力賞,,
07083-1.opus,1445130,どりょく,努力,する,1
07084-1.opus,1326980,とる,取る,,1
07085-1.opus,1514140,とる,捕る,,1
07086-1.opus,1599160,とる,採る,,1
07087-1.opus,1436900,どろ,泥,,2
07088-1.opus,1444520,とろう,徒労,,0
07089-1.opus,1436950,どろぬま,泥沼,,0
07090-1.opus,1599340,どろぼう,泥棒,,0
07091-1.opus,1599340,どろぼう,泥棒,,0
07092-1.opus,1436930,どろんこ,泥んこ,,0
07093-1.opus,1457590,どんかく,鈍角,,
07094-1.opus,1457410,とんカツ,豚カツ,,0
07096-1.opus,1457600,どんかん,鈍感,な,0
07097-1.opus,1457620,どんき,鈍器,,1
07098-1.opus,1457640,どんくさい,鈍臭い,,4
07099-1.opus,1898130,とんしゃ,豚舎,,1
07100-1.opus,1009350,どんぞこ,どん底,,0
07101-1.opus,1457570,どんてん,曇天,,0
07102-1.opus,1584790,とんや,問屋,,0
07103-1.opus,1599350,どんよく,貪欲,な,0
07104-1.opus,1529520,ない,無い,,1
07106-1.opus,1457830,ないか,内科,,0
07107-1.opus,1457910,ないかく,内閣,,1
07108-1.opus,1458510,ないしょ,内緒,,
07109-1.opus,1458740,ないぞう,内臓,,0
07110-1.opus,1459030,ないぶ,内部,,1
07111-1.opus,1459030,ないぶ,内部,,1
07112-1.opus,1459090,ないふくやく,内服薬,,4
07113-1.opus,1582570,ないまく,内幕,,0
07114-1.opus,1459290,ないめん,内面,,
07116-1.opus,1459400,ないよう,内容,,0
07117-1.opus,1459460,ないらん,内乱,,0
07118-1.opus,1349320,なおさら,尚更,,0
07119-1.opus,2856318,なおす,治す,,2
07120-1.opus,1599400,なおる,治る,,2
07121-1.opus,2846390,なおる,直る,,2
07122-1.opus,1423310,なか,中,,1
07123-1.opus,1425710,なか,仲,,1
07124-1.opus,1425860,なかい,仲居,,
07125-1.opus,1429750,ながい,永い,,2
07126-1.opus,1429750,ながい,長い,,2
07127-1.opus,1426040,なかがいにん,仲買人,,0
07128-1.opus,5517390,なかがわ,中川,,
07129-1.opus,1797820,ながぐつ,長靴,,0
07130-1.opus,1552120,ながす,流す,,2
07131-1.opus,1426070,なかだち,仲立ち,,
07132-1.opus,1426000,なかなおり,仲直り,する,3
07133-1.opus,1424980,なかにわ,中庭,,0
07134-1.opus,1430100,ながねん,永年,,0
07135-1.opus,1425790,なかま,仲間,,3
07136-1.opus,1425790,なかま,仲間,,3
07137-1.opus,1425840,なかまいり,仲間入り,,0
07138-1.opus,1599430,なかみ,中身,,2
07139-1.opus,5517708,なかむら,中村,,0
07140-1.opus,1426100,なかよし,仲良し,,
07141-1.opus,1552140,ながれる,流れる,,3
07142-1.opus,1429830,ながわずらい,長患い,,3
07143-1.opus,1610970,なきがお,泣き顔,,0
07144-1.opus,1229730,なきごえ,泣き声,,
07145-1.opus,1532860,なきごえ,鳴き声,,
07146-1.opus,1229680,なきさけぶ,泣き叫ぶ,,4
07147-1.opus,1898960,なきはは,亡き母,,
07148-1.opus,1229740,なきむし,泣き虫,,
07149-1.opus,1229840,なく,泣く,,0
07150-1.opus,1532870,なく,鳴く,,0
07151-1.opus,2835808,なくす,亡くす,,0
07152-1.opus,1529530,なくす,無くす,,0
07153-1.opus,1518540,なくなる,亡くなる,,0
07154-1.opus,1447000,なげる,投げる,,2
07155-1.opus,1425960,なこうど,仲人,,2
07156-1.opus,1561930,なごむ,和む,,2
07157-1.opus,1561940,なごやか,和やか,な,2
07158-1.opus,1531530,なごり,名残,,
07159-1.opus,1356220,なさけ,情け,,
07160-1.opus,1599480,なさけない,情けない,,4
07161-1.opus,1157130,なす,成す,,1
07162-1.opus,1191320,なつ,夏,,2
07163-1.opus,1470070,なっとう,納豆,,3
07164-1.opus,1470070,なっとう,納豆,,3
07166-1.opus,1470080,なっとく,納得,する,0
07167-1.opus,1295840,なっぱ,菜っ葉,,1
07168-1.opus,1599520,なつまつり,夏祭,,3
07173-1.opus,1319220,ななつ,七つ,,2
07175-1.opus,1577100,なに,何,,
07177-1.opus,2826514,なにいろ,何色,,
07178-1.opus,1188270,なにか,何か,,1
07179-1.opus,1188330,なにしろ,何しろ,,1
07180-1.opus,1579630,なのか,七日,,0
07181-1.opus,1982100,なのはな,菜の花,,1
07182-1.opus,1531510,なふだ,名札,,0
07183-1.opus,1531710,なまえ,名前,,0
07184-1.opus,1531710,なまえ,名前,,0
07185-1.opus,1410670,なまけもの,怠け者,,
07186-1.opus,1379570,なまたまご,生卵,,
07187-1.opus,1599620,なみ,並,,0
07188-1.opus,1470970,なみ,波,,2
07189-1.opus,1471040,なみうつ,波打つ,,3
07190-1.opus,1471070,なみがしら,波頭,,3
07191-1.opus,1599640,なみき,並木,,0
07192-1.opus,1555930,なみだ,涙,,1
07193-1.opus,1555940,なみだぐましい,涙ぐましい,,6
07194-1.opus,1642610,なみだぐむ,涙ぐむ,,4
07195-1.opus,1555950,なみだごえ,涙声,,4
07196-1.opus,1471010,なみのり,波乗り,,
07197-1.opus,1599670,なみはずれる,並外れる,,
07198-1.opus,1470020,なや,納屋,,
07199-1.opus,1469830,なやましい,悩ましい,,4
07200-1.opus,1469840,なやます,悩ます,,3
07201-1.opus,1469850,なやみ,悩み,,3
07202-1.opus,1469870,なやむ,悩む,,2
07203-1.opus,1333070,ならう,習う,,2
07204-1.opus,1532880,ならす,鳴らす,,0
07205-1.opus,1508350,ならびに,並びに,,0
07206-1.opus,1508380,ならぶ,並ぶ,,0
07207-1.opus,1508390,ならべる,並べる,,0
07208-1.opus,1333080,ならわし,習わし,,
07209-1.opus,1375610,なる,成る,,1
07210-1.opus,1532910,なる,鳴る,,0
07211-1.opus,1459770,なれそめ,馴れ初め,,0
07212-1.opus,1212670,なれる,慣れる,,2
07213-1.opus,1460880,なんいど,難易度,,3
07214-1.opus,1459990,なんおう,南欧,,0
07215-1.opus,1188650,なんかい,何回,,
07216-1.opus,1188650,なんかい,何回,,
07217-1.opus,1460890,なんかい,難解,な,0
07218-1.opus,1460740,なんか,軟化,する,0
07220-1.opus,1460180,なんきょく,南極,,0
07221-1.opus,1090830,ナンキン,南京,,3
07223-1.opus,1599720,なんこ,何個,,1
07224-1.opus,1460950,なんこう,難航,する,0
07225-1.opus,1460760,なんこつ,軟骨,,
07226-1.opus,1188730,なんさい,何才,,
07227-1.opus,1188730,なんさい,何才,,
07229-1.opus,1188770,なんじ,何時,,1
07230-1.opus,1460780,なんしきテニス,軟式テニス,,5
07231-1.opus,1460790,なんじゃく,軟弱,な,0
07232-1.opus,1841960,なんすい,軟水,,0
07233-1.opus,1460810,なんちゃくりく,軟着陸,,3
07234-1.opus,1642650,なんど,納戸,,
07235-1.opus,1189200,なんども,何度も,,
07236-1.opus,1189200,なんども,何度も,,
07237-1.opus,1461060,なんぱ,難破,する,0
07239-1.opus,1189290,なんびゃく,何百,,1
07240-1.opus,1460530,なんぶ,南部,,
07242-1.opus,1189320,なんぷん,何分,,1
07243-1.opus,1460570,なんべい,南米,,0
07245-1.opus,1460600,なんぼく,南北,,1
07247-1.opus,1461110,なんみん,難民,,
07248-1.opus,1461130,なんもん,難問,,0
07249-1.opus,1195250,に,荷,,
07250-1.opus,1314680,にあう,似合う,,2
07251-1.opus,1361840,にいづま,新妻,,0
07252-1.opus,1599770,におう,仁王,,
07253-1.opus,1244310,にがい,苦い,,2
07254-1.opus,1599800,にかいだて,二階建て,,0
07255-1.opus,1314620,にがおえ,似顔絵,,
07257-1.opus,1450320,にがす,逃がす,,2
07258-1.opus,1461560,にがつ,二月,,3
07259-1.opus,1244470,にがて,苦手,な,
07260-1.opus,1403390,にくい,憎い,,2
07261-1.opus,1463560,にくがん,肉眼,,0
07263-1.opus,1403400,にくしみ,憎しみ,,
07264-1.opus,1463630,にくしょく,肉食,,0
07265-1.opus,1463640,にくしん,肉親,,0
07266-1.opus,1463650,にくたい,肉体,,0
07267-1.opus,1463680,にくひつ,肉筆,,0
07268-1.opus,1403420,にくまれぐち,憎まれ口,,4
07269-1.opus,1403410,にくまれっこ,憎まれっ子,,4
07270-1.opus,1403440,にくむ,憎む,,2
07271-1.opus,1463540,にくや,肉屋,,2
07272-1.opus,1403450,にくらしい,憎らしい,,4
07273-1.opus,1612480,にげみち,逃げ道,,2
07274-1.opus,1450330,にげる,逃げる,,2
07276-1.opus,1380840,にし,西,,0
07280-1.opus,1462270,にじゅうそう,二重奏,,2
07283-1.opus,1577680,にせさつ,偽札,,0
07284-1.opus,1464110,にちじ,日時,,1
07285-1.opus,1464180,にちじょう,日常,,0
07286-1.opus,1464380,にちべい,日米,,1
07287-1.opus,1464900,にちようび,日曜日,,3
07289-1.opus,1463860,にっか,日課,,0
07290-1.opus,1463930,にっき,日記,,0
07291-1.opus,1656400,にっきちょう,日記帳,,0
07292-1.opus,1195270,にづくり,荷造り,,2
07293-1.opus,1463980,にっけいじん,日系人,,
07294-1.opus,1464030,にっこう,日光,,1
07295-1.opus,1464040,にっこうよく,日光浴,,3
07296-1.opus,1464100,にっし,日誌,,0
07297-1.opus,1464130,にっしゃびょう,日射病,,0
07298-1.opus,1643170,にっしょうき,日章旗,,3
07299-1.opus,1464170,にっしょうけん,日照権,,3
07300-1.opus,1582700,にっすう,日数,,3
07301-1.opus,5408469,にったぐん,新田郡,,
07302-1.opus,1464300,にってい,日程,,0
07304-1.opus,1462820,にとうぶん,二等分,する,0
07305-1.opus,1638080,にないて,担い手,,
07306-1.opus,1599900,になう,担う,,2
07311-1.opus,1582430,にぶい,鈍い,,2
07312-1.opus,1582440,にぶる,鈍る,,2
07313-1.opus,1582710,にほん,日本,,2
07314-1.opus,1464470,にほんかい,日本海,,2
07315-1.opus,1464790,にほんがみ,日本髪,,0
07317-1.opus,1464530,にほんご,日本語,,0
07318-1.opus,1464530,にほんご,日本語,,0
07319-1.opus,1464630,にほんし,日本史,,
07320-1.opus,1464670,にほんしゅ,日本酒,,0
07321-1.opus,1464700,にほんじん,日本人,,4
07322-1.opus,1464730,にほんせい,日本製,,0
07323-1.opus,1464770,にほんてき,日本的,な,0
07324-1.opus,1464780,にほんとう,日本刀,,0
07325-1.opus,1730180,にほんぶよう,日本舞踊,,4
07327-1.opus,1730090,にほんれっとう,日本列島,,4
07328-1.opus,1463200,にまいじた,二枚舌,,2
07329-1.opus,1463210,にまいめ,二枚目,,4
07331-1.opus,1195430,にもつ,荷物,,1
07332-1.opus,1464990,にゅうえき,乳液,,
07333-1.opus,1465850,にゅうがく,入学,する,0
07334-1.opus,1465780,にゅうか,入荷,する,0
07335-1.opus,1582720,にゅうぎゅう,乳牛,,
07336-1.opus,1465980,にゅうきょ,入居,する,0
07338-1.opus,1466130,にゅうこく,入国,する,0
07339-1.opus,1466180,にゅうさつ,入札,する,0
07340-1.opus,1465140,にゅうし,乳歯,,1
07341-1.opus,1465140,にゅうし,乳歯,,1
07342-1.opus,1465150,にゅうじ,乳児,,1
07343-1.opus,1465150,にゅうじ,乳児,,1
07344-1.opus,1466260,にゅうしゃ,入社,する,0
07345-1.opus,1466380,にゅうじょうけん,入場券,,3
07346-1.opus,1466360,にゅうじょう,入場,する,0
07347-1.opus,1466430,にゅうじょうりょう,入場料,,3
07348-1.opus,1466440,にゅうしょく,入植,する,0
07349-1.opus,1466460,にゅうせき,入籍,する,0
07350-1.opus,1466520,にゅうたい,入隊,する,0
07351-1.opus,1466650,にゅうどうぐも,入道雲,,
07352-1.opus,1466790,にゅうもん,入門,する,0
07353-1.opus,1466820,にゅうよく,入浴,する,0
07354-1.opus,1335510,にゅうわ,柔和,な,0
07355-1.opus,1345420,にょうぼう,女房,,1
07356-1.opus,1345230,にょにん,女人,,
07357-1.opus,1436130,にわ,庭,,0
07358-1.opus,1467160,にんい,任意,,
07359-1.opus,1467540,にんか,認可,する,
07360-1.opus,1367010,にんき,人気,,0
07361-1.opus,1467190,にんき,任期,,1
07362-1.opus,1367090,にんぎょ,人魚,,1
07363-1.opus,1367120,にんぎょう,人形,,0
07365-1.opus,1366770,にんげん,人間,,0
07366-1.opus,1366920,にんげんせい,人間性,,0
07367-1.opus,1366860,にんげんわざ,人間業,,
07368-1.opus,1467550,にんしき,認識,する,0
07369-1.opus,1467550,にんしき,認識,する,0
07370-1.opus,1367800,にんじん,人参,,0
07372-1.opus,1580700,にんずう,人数,,1
07373-1.opus,1467580,にんち,認知,する,
07374-1.opus,1467590,にんてい,認定,する,0
07375-1.opus,1369050,にんぷ,人夫,,1
07377-1.opus,1467260,にんむ,任務,,1
07379-1.opus,1467280,にんめい,任命,する,0
07380-1.opus,1478120,ぬかす,抜かす,,0
07381-1.opus,1478190,ぬく,抜く,,0
07382-1.opus,1416400,ぬぐ,脱ぐ,,1
07383-1.opus,1478200,ぬける,抜ける,,0
07384-1.opus,1416410,ぬげる,脱げる,,2
07385-1.opus,1643370,ぬすみぎき,盗み聞き,する,0
07386-1.opus,1448440,ぬすむ,盗む,,2
07387-1.opus,1496840,ぬの,布,,0
07388-1.opus,1591910,ぬのじ,布地,,0
07389-1.opus,1444210,ぬりえ,塗り絵,,0
07390-1.opus,1600000,ぬりたて,塗り立て,,0
07391-1.opus,1444270,ぬる,塗る,,0
07392-1.opus,1290020,ね,根,,1
07393-1.opus,1600030,ねあげ,値上げ,,0
07394-1.opus,1576910,ねいろ,音色,,0
07395-1.opus,1217950,ねがう,願う,,2
07396-1.opus,1360050,ねがお,寝顔,,0
07397-1.opus,1359960,ねかす,寝かす,,0
07398-1.opus,1420320,ねぎる,値切る,,
07399-1.opus,1467640,ねこ,猫,,1
07400-1.opus,1467670,ねこじた,猫舌,,
07402-1.opus,1360100,ねごと,寝言,,0
07403-1.opus,1600160,ねだん,値段,,0
07404-1.opus,1600160,ねだん,値段,,0
07405-1.opus,1467710,ねつ,熱,,2
07406-1.opus,1467860,ねっけつかん,熱血漢,,
07407-1.opus,1467910,ねっしん,熱心,な,
07408-1.opus,2109200,ねったいうりん,熱帯雨林,,5
07409-1.opus,1467940,ねったいぎょ,熱帯魚,,3
07410-1.opus,1467950,ねっちゅう,熱中,する,0
07412-1.opus,1467960,ねっとう,熱湯,,0
07413-1.opus,1290150,ねづよい,根強い,,3
07414-1.opus,1360150,ねどこ,寝床,,0
07415-1.opus,1600190,ねびき,値引き,する,0
07416-1.opus,1642810,ねふだ,値札,,0
07417-1.opus,1360320,ねぼう,寝坊,する,0
07418-1.opus,1360320,ねぼう,寝坊,する,0
07419-1.opus,1642800,ねぼけまなこ,寝ぼけ眼,,4
07420-1.opus,1290090,ねまわし,根回し,,2
07421-1.opus,1529330,ねむい,眠い,,
07422-1.opus,1529340,ねむけ,眠気,,0
07424-1.opus,1529390,ねむる,眠る,,0
07425-1.opus,5298808,ねむろ,根室,,1
07426-1.opus,2848281,ねもと,根元,,3
07427-1.opus,1360010,ねる,寝る,,0
07428-1.opus,1559140,ねる,練る,,1
07429-1.opus,1468250,ねんがじょう,年賀状,,
07430-1.opus,1468250,ねんがじょう,年賀状,,
07431-1.opus,1469390,ねんがん,念願,,0
07432-1.opus,1469390,ねんがん,念願,,0
07433-1.opus,1468650,ねんごう,年号,,3
07434-1.opus,1468600,ねんこうじょれつ,年功序列,,
07435-1.opus,1468730,ねんし,年始,,1
07436-1.opus,1468830,ねんしゅう,年収,,0
07437-1.opus,1469640,ねんしょう,燃焼,する,0
07438-1.opus,1469650,ねんぴ,燃費,,
07439-1.opus,1469470,ねんぶつ,念仏,,0
07440-1.opus,1469210,ねんまつ,年末,,0
07441-1.opus,1469660,ねんりょう,燃料,,3
07442-1.opus,1469260,ねんりん,年輪,,0
07443-1.opus,1600240,ねんれい,年齢,,0
07444-1.opus,1470120,のう,能,,
07445-1.opus,1470380,のう,脳,,1
07446-1.opus,1470400,のうえん,脳炎,,
07447-1.opus,1470620,のうか,農家,,1
07448-1.opus,1470050,のうき,納期,,1
07449-1.opus,1470650,のうきょう,農協,,0
07450-1.opus,1470660,のうぎょう,農業,,1
07451-1.opus,1470680,のうこう,農耕,,0
07452-1.opus,1469910,のうこう,濃厚,な,0
07453-1.opus,1469910,のうこう,濃厚,な,0
07454-1.opus,1469920,のうこん,濃紺,,0
07455-1.opus,1470430,のうさいぼう,脳細胞,,3
07456-1.opus,1827050,のうさくもつ,農作物,,
07457-1.opus,1470710,のうさんぶつ,農産物,,3
07458-1.opus,1470450,のうし,脳死,,
07459-1.opus,1470450,のうし,脳死,,
07460-1.opus,1469930,のうしゅく,濃縮,する,0
07461-1.opus,1469930,のうしゅく,濃縮,する,0
07462-1.opus,1470720,のうじょう,農場,,
07463-1.opus,1470470,のうずい,脳髄,,
07464-1.opus,1470060,のうぜい,納税,する,0
07465-1.opus,1470060,のうぜい,納税,する,0
07466-1.opus,1470490,のうそっちゅう,脳卒中,,3
07467-1.opus,1470490,のうそっちゅう,脳卒中,,3
07468-1.opus,1470730,のうそん,農村,,0
07469-1.opus,1470730,のうそん,農村,,0
07470-1.opus,1469950,のうたん,濃淡,,
07471-1.opus,1469970,のうど,濃度,,1
07472-1.opus,1470090,のうにゅう,納入,する,0
07473-1.opus,1470760,のうふ,農夫,,1
07474-1.opus,1469980,のうみつ,濃密,な,0
07475-1.opus,1470770,のうみん,農民,,0
07476-1.opus,1470770,のうみん,農民,,0
07477-1.opus,1469990,のうむ,濃霧,,1
07478-1.opus,1470300,のうめん,能面,,0
07479-1.opus,1470780,のうやく,農薬,,0
07480-1.opus,1470550,のうり,脳裏,,1
07481-1.opus,1470550,のうり,脳裏,,1
07482-1.opus,1470330,のうりつ,能率,,0
07483-1.opus,1470330,のうりつ,能率,,0
07484-1.opus,1792210,のうりょう,納涼,,0
07486-1.opus,1470370,のうりょく,能力,,1
07487-1.opus,1450430,のがす,逃す,,2
07488-1.opus,1450440,のがれる,逃れる,,3
07489-1.opus,1260330,のき,軒,,0
07490-1.opus,1260370,のきさき,軒先,,0
07491-1.opus,1260340,のきした,軒下,,0
07492-1.opus,1260380,のきなみ,軒並み,,0
07494-1.opus,1600260,のこす,残す,,2
07495-1.opus,1304510,のこる,残る,,2
07496-1.opus,1600270,のせる,乗せる,,0
07497-1.opus,1345640,のぞく,除く,,0
07498-1.opus,1519610,のぞましい,望ましい,,
07499-1.opus,1519630,のぞむ,望む,,
07500-1.opus,1555560,のぞむ,臨む,,0
07501-1.opus,1269940,のちほど,後ほど,,0
07502-1.opus,1677730,のどぼとけ,喉仏,,3
07503-1.opus,1600290,のばす,伸ばす,,2
07505-1.opus,1537360,のはら,野原,,1
07506-1.opus,1537360,のはら,野原,,1
07507-1.opus,1358930,のびりつ,伸び率,,2
07509-1.opus,1358870,のびる,延びる,,2
07510-1.opus,1176380,のべ,延べ,,
07511-1.opus,1600370,のべぼう,延べ棒,,
07512-1.opus,1176390,のべる,延べる,,2
07513-1.opus,1340820,のべる,述べる,,2
07514-1.opus,1352530,のぼりぐち,登り口,,
07515-1.opus,1352540,のぼりざか,上り坂,,
07516-1.opus,1352570,のぼる,上る,,0
07518-1.opus,1352570,のぼる,登る,,0
07519-1.opus,1600430,のみもの,飲み物,,
07520-1.opus,1600440,のみや,飲み屋,,2
07521-1.opus,1169870,のむ,飲む,,1
07522-1.opus,1537670,のらいぬ,野良犬,,0
07523-1.opus,1537670,のらいぬ,野良犬,,0
07524-1.opus,1201620,のり,海苔,,2
07525-1.opus,1600470,のりかえる,乗り換える,,
07526-1.opus,1354910,のりこむ,乗り込む,,
07527-1.opus,1337450,のりと,祝詞,,0
07528-1.opus,1772740,のりまき,のり巻き,,2
07529-1.opus,1600530,のりもの,乗り物,,0
07530-1.opus,1600530,のりもの,乗り物,,0
07531-1.opus,1355120,のる,乗る,,0
07532-1.opus,1313000,は,歯,,1
07533-1.opus,1546550,は,葉,,0
07534-1.opus,1355810,ばあい,場合,,0
07535-1.opus,1201860,はい,灰,,0
07536-1.opus,1472870,はい,肺,,0
07537-1.opus,1201970,はいいろ,灰色,,0
07538-1.opus,1783200,ばいうぜんせん,梅雨前線,,4
07539-1.opus,1783200,ばいうぜんせん,梅雨前線,,4
07540-1.opus,1625560,はいえき,廃液,,0
07541-1.opus,1472880,はいえん,肺炎,,0
07542-1.opus,1570800,はいが,胚芽,,
07543-1.opus,1473380,ばいかい,媒介,する,0
07544-1.opus,1472890,はいかつりょう,肺活量,,4
07545-1.opus,1625610,はいかん,配管,,0
07546-1.opus,1600590,はいがん,肺癌,,0
07547-1.opus,1681390,はいきんしゅぎ,拝金主義,,
07548-1.opus,1471900,はいく,俳句,,
07549-1.opus,1471900,はいく,俳句,,
07551-1.opus,1473060,はいぐうしゃ,配偶者,,3
07552-1.opus,1472260,はいけい,拝啓,,1
07553-1.opus,1472720,はいけい,背景,,0
07554-1.opus,1472720,はいけい,背景,,0
07555-1.opus,1472270,はいけん,拝見,する,0
07556-1.opus,1472270,はいけん,拝見,する,0
07557-1.opus,1472730,はいご,背後,,1
07558-1.opus,1201940,はいざら,灰皿,,
07559-1.opus,1472100,はいし,廃止,する,0
07560-1.opus,1313080,はいしゃ,歯医者,,1
07561-1.opus,1472280,はいしゃく,拝借,する,0
07563-1.opus,1473780,ばいしゅう,買収,する,0
07565-1.opus,1472370,はいじょ,排除,する,1
07566-1.opus,1471920,はいじん,俳人,,0
07567-1.opus,1473290,ばいすう,倍数,,3
07568-1.opus,1472560,はいせん,敗戦,,0
07569-1.opus,1472560,はいせん,敗戦,する,0
07570-1.opus,1472920,はいぞう,肺臓,,0
07571-1.opus,1473310,ばいぞう,倍増,する,0
07572-1.opus,1473310,ばいぞう,倍増,する,0
07573-1.opus,1473130,はいぞく,配属,する,0
07574-1.opus,1473140,はいたつ,配達,する,0
07575-1.opus,1473140,はいたつ,配達,する,0
07576-1.opus,1472430,はいたてき,排他的,な,0
07577-1.opus,1471940,はいだん,俳壇,,0
07578-1.opus,1473150,はいち,配置,する,0
07579-1.opus,1472290,はいちょう,拝聴,する,0
07580-1.opus,1625530,はいでん,拝殿,,0
07581-1.opus,1474040,ばいてん,売店,,0
07583-1.opus,1689600,はいとうきん,配当金,,0
07584-1.opus,1601250,ばいどく,梅毒,,
07585-1.opus,1474050,ばいばい,売買,する,1
07586-1.opus,1474050,ばいばい,売買,する,1
07587-1.opus,1473190,はいふ,配布,する,
07588-1.opus,1472610,はいぼく,敗北,する,0
07589-1.opus,1472610,はいぼく,敗北,する,0
07590-1.opus,1471970,はいゆう,俳優,,0
07591-1.opus,1471970,はいゆう,俳優,,0
07592-1.opus,1473360,ばいよう,培養,する,0
07593-1.opus,1473340,ばいりつ,倍率,,0
07594-1.opus,1473210,はいりょ,配慮,する,1
07595-1.opus,1473530,ばいりん,梅林,,0
07596-1.opus,1465590,はいる,入る,,1
07598-1.opus,1600620,はえる,栄える,,2
07599-1.opus,1378490,はえる,生える,,2
07600-1.opus,1171710,はおと,羽音,,0
07601-1.opus,1171770,はおり,羽織,,0
07602-1.opus,1514840,はか,墓,,2
07603-1.opus,1471250,はかい,破壊,する,0
07604-1.opus,1471250,はかい,破壊,する,0
07605-1.opus,1546590,はがき,葉書,,0
07606-1.opus,1601270,ばかす,化かす,,2
07607-1.opus,1474620,はかせ,博士,,1
07609-1.opus,1313280,はがた,歯型,,0
07610-1.opus,1601260,ばか,馬鹿,な,1
07611-1.opus,1601260,ばか,馬鹿,な,1
07612-1.opus,1282680,はがね,鋼,,0
07613-1.opus,1901500,はがねいろ,鋼色,,
07614-1.opus,1584020,はかまいり,墓参り,,3
07615-1.opus,1584020,はかまいり,墓参り,,3
07616-1.opus,1600660,はかる,図る,,2
07619-1.opus,1600650,はかる,量る,,2
07620-1.opus,1471300,はき,破棄,する,1
07622-1.opus,1471310,はきょく,破局,,0
07623-1.opus,1399760,はく,掃く,,1
07624-1.opus,1474550,はくあいしゅぎ,博愛主義,,5
07625-1.opus,1474990,はくい,白衣,,1
07626-1.opus,1476120,ばくが,麦芽,,0
07627-1.opus,1476120,ばくが,麦芽,,0
07628-1.opus,1474580,はくがく,博学,,0
07629-1.opus,1475810,ばくげき,爆撃,する,0
07630-1.opus,1475170,はくさい,白菜,,
07631-1.opus,2834601,はくし,博士,,1
07633-1.opus,1475200,はくし,白紙,,0
07635-1.opus,1474660,はくしき,博識,,0
07636-1.opus,1475590,はくじゃく,薄弱,な,0
07637-1.opus,1583060,ばくしゅう,麦秋,,0
07638-1.opus,1475230,はくじょう,白状,する,1
07640-1.opus,1475850,ばくしょう,爆笑,する,0
07641-1.opus,1475600,はくじょう,薄情,な,
07642-1.opus,1475250,はくじん,白人,,0
07643-1.opus,1475870,ばくだん,爆弾,,0
07645-1.opus,1583020,ばくち,博打,,0
07646-1.opus,1475330,はくちょう,白鳥,,0
07647-1.opus,1475330,はくちょう,白鳥,,0
07648-1.opus,1841480,はくばい,白梅,,
07650-1.opus,1475900,ばくは,爆破,する,
07651-1.opus,1583050,はくはつ,白髪,,0
07652-1.opus,1475910,ばくはつ,爆発,する,0
07653-1.opus,1475940,ばくはつてき,爆発的,な,0
07654-1.opus,1625940,はくひょう,白票,,0
07655-1.opus,1524820,ばくふ,幕府,,
07657-1.opus,1475970,ばくふう,爆風,,0
07658-1.opus,1474720,はくぶつかん,博物館,,
07659-1.opus,1625870,はくぼ,薄暮,,1
07660-1.opus,1607460,ばくまつ,幕末,,0
07661-1.opus,1475980,ばくやく,爆薬,,0
07662-1.opus,1474750,はくらんかい,博覧会,,3
07664-1.opus,1474520,はくり,剥離,する,1
07665-1.opus,1475710,はくりたばい,薄利多売,,1
07666-1.opus,1313350,はぐるま,歯車,,2
07667-1.opus,1601280,ばくろ,暴露,する,1
07668-1.opus,1600720,はげしい,激しい,,3
07669-1.opus,1186710,ばける,化ける,,2
07670-1.opus,1471130,はけん,派遣,する,0
07671-1.opus,1585650,はこ,箱,,0
07672-1.opus,1749320,はこいりむすめ,箱入り娘,,5
07673-1.opus,1749320,はこいりむすめ,箱入り娘,,5
07674-1.opus,2845108,はこだて,函館,,0
07675-1.opus,1476380,はこづめ,箱詰め,,0
07676-1.opus,1476400,はこにわ,箱庭,,0
07677-1.opus,1172660,はこぶ,運ぶ,,0
07678-1.opus,1171700,はごろも,羽衣,,0
07679-1.opus,1236840,はさまる,挟まる,,3
07680-1.opus,1236850,はさみうち,挟み撃ち,,3
07681-1.opus,1600740,はさむ,挟む,,2
07683-1.opus,1471330,はさん,破産,する,0
07684-1.opus,1237410,はし,橋,,2
07685-1.opus,1581610,はし,端,,0
07686-1.opus,1421590,はじ,恥,,2
07687-1.opus,1307500,はじまる,始まる,,0
07688-1.opus,1342550,はじめて,初めて,,2
07689-1.opus,1307520,はじめに,初めに,,
07690-1.opus,1307550,はじめる,始める,,0
07691-1.opus,1471780,ばしゃ,馬車,,1
07692-1.opus,1582940,はしゅつしょ,派出所,,
07693-1.opus,1355850,ばしょ,場所,,0
07695-1.opus,1426480,はしら,柱,,
07696-1.opus,1426490,はしらどけい,柱時計,,4
07697-1.opus,1402540,はしる,走る,,2
07698-1.opus,1421610,はじる,恥じる,,2
07699-1.opus,1418900,はすう,端数,,2
07700-1.opus,1421630,はずかしい,恥ずかしい,,4
07701-1.opus,1358750,はずかしめる,辱める,,5
07702-1.opus,1203270,はずす,外す,,0
07703-1.opus,1098580,バスてい,バス停,,0
07704-1.opus,1419400,はずむ,弾む,,0
07705-1.opus,1203310,はずれる,外れる,,0
07706-1.opus,1471380,はそん,破損,する,0
07707-1.opus,1220240,はた,旗,,2
07708-1.opus,1220760,はた,機,,2
07709-1.opus,1476450,はだ,肌,,1
07710-1.opus,1476480,はだいろ,肌色,,
07711-1.opus,1476500,はだぎ,肌着,,
07712-1.opus,1476520,はたけ,畑,,0
07713-1.opus,1626340,はたさく,畑作,,0
07714-1.opus,1583660,はだざむい,肌寒い,,4
07715-1.opus,1600800,はだざわり,肌触り,,3
07716-1.opus,1600800,はだざわり,肌触り,,3
07717-1.opus,1192850,はたす,果たす,,2
07718-1.opus,1600790,はたち,二十歳,,1
07720-1.opus,1625450,はだみ,肌身,,
07721-1.opus,1451110,はたらきざかり,働き盛り,,5
07722-1.opus,1451150,はたらく,働く,,0
07723-1.opus,1476730,はちがつ,八月,,4
07725-1.opus,1471060,はちょう,波長,,0
07727-1.opus,1477160,はつえんとう,発煙筒,,0
07728-1.opus,1477170,はつおん,発音,する,0
07729-1.opus,1477170,はつおん,発音,する,0
07730-1.opus,1600850,はつか,二十日,,0
07732-1.opus,1477200,はっかく,発覚,する,0
07733-1.opus,1477190,はつが,発芽,する,0
07734-1.opus,1477220,はっかん,発汗,する,0
07735-1.opus,1477250,はっき,発揮,する,0
07736-1.opus,1625850,はっきゅう,薄給,,0
07737-1.opus,1477260,はっきょう,発狂,する,0
07738-1.opus,1478090,ばっきん,罰金,,0
07739-1.opus,1477290,はっくつ,発掘,する,0
07740-1.opus,1478250,ばつぐん,抜群,,0
07743-1.opus,1477310,はっけん,発見,する,0
07744-1.opus,1343080,はつこい,初恋,,0
07745-1.opus,1343080,はつこい,初恋,,0
07746-1.opus,1477360,はっこう,発光,する,0
07747-1.opus,1608410,はっこう,薄幸,な,0
07748-1.opus,1625840,はっこつ,白骨,,0
07749-1.opus,1478020,ばっさい,伐採,する,0
07750-1.opus,2759740,ばっし,末子,,0
07751-1.opus,1478260,ばっし,抜糸,する,0
07752-1.opus,1477490,はっしゃ,発射,する,0
07753-1.opus,1601310,ばっすい,抜粋,する,0
07754-1.opus,1477650,はっせい,発声,する,0
07755-1.opus,2220420,はっせん,八千,,
07756-1.opus,1477660,はっそう,発想,,0
07757-1.opus,1477660,はっそう,発想,する,0
07758-1.opus,1477670,はっそう,発送,する,0
07759-1.opus,1478100,ばっそく,罰則,,0
07760-1.opus,1477680,はったつ,発達,する,0
07762-1.opus,1477710,はっちゅう,発注,する,0
07763-1.opus,1477720,はってん,発展,する,0
07764-1.opus,1477750,はつでん,発電,する,0
07765-1.opus,2620490,はってんとじょう,発展途上,,
07766-1.opus,1477790,はつねつ,発熱,,0
07767-1.opus,1477790,はつねつ,発熱,する,0
07768-1.opus,1611230,はっぱ,葉っぱ,,0
07769-1.opus,1477810,はつばい,発売,する,0
07771-1.opus,2038570,はっぴゃく,八百,,4
07773-1.opus,1477840,はっぴょう,発表,する,0
07774-1.opus,2038580,はっぷん,八分,,0
07775-1.opus,1600840,はっぷん,発奮,する,0
07776-1.opus,1478300,ばっぽんてき,抜本的,な,0
07777-1.opus,1342770,はつみみ,初耳,,0
07778-1.opus,1477910,はつめい,発明,する,
07779-1.opus,1342870,はつゆき,初雪,,0
07780-1.opus,1343060,はつゆめ,初夢,,0
07781-1.opus,1192890,はてしない,果てしない,,4
07782-1.opus,1471140,はで,派手,な,2
07783-1.opus,1192910,はてる,果てる,,2
07784-1.opus,1471000,はとば,波止場,,0
07785-1.opus,1313330,はどめ,歯止め,,
07786-1.opus,1194500,はな,花,,2
07787-1.opus,1194500,はな,華,,2
07788-1.opus,1486720,はな,鼻,,0
07789-1.opus,1487040,はなお,鼻緒,,0
07790-1.opus,1487200,はなげ,鼻毛,,0
07791-1.opus,1600900,はなし,話,,3
07792-1.opus,1626100,はなしがい,放し飼い,,0
07793-1.opus,1562340,はなしかた,話し方,,
07794-1.opus,1562340,はなしかた,話し方,,
07795-1.opus,1600920,はなしちゅう,話し中,,0
07796-1.opus,1516460,はなす,放す,,2
07797-1.opus,1562350,はなす,話す,,2
07798-1.opus,1550830,はなす,離す,,2
07799-1.opus,1577330,はなぞの,花園,,0
07800-1.opus,1194790,はなたば,花束,,
07801-1.opus,1583300,はなぢ,鼻血,,0
07803-1.opus,1516490,はなつ,放つ,,2
07804-1.opus,1486910,はなづまり,鼻詰まり,,
07805-1.opus,1194850,はなばたけ,花畑,,3
07806-1.opus,1600960,はなばなしい,華々しい,,5
07807-1.opus,1194580,はなび,花火,,1
07808-1.opus,1194580,はなび,花火,,1
07809-1.opus,1194660,はなみ,花見,,3
07810-1.opus,1487060,はなみず,鼻水,,
07811-1.opus,1194560,はなや,花屋,,2
07812-1.opus,1600990,はなやか,華やか,な,2
07813-1.opus,1194570,はなよめ,花嫁,,2
07814-1.opus,1821720,はなればなれ,離れ離れ,,4
07815-1.opus,1516540,はなれる,放れる,,3
07816-1.opus,1550840,はなれる,離れる,,3
07817-1.opus,1171680,はね,羽,,0
07818-1.opus,1514990,はは,母,,1
07819-1.opus,1500880,はば,幅,,0
07820-1.opus,1515120,ははおや,母親,,0
07822-1.opus,1471180,はばつ,派閥,,0
07823-1.opus,1500930,はばとび,幅跳び,,
07824-1.opus,1351040,はぶく,省く,,2
07825-1.opus,1313070,はブラシ,歯ブラシ,,2
07826-1.opus,1471420,はへん,破片,,0
07827-1.opus,1471420,はへん,破片,,0
07828-1.opus,1546580,はまき,葉巻,,0
07829-1.opus,1601040,はみがき,歯磨き,,2
07830-1.opus,1471430,はめつ,破滅,する,0
07831-1.opus,1355910,ばめん,場面,,
07833-1.opus,1471090,はもん,波紋,,0
07834-1.opus,1471440,はもん,破門,する,0
07835-1.opus,1404975,はやい,早い,,2
07836-1.opus,1404975,はやい,速い,,2
07837-1.opus,1400200,はやおき,早起き,する,
07839-1.opus,1626450,はやざき,早咲き,,0
07840-1.opus,1555440,はやし,林,,
07841-1.opus,1378760,はやす,生やす,,2
07842-1.opus,1400170,はやまる,早まる,,3
07843-1.opus,1601080,はやめる,早める,,3
07845-1.opus,1501110,はら,腹,,2
07846-1.opus,1902500,はらいおとす,払い落とす,,5
07847-1.opus,1501580,はらいこむ,払い込む,,
07848-1.opus,1902520,はらいもどし,払い戻し,,0
07849-1.opus,1501620,はらう,払う,,2
07850-1.opus,1626220,はらがたつ,腹が立つ,,
07851-1.opus,1376450,はらす,晴らす,,2
07852-1.opus,1501140,はらちがい,腹違い,,3
07853-1.opus,1902600,はらをたてる,腹を立てる,,
07854-1.opus,1471110,はらんばんじょう,波乱万丈,,1
07855-1.opus,1366210,はり,針,,1
07856-1.opus,1366250,はりがね,針金,,0
07857-1.opus,1471870,ばりき,馬力,,0
07858-1.opus,1427900,はる,張る,,0
07859-1.opus,1341000,はる,春,,1
07860-1.opus,1376470,はれる,晴れる,,2
07861-1.opus,1626260,はれわたる,晴れ渡る,,
07862-1.opus,1478440,はん,判,,1
07863-1.opus,1481480,はん,版,,1
07864-1.opus,1481640,はん,班,,1
07865-1.opus,1481890,はんい,範囲,,1
07866-1.opus,1481890,はんい,範囲,,1
07867-1.opus,1601160,はんえい,反映,する,0
07868-1.opus,1481670,はんえい,繁栄,する,0
07869-1.opus,1481510,はんが,版画,,0
07870-1.opus,1481690,はんかがい,繁華街,,3
07871-1.opus,1479050,はんがく,半額,,0
07872-1.opus,1479050,はんがく,半額,,0
07873-1.opus,1480260,はんかん,反感,,0
07874-1.opus,1479110,はんき,半旗,,1
07875-1.opus,1601170,はんき,反旗,,1
07876-1.opus,1601180,はんぎゃく,反逆,する,0
07877-1.opus,1480310,はんきょう,反響,する,0
07878-1.opus,1482340,ばんぐみ,番組,,0
07879-1.opus,1479230,はんけい,半径,,1
07880-1.opus,1478520,はんけつ,判決,,0
07881-1.opus,1478520,はんけつ,判決,,0
07882-1.opus,1481520,はんけん,版権,,0
07883-1.opus,1482280,ばんけん,番犬,,0
07884-1.opus,1479260,はんげん,半減,する,
07885-1.opus,1481570,はんこう,犯行,,0
07886-1.opus,1482290,ばんごう,番号,,3
07888-1.opus,1480380,はんこう,反抗,する,0
07889-1.opus,1480380,はんこう,反抗,する,0
07891-1.opus,1601340,ばんごはん,晩御飯,,3
07893-1.opus,1481590,はんざい,犯罪,,0
07894-1.opus,1601350,ばんざい,万歳,,3
07895-1.opus,1601350,ばんざい,万歳,,3
07896-1.opus,2088280,ばんざいさんしょう,万歳三唱,,
07897-1.opus,1481610,はんざいしゃ,犯罪者,,3
07898-1.opus,1478560,はんじ,判事,,1
07899-1.opus,1526080,ばんじ,万事,,1
07900-1.opus,1480420,はんしゃ,反射,する,0
07901-1.opus,1479400,はんじゅく,半熟,,0
07902-1.opus,1481710,はんじょう,繁盛,する,1
07903-1.opus,1479460,はんしんはんぎ,半信半疑,,5
07904-1.opus,1480540,はんせい,反省,する,0
07905-1.opus,1480540,はんせい,反省,する,0
07906-1.opus,1480620,はんせん,反戦,,0
07907-1.opus,1478400,ばんそう,伴奏,する,0
07908-1.opus,1480650,はんそく,反則,する,0
07909-1.opus,1480720,はんたいがわ,反対側,,
07910-1.opus,1480670,はんたい,反対,する,0
07911-1.opus,1480670,はんたい,反対,する,0
07913-1.opus,1478620,はんだん,判断,する,1
07914-1.opus,1482360,ばんち,番地,,0
07915-1.opus,1481910,はんちゅう,範疇,,
07916-1.opus,1481650,はんちょう,班長,,1
07917-1.opus,1481340,はんてん,斑点,,
07918-1.opus,1479770,はんとう,半島,,0
07919-1.opus,1479790,はんどうたい,半導体,,0
07920-1.opus,1479790,はんどうたい,半導体,,0
07921-1.opus,1583190,はんとし,半年,,
07922-1.opus,1480880,はんにち,反日,,0
07923-1.opus,1481630,はんにん,犯人,,1
07924-1.opus,1584530,ばんのう,万能,,0
07925-1.opus,1480210,はんのう,反応,する,0
07926-1.opus,1480210,はんのう,反応,する,0
07927-1.opus,1584530,ばんのう,万能,な,0
07928-1.opus,1481800,はんばい,販売,する,0
07929-1.opus,1526370,ばんぱく,万博,,0
07930-1.opus,1601220,はんぷく,反復,する,0
07931-1.opus,1479890,はんぶん,半分,,
07932-1.opus,1478730,はんめい,判明,する,0
07933-1.opus,1481530,はんもと,版元,,
07934-1.opus,1481090,はんらん,反乱,,0
07935-1.opus,1481880,はんろ,販路,,1
07936-1.opus,1193610,ひ,火,,1
07937-1.opus,1582290,ひ,灯,,1
07938-1.opus,1484710,ひ,非,,1
07939-1.opus,1486350,び,美,,1
07940-1.opus,1104550,ビール,麦酒,,1
07941-1.opus,1601410,ひあがる,干上がる,,
07942-1.opus,1601420,ひあたり,日当たり,,0
07943-1.opus,1556630,ひえる,冷える,,2
07944-1.opus,1486810,びえん,鼻炎,,0
07945-1.opus,1486820,びおん,鼻音,,0
07946-1.opus,1484350,ひがい,被害,,1
07947-1.opus,1484370,ひがいしゃ,被害者,,2
07948-1.opus,1601430,ひかえしつ,控え室,,
07949-1.opus,1279070,ひかえめ,控え目,な,
07950-1.opus,1463920,ひがえり,日帰り,,
07951-1.opus,1279060,ひかえる,控える,,
07952-1.opus,1615390,ひかがくてき,非科学的,な,
07953-1.opus,1486380,びがく,美学,,1
07954-1.opus,1483560,ひかく,比較,する,0
07956-1.opus,1483600,ひかくてき,比較的,,0
07957-1.opus,1483600,ひかくてき,比較的,な,0
07958-1.opus,1447440,ひがし,東,,
07959-1.opus,1582270,ひがしがわ,東側,,0
07960-1.opus,1486370,びか,美化,する,1
07961-1.opus,1483840,ひかちゅうしゃ,皮下注射,,3
07962-1.opus,1272780,ひかり,光,,
07963-1.opus,1272820,ひかる,光る,,2
07964-1.opus,1483100,ひがん,彼岸,,
07965-1.opus,1483100,ひがん,彼岸,,
07966-1.opus,1483260,ひがん,悲願,,1
07967-1.opus,1483240,ひかん,悲観,する,0
07968-1.opus,1483250,ひかんてき,悲観的,な,0
07969-1.opus,1483250,ひかんてき,悲観的,な,0
07970-1.opus,1551210,ひきいる,率いる,,3
07971-1.opus,1601610,ひきざん,引き算,,2
07972-1.opus,1601620,ひきしお,引き潮,,0
07973-1.opus,1601650,ひきだし,引き出し,,0
07974-1.opus,1601650,ひきだし,引き出し,,0
07975-1.opus,1611330,ひきにく,挽き肉,,0
07976-1.opus,1169250,ひく,引く,,0
07977-1.opus,1419370,ひく,弾く,,0
07978-1.opus,1434180,ひくい,低い,,2
07979-1.opus,1434190,ひくまる,低まる,,3
07980-1.opus,1434200,ひくめる,低める,,3
07982-1.opus,1483280,ひげき,悲劇,,1
07983-1.opus,1689110,ひげきてき,悲劇的,な,0
07984-1.opus,1484040,ひけつ,秘訣,,0
07985-1.opus,1482980,ひけつ,否決,する,0
07986-1.opus,1485470,ひこうき,飛行機,,2
07988-1.opus,1484850,ひこうしき,非公式,な,2
07989-1.opus,1485520,ひこうじょう,飛行場,,0
07990-1.opus,1485530,ひこうせん,飛行船,,0
07991-1.opus,1484410,ひこく,被告,,0
07992-1.opus,1484460,ひさいち,被災地,,2
07993-1.opus,1227340,ひさしい,久しい,,3
07994-1.opus,1227370,ひさしぶり,久しぶり,,
07995-1.opus,1601820,ひさびさ,久々,,
07996-1.opus,1488860,ひさめ,氷雨,,0
07997-1.opus,1483290,ひさん,悲惨,な,0
07998-1.opus,1486440,びじゅつ,美術,,1
07999-1.opus,1486460,びじゅつかん,美術館,,
08000-1.opus,1725030,びじゅつし,美術史,,3
08001-1.opus,1484060,ひしょ,秘書,,
08002-1.opus,1484060,ひしょ,秘書,,
08003-1.opus,1484640,ひしょ,避暑,,
08004-1.opus,1486490,びじょ,美女,,1
08005-1.opus,1484950,ひじょうぐち,非常口,,2
08006-1.opus,1484950,ひじょうぐち,非常口,,2
08007-1.opus,1484990,ひじょうしき,非常識,,2
08008-1.opus,1484990,ひじょうしき,非常識,,2
08009-1.opus,1484960,ひじょうじたい,非常事態,,
08010-1.opus,1484930,ひじょうに,非常に,,0
08011-1.opus,1484650,ひしょち,避暑地,,2
08012-1.opus,1486530,びじん,美人,,
08013-1.opus,1483890,ひそう,皮相,,0
08014-1.opus,1484080,ひぞう,秘蔵,,0
08015-1.opus,1484080,ひぞう,秘蔵,する,0
08016-1.opus,1207510,ひたい,額,,0
08017-1.opus,1484290,ひだい,肥大,する,0
08018-1.opus,1290800,ひだり,左,,0
08019-1.opus,1579180,ひだりがわ,左側,,0
08020-1.opus,1601860,ひだりきき,左利き,,0
08021-1.opus,1903820,ひだりむき,左向き,,0
08022-1.opus,1487810,ひっきしけん,筆記試験,,
08023-1.opus,1601880,ひっこし,引っ越し,,0
08024-1.opus,1169340,ひっこす,引っ越す,,3
08025-1.opus,1169400,ひっこめる,引っ込める,,4
08026-1.opus,1601890,ひっし,必死,,0
08027-1.opus,1601895,ひっし,必至,,0
08028-1.opus,1546490,ひつじ,羊,,0
08030-1.opus,1546500,ひつじかい,羊飼い,,3
08031-1.opus,1601890,ひっし,必死,に,0
08032-1.opus,1487830,ひっしゃ,筆者,,1
08033-1.opus,1487520,ひっしゅうかもく,必修科目,,5
08034-1.opus,1487840,ひつじゅん,筆順,,0
08036-1.opus,1487530,ひっしょう,必勝,,0
08037-1.opus,1487850,ひっせき,筆跡,,0
08038-1.opus,1487590,ひつぜんてき,必然的,な,0
08039-1.opus,1487250,ひってき,匹敵,する,0
08040-1.opus,1903990,ひつどくしょ,必読書,,
08041-1.opus,1601900,ひっぱる,引っ張る,,3
08042-1.opus,1487660,ひつよう,必要,な,0
08043-1.opus,1487660,ひつよう,必要,な,0
08044-1.opus,2257540,ひていけい,否定形,,
08045-1.opus,1482990,ひてい,否定,する,0
08046-1.opus,1482990,ひてい,否定,する,0
08047-1.opus,1484100,ひでん,秘伝,,0
08048-1.opus,1580640,ひと,人,,
08049-1.opus,1369200,ひとがら,人柄,,0
08050-1.opus,1486600,びとく,美徳,,0
08051-1.opus,1575990,ひとこと,一言,,2
08052-1.opus,1367680,ひとごみ,人込み,,0
08053-1.opus,1367790,ひとごろし,人殺し,,
08054-1.opus,1162710,ひとさら,一皿,,2
08055-1.opus,1449330,ひとしい,等しい,,3
08056-1.opus,1367960,ひとじち,人質,,0
08057-1.opus,1160820,ひとつ,一つ,,2
08058-1.opus,1167280,ひとつぶ,一粒,,2
08059-1.opus,1367720,ひとづま,人妻,,0
08060-1.opus,1601970,ひとなみ,人並み,,0
08061-1.opus,1368980,ひとなみ,人波,,0
08062-1.opus,1580650,ひとびと,人々,,2
08063-1.opus,1576150,ひとり,一人,,2
08064-1.opus,1576150,ひとり,一人,,2
08066-1.opus,1455670,ひとりごと,独り言,,
08067-1.opus,1602020,ひとりじめ,独り占め,する,0
08068-1.opus,1626990,ひとりもの,独り者,,
08069-1.opus,1373440,ひなまつり,雛祭り,,3
08070-1.opus,1483410,ひなん,批難,する,1
08071-1.opus,1484660,ひなん,避難,する,1
08075-1.opus,2109680,ビニールぶくろ,ビニール袋,,
08076-1.opus,1483900,ひにく,皮肉,,
08077-1.opus,1483900,ひにく,皮肉,,
08078-1.opus,1483040,ひにん,否認,する,0
08079-1.opus,1484690,ひにん,避妊,する,0
08080-1.opus,1463780,ひのまる,日の丸,,0
08081-1.opus,1485140,ひばいひん,非売品,,0
08082-1.opus,1484550,ひばくしゃ,被爆者,,
08084-1.opus,1483420,ひはん,批判,する,0
08085-1.opus,1483430,ひはんてき,批判的,な,0
08086-1.opus,2476210,ひびかす,響かす,,3
08087-1.opus,1238610,ひびく,響く,,2
08088-1.opus,1483450,ひひょうか,批評家,,0
08089-1.opus,1483440,ひひょう,批評,する,0
08091-1.opus,1483920,ひふ,皮膚,,1
08093-1.opus,1483940,ひふか,皮膚科,,0
08094-1.opus,1483950,ひふびょう,皮膚病,,0
08095-1.opus,1484130,ひほう,秘宝,,0
08096-1.opus,1577280,ひま,暇,,0
08097-1.opus,1596430,ひまご,曾孫,,
08098-1.opus,1192820,ひまつぶし,暇つぶし,,
08099-1.opus,1484300,ひまん,肥満,,0
08100-1.opus,1484150,ひみつ,秘密,,0
08101-1.opus,1484150,ひみつ,秘密,,0
08103-1.opus,1483350,ひめい,悲鳴,,0
08104-1.opus,1487950,ひめぎみ,姫君,,2
08105-1.opus,1483980,ひめる,秘める,,2
08106-1.opus,1602210,ひやあせ,冷や汗,,3
08107-1.opus,1488000,ひゃく,百,,2
08110-1.opus,1488250,ひゃくしょう,百姓,,3
08111-1.opus,1485560,ひやく,飛躍,する,0
08112-1.opus,1488400,ひゃくばい,百倍,,
08113-1.opus,1488400,ひゃくばい,百倍,,
08114-1.opus,1475420,びゃくや,白夜,,1
08115-1.opus,1602220,ひやけ,日焼け,,0
08116-1.opus,1556770,ひやす,冷やす,,2
08117-1.opus,1602190,ひゃっかじてん,百科事典,,4
08118-1.opus,1656420,ひやとい,日雇い,,
08119-1.opus,1602240,ひややか,冷ややか,な,2
08120-1.opus,1602260,ひゆ,比喩,,1
08121-1.opus,1489320,ひょう,票,,0
08122-1.opus,1489350,ひょう,表,,0
08123-1.opus,1484620,ひよう,費用,,1
08124-1.opus,1484620,ひよう,費用,,1
08125-1.opus,1490430,びょう,秒,,1
08126-1.opus,1490220,びょういん,病院,,0
08127-1.opus,1490220,びょういん,病院,,0
08128-1.opus,1486680,びよういん,美容院,,2
08129-1.opus,1486680,びよういん,美容院,,2
08131-1.opus,1488880,ひょうが,氷河,,1
08132-1.opus,1488890,ひょうがき,氷河期,,3
08133-1.opus,1490010,ひょうか,評価,する,1
08135-1.opus,1490230,びょうき,病気,,0
08136-1.opus,1490230,びょうき,病気,,0
08137-1.opus,1490040,ひょうぎかい,評議会,,3
08138-1.opus,1490050,ひょうけつ,評決,,0
08139-1.opus,1489510,ひょうげん,表現,する,3
08140-1.opus,1489510,ひょうげん,表現,する,3
08141-1.opus,1488680,ひょうご,標語,,0
08142-1.opus,1488690,ひょうこう,標高,,0
08143-1.opus,1602280,ひょうさつ,標札,,0
08144-1.opus,1489030,ひょうざん,氷山,,1
08145-1.opus,1489600,ひょうし,表紙,,
08146-1.opus,1486690,びようし,美容師,,2
08147-1.opus,1488700,ひょうしき,標識,,0
08148-1.opus,1489610,ひょうじ,表示,する,
08150-1.opus,1490140,びょうしゃ,描写,する,0
08151-1.opus,1488710,ひょうじゅん,標準,,0
08153-1.opus,1488730,ひょうじゅんご,標準語,,0
08154-1.opus,1488730,ひょうじゅんご,標準語,,0
08156-1.opus,1489700,ひょうじょう,表情,,3
08157-1.opus,1490330,びょうしょう,病床,,0
08158-1.opus,1490350,びょうじょう,病状,,0
08159-1.opus,1490440,びょうしん,秒針,,0
08160-1.opus,1490440,びょうしん,秒針,,0
08161-1.opus,1490370,びょうそう,病巣,,0
08162-1.opus,1490450,びょうそく,秒速,,0
08164-1.opus,1488810,ひょうてき,標的,,0
08165-1.opus,1489170,ひょうてんか,氷点下,,3
08166-1.opus,1507670,びょうどう,平等,な,0
08167-1.opus,1507670,びょうどう,平等,な,0
08168-1.opus,1490360,びょうにん,病人,,0
08170-1.opus,1490070,ひょうばん,評判,,0
08171-1.opus,1488820,ひょうほん,標本,,0
08172-1.opus,1489880,ひょうめん,表面,,3
08173-1.opus,1489880,ひょうめん,表面,,3
08174-1.opus,1490460,びょうよみ,秒読み,,
08175-1.opus,1489940,ひょうり,表裏,,1
08176-1.opus,1622370,びょうれき,病歴,,0
08177-1.opus,1602300,ひょうろう,兵糧,,0
08178-1.opus,1490080,ひょうろん,評論,,0
08179-1.opus,1490080,ひょうろん,評論,,0
08180-1.opus,1484700,ひらいしん,避雷針,,
08181-1.opus,1484700,ひらいしん,避雷針,,
08182-1.opus,1507040,ひらおよぎ,平泳ぎ,,3
08183-1.opus,1507090,ひらがな,平仮名,,
08184-1.opus,1202440,ひらく,開く,,2
08185-1.opus,2078660,ひらしゃいん,平社員,,3
08186-1.opus,1506900,ひらたい,平たい,,
08187-1.opus,1483680,ひりつ,比率,,0
08188-1.opus,1483680,ひりつ,比率,,0
08189-1.opus,1484310,ひりょう,肥料,,1
08190-1.opus,1212010,ひる,干る,,1
08191-1.opus,1426250,ひる,昼,,2
08192-1.opus,1602340,ひるごはん,昼御飯,,3
08193-1.opus,1426280,ひるすぎ,昼過ぎ,,
08194-1.opus,1426350,ひるどき,昼時,,0
08195-1.opus,1426370,ひるね,昼寝,,0
08197-1.opus,1581710,ひるま,昼間,,3
08198-1.opus,1426290,ひるやすみ,昼休み,,3
08199-1.opus,1483700,ひれい,比例,する,0
08201-1.opus,1278410,ひろい,広い,,2
08202-1.opus,1332570,ひろう,拾う,,0
08203-1.opus,1483780,ひろう,疲労,する,0
08204-1.opus,1483780,ひろう,疲労,する,0
08205-1.opus,1602360,ひろがる,広がる,,0
08206-1.opus,1602370,ひろげる,広げる,,0
08207-1.opus,2164670,ひろしま,広島,,0
08208-1.opus,1278610,ひろしまけん,広島県,,4
08209-1.opus,1278590,ひろば,広場,,1
08210-1.opus,1278450,ひろまる,広まる,,
08211-1.opus,1621920,びわこ,琵琶湖,,0
08212-1.opus,1491120,びん,瓶,,1
08213-1.opus,1490560,ひんかく,品格,,0
08214-1.opus,1491070,びんかん,敏感,な,0
08216-1.opus,1490800,ひんけつ,貧血,,0
08217-1.opus,1490830,ひんこん,貧困,,0
08218-1.opus,1490830,ひんこん,貧困,,0
08219-1.opus,1490580,ひんしつ,品質,,0
08220-1.opus,1490850,ひんじゃく,貧弱,な,0
08221-1.opus,1490620,ひんしゅ,品種,,0
08223-1.opus,1490860,ひんそう,貧相,な,1
08224-1.opus,1491130,びんづめ,瓶詰め,,
08225-1.opus,1490890,ひんぷ,貧富,,1
08227-1.opus,1490900,びんぼう,貧乏,な,1
08228-1.opus,1490930,びんぼうにん,貧乏人,,0
08229-1.opus,1491100,びんわん,敏腕,な,0
08230-1.opus,1514290,ふ,歩,,0
08231-1.opus,1499290,ぶ,部,,
08232-1.opus,1514400,ぶあい,歩合,,0
08233-1.opus,1491150,ふあん,不安,,0
08234-1.opus,1491150,ふあん,不安,な,0
08235-1.opus,1602430,ふいうち,不意討ち,,0
08236-1.opus,1499580,ふう,封,,1
08237-1.opus,1499610,ふういん,封印,する,0
08238-1.opus,1499800,ふうき,風紀,,1
08239-1.opus,1496760,ふうき,富貴,な,1
08240-1.opus,1499830,ふうけい,風景,,1
08242-1.opus,1499650,ふうさ,封鎖,する,0
08243-1.opus,1499860,ふうし,風刺,する,0
08244-1.opus,1499890,ふうしゅう,風習,,0
08246-1.opus,1499670,ふうしょ,封書,,0
08247-1.opus,1499940,ふうせん,風船,,0
08248-1.opus,1499690,ふうとう,封筒,,0
08250-1.opus,1583640,ふうふ,夫婦,,1
08251-1.opus,1491290,ふうん,不運,,1
08252-1.opus,1437310,ふえ,笛,,0
08253-1.opus,1437320,ふえふき,笛吹き,,
08254-1.opus,1602440,ふえる,増える,,2
08255-1.opus,1498060,ふか,負荷,,
08256-1.opus,1499350,ぶか,部下,,1
08257-1.opus,1362640,ふかい,深い,,2
08258-1.opus,1491570,ふかい,不快,な,0
08259-1.opus,1491380,ふかかい,不可解,な,2
08261-1.opus,1946070,ふかかち,付加価値,,3
08262-1.opus,1491400,ふかけつ,不可欠,な,2
08263-1.opus,1491420,ふかこうりょく,不可抗力,,3
08264-1.opus,1279280,ふかす,更かす,,2
08265-1.opus,1491520,ふかのう,不可能,な,2
08267-1.opus,1491540,ふかひ,不可避,な,2
08268-1.opus,1491550,ふかぶん,不可分,な,2
08269-1.opus,1362660,ふかまる,深まる,,3
08270-1.opus,1362680,ふかめる,深める,,3
08271-1.opus,1498460,ぶき,武器,,1
08273-1.opus,1491840,ふきそく,不規則,な,
08274-1.opus,1491840,ふきそく,不規則,な,
08275-1.opus,1602500,ふきだす,吹き出す,,
08276-1.opus,1611410,ふきだまり,吹きだまり,,0
08277-1.opus,1602520,ふきでもの,吹き出物,,0
08278-1.opus,1497110,ふきゅう,普及,する,0
08279-1.opus,1491950,ふきょう,不況,,0
08280-1.opus,1616790,ふきょう,布教,する,0
08281-1.opus,1491790,ぶきよう,不器用,な,2
08283-1.opus,1499120,ぶきょく,舞曲,,1
08284-1.opus,1370760,ふく,吹く,,
08285-1.opus,1500940,ふく,服,,2
08286-1.opus,1193570,ふぐ,河豚,,1
08287-1.opus,1500990,ふくえき,服役,する,0
08288-1.opus,2164640,ふくおか,福岡,,2
08289-1.opus,1500770,ふくげん,復元,する,0
08290-1.opus,1501320,ふくごう,複合,する,0
08291-1.opus,1501350,ふくざつ,複雑,な,0
08292-1.opus,1501350,ふくざつ,複雑,な,0
08293-1.opus,1500400,ふくさよう,副作用,,3
08294-1.opus,1500410,ふくさんぶつ,副産物,,3
08295-1.opus,1500440,ふくし,副詞,,0
08296-1.opus,1501060,ふくし,福祉,,
08297-1.opus,1500450,ふくじてき,副次的,な,0
08298-1.opus,1827810,ふくしゃき,複写機,,3
08299-1.opus,1501390,ふくしゃ,複写,する,0
08300-1.opus,1500460,ふくしゃちょう,副社長,,
08301-1.opus,1500800,ふくしゅう,復習,する,0
08303-1.opus,1500840,ふくしゅう,復讐,する,0
08305-1.opus,1500950,ふくじゅう,服従,する,0
08306-1.opus,1500500,ふくしゅうにゅう,副収入,,3
08307-1.opus,1500540,ふくしょう,副賞,,0
08308-1.opus,1500850,ふくしょく,復職,する,0
08309-1.opus,1501210,ふくしん,腹心,,0
08310-1.opus,1501400,ふくすう,複数,,3
08311-1.opus,1501440,ふくせい,複製,する,0
08312-1.opus,1500290,ふくせん,伏線,,0
08313-1.opus,1500970,ふくそう,服装,,0
08315-1.opus,1500600,ふくだいとうりょう,副大統領,,
08316-1.opus,1501230,ふくつう,腹痛,,0
08317-1.opus,1501250,ふくぶ,腹部,,
08318-1.opus,1500310,ふくへい,伏兵,,0
08319-1.opus,1216880,ふくむ,含む,,2
08320-1.opus,1216890,ふくめる,含める,,3
08321-1.opus,1501100,ふくり,福利,,
08322-1.opus,1501470,ふくり,複利,,
08323-1.opus,1411070,ふくろ,袋,,3
08324-1.opus,1411080,ふくろこうじ,袋小路,,4
08325-1.opus,1496640,ふけい,婦警,,
08326-1.opus,1496640,ふけい,婦警,,
08327-1.opus,1497630,ふけい,父兄,,
08328-1.opus,1492120,ふけいき,不景気,,2
08329-1.opus,1492160,ふけつ,不潔,な,0
08330-1.opus,1279290,ふける,更ける,,2
08331-1.opus,1561010,ふける,老ける,,2
08332-1.opus,1496780,ふごう,富豪,,0
08333-1.opus,1497710,ふごう,符号,,0
08334-1.opus,1492350,ふこう,不幸,な,
08335-1.opus,1492300,ふこうへい,不公平,な,2
08336-1.opus,1826350,ふこくきょうへい,富国強兵,,
08337-1.opus,1496860,ふこく,布告,する,0
08338-1.opus,1496520,ふさい,夫妻,,
08339-1.opus,1496520,ふさい,夫妻,,
08340-1.opus,1498080,ふさい,負債,,0
08341-1.opus,1492460,ふざい,不在,,0
08342-1.opus,1386160,ふし,節,,2
08343-1.opus,1583680,ぶし,武士,,1
08344-1.opus,1583680,ぶし,武士,,1
08345-1.opus,1530030,ぶじ,無事,,0
08346-1.opus,1602600,ふしあわせ,不幸せ,な,
08347-1.opus,1492570,ふしぎ,不思議,な,0
08350-1.opus,1496800,ふじさん,富士山,,1
08351-1.opus,1496800,ふじさん,富士山,,1
08352-1.opus,1499400,ぶしゅ,部首,,1
08353-1.opus,1498690,ぶじゅつ,武術,,1
08354-1.opus,1603140,ぶしょ,部署,,1
08355-1.opus,1498100,ふしょう,負傷,する,0
08356-1.opus,1498100,ふしょう,負傷,する,0
08357-1.opus,1497500,ふじょう,浮上,する,0
08358-1.opus,1603150,ぶしょう,無精,な,2
08359-1.opus,1498260,ぶじょく,侮辱,する,0
08360-1.opus,1498260,ぶじょく,侮辱,する,0
08361-1.opus,1493000,ふしん,不信,,0
08362-1.opus,1496540,ふじん,夫人,,0
08363-1.opus,1496670,ふじん,婦人,,0
08364-1.opus,1493180,ふしんせつ,不親切,な,2
08365-1.opus,1602650,ふす,伏す,,
08366-1.opus,1625050,ふすう,負数,,2
08367-1.opus,1499900,ふぜい,風情,,
08368-1.opus,1493370,ふせい,不正,な,0
08369-1.opus,1493360,ふせいみゃく,不整脈,,2
08370-1.opus,1520190,ふせぐ,防ぐ,,2
08371-1.opus,1500220,ふせる,伏せる,,2
08372-1.opus,1498740,ぶそう,武装,する,0
08373-1.opus,1498740,ぶそう,武装,する,0
08374-1.opus,1493690,ふそく,不測,,0
08375-1.opus,1493700,ふそく,不足,する,0
08376-1.opus,1602700,ふぞく,付属,する,0
08377-1.opus,1496330,ふぞくひん,付属品,,
08378-1.opus,1298970,ふだ,札,,0
08379-1.opus,1457390,ぶた,豚,,0
08380-1.opus,1499150,ぶたい,舞台,,1
08381-1.opus,1462080,ふたえ,二重,,
08382-1.opus,1398750,ふたご,双子,,0
08383-1.opus,1292300,ふたたび,再び,,0
08384-1.opus,1461160,ふたつ,二つ,,3
08386-1.opus,1457440,ぶたにく,豚肉,,0
08387-1.opus,1602730,ふたば,双葉,,
08389-1.opus,1582670,ふたり,二人,,3
08390-1.opus,1497180,ふだん,普段,,
08391-1.opus,1497180,ふだん,普段,,
08393-1.opus,1498130,ふたん,負担,する,0
08394-1.opus,1496720,ふちょう,婦長,,
08395-1.opus,1499460,ぶちょう,部長,,0
08396-1.opus,1497190,ふつう,普通,,0
08398-1.opus,1462900,ふつか,二日,,0
08399-1.opus,1502430,ぶっか,物価,,0
08400-1.opus,1502430,ぶっか,物価,,0
08401-1.opus,1501860,ぶっかく,仏閣,,0
08402-1.opus,1500700,ふっかつ,復活,する,0
08403-1.opus,1500700,ふっかつ,復活,する,0
08404-1.opus,1500720,ふっき,復帰,する,0
08405-1.opus,1500740,ふっきゅう,復旧,する,0
08406-1.opus,1501930,ぶっきょう,仏教,,1
08407-1.opus,1501930,ぶっきょう,仏教,,1
08408-1.opus,1501160,ふっきん,腹筋,,0
08409-1.opus,1500750,ふっこう,復興,する,0
08410-1.opus,1494030,ふつごう,不都合,な,2
08411-1.opus,1501640,ふっしょく,払拭,する,0
08412-1.opus,1502190,ぶつぞう,仏像,,0
08414-1.opus,1502640,ぶっそう,物騒,な,3
08415-1.opus,1583780,ぶっだ,仏陀,,1
08416-1.opus,1502200,ぶつだん,仏壇,,0
08417-1.opus,1502220,ぶっちょうづら,仏頂面,,0
08418-1.opus,1501710,ふってん,沸点,,
08419-1.opus,1502260,ぶっとう,仏塔,,0
08420-1.opus,1501720,ふっとう,沸騰,する,0
08421-1.opus,1502300,ふつぶん,仏文,,0
08422-1.opus,1502770,ぶつよく,物欲,,
08423-1.opus,1502790,ぶつり,物理,,1
08424-1.opus,1487770,ふで,筆,,0
08425-1.opus,1493940,ふてき,不敵,な,0
08426-1.opus,1487900,ふでぶしょう,筆無精,,3
08427-1.opus,1408180,ふとい,太い,,2
08428-1.opus,1498880,ぶどう,武道,,1
08429-1.opus,1499190,ぶとうかい,舞踏会,,2
08430-1.opus,1494220,ふどうさん,不動産,,
08431-1.opus,1494220,ふどうさん,不動産,,
08432-1.opus,1499270,ぶどうとう,葡萄糖,,0
08433-1.opus,1748700,ふどうひょう,浮動票,,0
08434-1.opus,1494380,ふとく,不徳,,0
08435-1.opus,1408220,ふとる,太る,,2
08436-1.opus,1496890,ふとん,布団,,0
08437-1.opus,1496890,ふとん,布団,,0
08438-1.opus,1736010,ふなだいく,舟大工,,3
08439-1.opus,1392110,ふなたび,船旅,,
08440-1.opus,1657020,ふなつきば,船着き場,,
08441-1.opus,1624840,ふなのり,船乗り,,2
08442-1.opus,1530750,ぶなん,無難,な,0
08443-1.opus,1498200,ふにん,赴任,する,0
08444-1.opus,1602800,ふね,舟,,1
08445-1.opus,1602800,ふね,船,,1
08446-1.opus,1494520,ふねんせい,不燃性,,0
08447-1.opus,1497870,ふはい,腐敗,する,0
08448-1.opus,1370780,ふぶき,吹雪,,1
08449-1.opus,1494700,ふふく,不服,な,0
08450-1.opus,1499490,ぶぶん,部分,,1
08451-1.opus,1494780,ふぶんりつ,不文律,,2
08452-1.opus,1498270,ぶべつ,侮蔑,する,0
08453-1.opus,1615290,ふへんてき,普遍的,な,0
08454-1.opus,1494860,ふべん,不便,な,1
08455-1.opus,1497690,ふぼ,父母,,1
08456-1.opus,1494970,ふまん,不満,,0
08457-1.opus,1494970,ふまん,不満,な,0
08458-1.opus,1495020,ふみんしょう,不眠症,,0
08459-1.opus,1495110,ふもう,不毛,,0
08460-1.opus,1499540,ぶもん,部門,,
08461-1.opus,1602880,ふやす,増やす,,2
08462-1.opus,1446070,ふゆ,冬,,2
08463-1.opus,1625100,ふゆう,浮遊,する,0
08464-1.opus,1498970,ぶゆうでん,武勇伝,,2
08465-1.opus,1496820,ふゆう,富裕,な,
08467-1.opus,1499220,ぶよう,舞踊,,0
08468-1.opus,1583610,ぶようじん,不用心,な,2
08469-1.opus,1602900,ふよう,不要,な,0
08470-1.opus,1624960,ふらす,降らす,,2
08471-1.opus,1611460,ふりつ,府立,,
08472-1.opus,1495290,ふりょう,不良,,0
08473-1.opus,1497580,ふりょく,浮力,,
08474-1.opus,1499000,ぶりょく,武力,,1
08475-1.opus,1282790,ふる,降る,,1
08476-1.opus,1265070,ふるい,古い,,2
08477-1.opus,1265830,ふるいけ,古池,,0
08478-1.opus,1504700,ふるう,奮う,,0
08479-1.opus,1366310,ふるえる,震える,,0
08480-1.opus,1631020,ふるしんぶん,古新聞,,3
08481-1.opus,1265720,ふるす,古巣,,0
08482-1.opus,1358010,ふれあう,触れ合う,,3
08483-1.opus,1531060,ぶれい,無礼,な,
08484-1.opus,1357990,ふれる,触れる,,0
08485-1.opus,1500100,ふろ,風呂,,
08486-1.opus,1497600,ふろうしゃ,浮浪者,,2
08487-1.opus,1603100,ふろく,付録,,0
08488-1.opus,1505070,ふんいき,雰囲気,,3
08489-1.opus,1505120,ぶんか,文化,,1
08490-1.opus,1503210,ぶんかい,分解,する,0
08491-1.opus,1505190,ぶんがく,文学,,1
08492-1.opus,1505210,ぶんがくし,文学史,,
08493-1.opus,1505140,ぶんかさい,文化祭,,
08494-1.opus,1505150,ぶんかざい,文化財,,
08495-1.opus,1503280,ぶんかつ,分割,する,0
08496-1.opus,1503300,ぶんかつばらい,分割払い,,5
08497-1.opus,1504720,ふんき,奮起,する,1
08498-1.opus,1505290,ぶんげい,文芸,,
08499-1.opus,1505360,ぶんこぼん,文庫本,,0
08500-1.opus,1505360,ぶんこぼん,文庫本,,0
08501-1.opus,1505470,ぶんしょう,文章,,1
08503-1.opus,1504810,ふんしょく,粉飾,,0
08504-1.opus,1504740,ふんせん,奮戦,する,0
08505-1.opus,1505060,ふんそう,紛争,,0
08506-1.opus,1503950,ぶんたん,分担,する,0
08507-1.opus,1505550,ぶんつう,文通,する,0
08508-1.opus,1504860,ふんにゅう,粉乳,,0
08509-1.opus,1504760,ふんぱつ,奮発,する,0
08510-1.opus,1622200,ぶんぴつぎょう,文筆業,,4
08511-1.opus,1504160,ぶんぷ,分布,する,0
08512-1.opus,1505600,ぶんぽう,文法,,0
08513-1.opus,1505600,ぶんぽう,文法,,0
08514-1.opus,1505620,ぶんぼうぐ,文房具,,3
08515-1.opus,1505620,ぶんぼうぐ,文房具,,3
08516-1.opus,1504880,ふんまつ,粉末,,0
08517-1.opus,1505630,ぶんみゃく,文脈,,0
08518-1.opus,1505650,ぶんめい,文明,,0
08519-1.opus,1504330,ぶんや,分野,,1
08520-1.opus,1504370,ぶんり,分離,する,
08521-1.opus,1504460,ぶんるい,分類,する,0
08522-1.opus,1507000,へいあんちょう,平安朝,,
08523-1.opus,1506710,へいえき,兵役,,0
08524-1.opus,1508740,へいか,陛下,,1
08525-1.opus,1508810,べいか,米価,,1
08526-1.opus,1508270,へいがい,弊害,,0
08527-1.opus,1508600,へいかい,閉会,する,0
08528-1.opus,1508620,へいかん,閉館,する,0
08529-1.opus,1506320,へいき,兵器,,1
08530-1.opus,1506320,へいき,兵器,,1
08531-1.opus,1507180,へいき,平気,な,0
08532-1.opus,1583870,へいきん,平均,,0
08533-1.opus,1583870,へいきん,平均,,0
08534-1.opus,1507210,へいきんち,平均値,,3
08535-1.opus,1508860,べいぐん,米軍,,0
08536-1.opus,1508900,べいこく,米国,,0
08537-1.opus,2118880,へいさてき,閉鎖的,な,0
08538-1.opus,1506420,へいし,兵士,,1
08539-1.opus,1506420,へいし,兵士,,1
08540-1.opus,1507720,へいじつ,平日,,0
08541-1.opus,1506460,へいしゃ,兵舎,,1
08542-1.opus,1507540,へいぜん,平然,と,0
08543-1.opus,1506590,へいたい,兵隊,,0
08544-1.opus,1506590,へいたい,兵隊,,0
08545-1.opus,1508720,へいてん,閉店,する,0
08546-1.opus,1507800,へいふく,平伏,する,0
08547-1.opus,1507910,へいぼん,平凡,な,0
08548-1.opus,1508030,へいや,平野,,0
08549-1.opus,1508030,へいや,平野,,0
08550-1.opus,1508530,へいれつ,並列,する,0
08551-1.opus,1508070,へいわ,平和,,0
08552-1.opus,1520860,ペキン,北京,,1
08553-1.opus,1571190,へそのお,臍の緒,,
08554-1.opus,1185200,へた,下手,,2
08555-1.opus,1185200,へた,下手,な,2
08556-1.opus,1509600,べっかん,別巻,,0
08557-1.opus,1509650,べっきょ,別居,する,0
08559-1.opus,1509790,べっさつ,別冊,,0
08560-1.opus,1509930,べっせかい,別世界,,3
08561-1.opus,1509970,べっそう,別荘,,3
08562-1.opus,1509430,べつ,別,な,0
08563-1.opus,1510160,べつびん,別便,,0
08564-1.opus,1603300,べつべつに,別々に,,
08565-1.opus,1510220,べつり,別離,,1
08566-1.opus,1578770,べにいろ,紅色,,0
08567-1.opus,1280710,べにばな,紅花,,0
08568-1.opus,1499320,へや,部屋,,2
08569-1.opus,1499320,へや,部屋,,2
08570-1.opus,1263110,へらす,減らす,,0
08571-1.opus,1263120,へる,減る,,0
08572-1.opus,1251110,へる,経る,,1
08573-1.opus,1968130,ベレーぼう,ベレー帽,,2
08574-1.opus,1510310,へん,偏,,0
08575-1.opus,1510350,へんあい,偏愛,する,0
08577-1.opus,1512760,べんかい,弁解,する,0
08578-1.opus,1510890,へんか,変化,する,1
08579-1.opus,1510890,へんか,変化,する,1
08580-1.opus,1510950,へんかん,変換,する,0
08581-1.opus,1512470,べんき,便器,,1
08582-1.opus,1512180,へんきゃく,返却,する,0
08583-1.opus,1512100,へんきょう,辺境,,0
08585-1.opus,1512670,べんきょう,勉強,する,0
08586-1.opus,1510370,へんきょう,偏狭,な,0
08587-1.opus,1510370,へんきょう,偏狭,な,0
08588-1.opus,1511970,へんきょく,編曲,する,0
08589-1.opus,1603230,へんくつ,偏屈,な,
08590-1.opus,1510980,へんけい,変形,する,0
08592-1.opus,1510380,へんけん,偏見,,0
08593-1.opus,1511040,へんこう,変更,する,0
08594-1.opus,1511040,へんこう,変更,する,0
08596-1.opus,1512850,べんごし,弁護士,,3
08598-1.opus,1512830,べんご,弁護,する,1
08600-1.opus,1512210,へんさい,返済,する,0
08601-1.opus,1611480,へんさち,偏差値,,3
08602-1.opus,1512220,へんじ,返事,,3
08603-1.opus,1512220,へんじ,返事,する,3
08604-1.opus,1512010,へんしゅうしゃ,編集者,,3
08605-1.opus,1603240,へんしゅう,編集,する,0
08606-1.opus,1603240,へんしゅう,編集,する,0
08607-1.opus,1512520,べんじょ,便所,,3
08608-1.opus,1512980,べんしょう,弁償,する,0
08609-1.opus,1510520,へんしょく,偏食,,0
08610-1.opus,1511180,へんしん,変身,する,0
08611-1.opus,1512240,へんしん,返信,する,0
08612-1.opus,1583940,へんずつう,偏頭痛,,3
08613-1.opus,1512040,へんせい,編成,する,0
08614-1.opus,1511280,へんそう,変装,する,0
08615-1.opus,1512280,へんそう,返送,する,0
08616-1.opus,1512280,へんそう,返送,する,0
08617-1.opus,1510500,へんちょう,偏重,する,0
08619-1.opus,1513060,べんとう,弁当,,3
08620-1.opus,1512290,へんとう,返答,する,
08621-1.opus,1512290,へんとう,返答,する,
08622-1.opus,1511450,へんどう,変動,する,0
08623-1.opus,1510640,へん,変,な,1
08624-1.opus,1512580,べんぴ,便秘,,0
08625-1.opus,1512300,へんぴん,返品,する,0
08627-1.opus,1512610,べんり,便利,な,1
08628-1.opus,1512610,べんり,便利,な,1
08629-1.opus,1617090,へんれい,返戻,する,0
08630-1.opus,1512340,へんれき,遍歴,,0
08631-1.opus,1513300,ほいくえん,保育園,,3
08633-1.opus,1515020,ぼいん,母音,,0
08634-1.opus,1519750,ぼう,棒,,0
08635-1.opus,1517160,ほうあん,法案,,0
08637-1.opus,1515440,ほうい,包囲,する,1
08639-1.opus,1520200,ぼうえい,防衛,する,0
08640-1.opus,1520200,ぼうえい,防衛,する,0
08641-1.opus,1520120,ぼうえき,貿易,,0
08642-1.opus,1520120,ぼうえき,貿易,,0
08643-1.opus,1520140,ぼうえきぎょう,貿易業,,
08644-1.opus,1520150,ぼうえきこう,貿易港,,
08645-1.opus,1836090,ぼうえきしょう,貿易商,,
08646-1.opus,1621950,ぼうえきふう,貿易風,,
08648-1.opus,1519650,ぼうえんきょう,望遠鏡,,0
08649-1.opus,1517200,ほうおう,法王,,3
08650-1.opus,1520240,ぼうおん,防音,,0
08651-1.opus,1516280,ほうかい,崩壊,する,0
08652-1.opus,1519130,ぼうがい,妨害,する,0
08653-1.opus,1516570,ほうかご,放課後,,0
08654-1.opus,1516570,ほうかご,放課後,,0
08655-1.opus,1516560,ほうか,放火,する,0
08656-1.opus,1515460,ほうかつてき,包括的,な,0
08658-1.opus,1515470,ほうがん,包含,する,0
08659-1.opus,1519260,ぼうきゃく,忘却,する,0
08660-1.opus,1519440,ぼうきょ,暴挙,,1
08661-1.opus,1519660,ぼうきょう,望郷,,0
08662-1.opus,1520330,ぼうぎょ,防御,する,1
08664-1.opus,1519450,ぼうくん,暴君,,
08665-1.opus,1516980,ほうげん,方言,,
08666-1.opus,1516980,ほうげん,方言,,
08667-1.opus,1519830,ぼうけん,冒険,,0
08668-1.opus,1611500,ほうけんしゅぎ,封建主義,,5
08669-1.opus,1519830,ぼうけん,冒険,する,0
08670-1.opus,1499640,ほうけんせいど,封建制度,,5
08671-1.opus,1611510,ほうけんてき,封建的,な,0
08672-1.opus,1516190,ほうこ,宝庫,,1
08673-1.opus,1516190,ほうこ,宝庫,,1
08674-1.opus,1516990,ほうこう,方向,,0
08675-1.opus,1516990,ほうこう,方向,,0
08676-1.opus,1517760,ほうこう,芳香,,0
08677-1.opus,1519460,ぼうこう,暴行,する,0
08678-1.opus,1515670,ほうこく,報告,する,0
08680-1.opus,1520370,ぼうさいくんれん,防災訓練,,
08681-1.opus,1517020,ほうさく,方策,,0
08682-1.opus,1518150,ほうさく,豊作,,0
08683-1.opus,1908930,ぼうさつされる,忙殺される,,
08684-1.opus,1519170,ぼうし,帽子,,0
08686-1.opus,1515980,ほうし,奉伺,する,
08687-1.opus,1520380,ぼうし,防止,する,0
08688-1.opus,1516630,ほうしゃせん,放射線,,0
08689-1.opus,1516690,ほうしゃのう,放射能,,3
08691-1.opus,1515700,ほうしゅう,報酬,,0
08692-1.opus,1615450,ほうじゅん,豊潤,な,0
08693-1.opus,1627190,ほうじょう,豊穣,,0
08694-1.opus,1519780,ぼうじょう,棒状,,0
08695-1.opus,1828020,ほうしょうきん,報奨金,,0
08696-1.opus,1519910,ぼうしょく,紡織,,0
08697-1.opus,1518340,ほうしょく,飽食,する,0
08698-1.opus,1515650,ほうじる,報じる,,
08699-1.opus,1517040,ほうしん,方針,,0
08700-1.opus,1517040,ほうしん,方針,,0
08701-1.opus,1519080,ぼうず,坊主,,1
08702-1.opus,1519080,ぼうず,坊主,,1
08703-1.opus,1520490,ぼうすい,防水,,0
08704-1.opus,1516220,ほうせき,宝石,,0
08705-1.opus,1516220,ほうせき,宝石,,0
08706-1.opus,1516760,ほうそうきょく,放送局,,3
08707-1.opus,1907940,ほうそうし,包装紙,,3
08708-1.opus,1907940,ほうそうし,包装紙,,3
08709-1.opus,1515510,ほうそう,包装,する,0
08710-1.opus,1516750,ほうそう,放送,する,0
08711-1.opus,1516750,ほうそう,放送,する,0
08712-1.opus,1519480,ぼうそう,暴走,する,0
08713-1.opus,1517380,ほうそく,法則,,0
08714-1.opus,1517380,ほうそく,法則,,0
08715-1.opus,1603360,ほうたい,包帯,,0
08716-1.opus,1603360,ほうたい,包帯,,0
08717-1.opus,1519810,ぼうだち,棒立ち,,0
08718-1.opus,1516780,ほうち,放置,する,
08720-1.opus,1520510,ぼうちゅう,防虫,,0
08721-1.opus,1520520,ぼうちゅうざい,防虫剤,,
08723-1.opus,1515530,ほうちょう,包丁,,0
08724-1.opus,1517060,ほうていしき,方程式,,3
08725-1.opus,1517060,ほうていしき,方程式,,3
08726-1.opus,1517440,ほうてん,法典,,0
08727-1.opus,1519500,ぼうと,暴徒,,1
08728-1.opus,1515730,ほうどう,報道,,0
08729-1.opus,1519860,ぼうとう,冒頭,,0
08730-1.opus,1515730,ほうどう,報道,する,0
08731-1.opus,1603680,ぼうとく,冒涜,する,0
08732-1.opus,1519280,ぼうねんかい,忘年会,,3
08734-1.opus,1520570,ぼうはん,防犯,,0
08735-1.opus,1520580,ぼうび,防備,,1
08736-1.opus,1516420,ほうふ,抱負,,0
08737-1.opus,1519550,ぼうふうう,暴風雨,,3
08738-1.opus,1515760,ほうふく,報復,する,0
08740-1.opus,1603380,ほうふくぜっとう,抱腹絶倒,,0
08741-1.opus,1520600,ぼうふざい,防腐剤,,
08743-1.opus,1518180,ほうふ,豊富,な,
08744-1.opus,1517090,ほうほう,方法,,0
08745-1.opus,1516880,ほうぼく,放牧,する,0
08746-1.opus,1517460,ほうむしょう,法務省,,3
08747-1.opus,1518730,ぼうめい,亡命,する,0
08749-1.opus,1518120,ほうもん,訪問,する,0
08750-1.opus,1519060,ぼうや,坊や,,1
08751-1.opus,1603405,ほうよう,抱擁,する,0
08752-1.opus,1622070,ぼうよみ,棒読み,,0
08753-1.opus,1519570,ぼうらく,暴落,する,0
08754-1.opus,1517480,ほうりつ,法律,,0
08755-1.opus,1517480,ほうりつ,法律,,0
08756-1.opus,1805240,ほうりつがく,法律学,,4
08757-1.opus,1518140,ほうりょう,豊漁,,0
08758-1.opus,1519590,ぼうりょく,暴力,,1
08759-1.opus,1519590,ぼうりょく,暴力,,1
08760-1.opus,1519600,ぼうりょくだん,暴力団,,4
08761-1.opus,1518760,ぼうれい,亡霊,,0
08762-1.opus,1518350,ほうわ,飽和,する,0
08763-1.opus,1513310,ほおん,保温,する,0
08764-1.opus,1514160,ほかく,捕獲,する,0
08765-1.opus,1560710,ほがらか,朗らか,な,2
08767-1.opus,1513320,ほかん,保管,する,0
08769-1.opus,1514510,ほきゅう,補給,する,0
08770-1.opus,1514810,ぼきん,募金,,0
08771-1.opus,1521400,ぼく,僕,,
08773-1.opus,1520750,ほくおう,北欧,,0
08774-1.opus,1584250,ぼくじょう,牧場,,0
08775-1.opus,1521800,ぼくそう,牧草,,0
08776-1.opus,1521820,ぼくちく,牧畜,,0
08777-1.opus,1521820,ぼくちく,牧畜,,0
08778-1.opus,1521260,ほくぶ,北部,,1
08779-1.opus,1521260,ほくぶ,北部,,1
08780-1.opus,1521270,ほくべい,北米,,0
08781-1.opus,1783320,ぼくようけん,牧羊犬,,0
08782-1.opus,1514190,ほげいせん,捕鯨船,,0
08783-1.opus,1805340,ほけきょう,法華経,,0
08784-1.opus,1514540,ほけつ,補欠,,0
08785-1.opus,1514540,ほけつ,補欠,,0
08786-1.opus,1514850,ぼけつ,墓穴,,0
08789-1.opus,1513440,ほけん,保険,,0
08790-1.opus,1515040,ぼこう,母校,,1
08791-1.opus,1515040,ぼこう,母校,,1
08792-1.opus,1514380,ほこうしゃ,歩行者,,2
08793-1.opus,1514370,ほこう,歩行,する,0
08794-1.opus,1515070,ぼこくご,母国語,,0
08796-1.opus,1513630,ほごしゃ,保護者,,2
08798-1.opus,1513530,ほご,保護,する,1
08799-1.opus,1267730,ほこらしい,誇らしい,,4
08800-1.opus,1267740,ほこり,誇り,,
08801-1.opus,1267760,ほこる,誇る,,2
08802-1.opus,1603460,ほさ,補佐,する,1
08803-1.opus,1376310,ほし,星,,0
08804-1.opus,1547330,ほしい,欲しい,,2
08805-1.opus,1376410,ほしうらない,星占い,,
08806-1.opus,1376410,ほしうらない,星占い,,
08807-1.opus,1514200,ほしゅ,捕手,,1
08808-1.opus,1514560,ほしゅう,補修,する,0
08809-1.opus,1627510,ほしゅう,補習,する,0
08811-1.opus,1514580,ほじゅう,補充,する,0
08812-1.opus,1514830,ぼしゅう,募集,する,0
08813-1.opus,1514830,ぼしゅう,募集,する,0
08814-1.opus,1603490,ほしゅてき,保守的,な,0
08815-1.opus,1603500,ほしょう,保証,する,0
08817-1.opus,1603500,ほしょう,保障,する,0
08818-1.opus,1514650,ほしょう,補償,する,0
08819-1.opus,1514980,ぼしょく,暮色,,0
08820-1.opus,1514590,ほじょ,補助,する,1
08821-1.opus,1603510,ほす,干す,,1
08822-1.opus,1515140,ぼせいあい,母性愛,,2
08823-1.opus,1514680,ほせい,補正,する,0
08824-1.opus,1295510,ほそい,細い,,2
08825-1.opus,1514700,ほそく,補足,する,0
08826-1.opus,1513940,ほぞん,保存,する,0
08827-1.opus,1513940,ほぞん,保存,する,0
08828-1.opus,1584040,ぼち,墓地,,1
08829-1.opus,1514410,ほちょう,歩調,,0
08830-1.opus,1520810,ほっかいどう,北海道,,3
08831-1.opus,1615180,ぼっかてき,牧歌的,な,0
08832-1.opus,1520890,ほっきょく,北極,,0
08833-1.opus,1520940,ほっきょくせい,北極星,,
08834-1.opus,1805330,ほっけしゅう,法華宗,,3
08835-1.opus,1477470,ほっさ,発作,,0
08836-1.opus,1547340,ほっする,欲する,,
08837-1.opus,1583130,ほっそく,発足,する,0
08838-1.opus,1583130,ほっそく,発足,する,0
08839-1.opus,1477690,ほったん,発端,,
08840-1.opus,1603720,ぼっちゃん,坊ちゃん,,1
08841-1.opus,1522010,ぼっとう,没頭,する,0
08842-1.opus,1436510,ほど,程,,
08843-1.opus,1514420,ほどう,歩道,,0
08845-1.opus,1514430,ほどうきょう,歩道橋,,0
08846-1.opus,1514750,ほどう,補導,する,0
08847-1.opus,1501760,ほとけ,仏,,
08848-1.opus,1515190,ぼにゅう,母乳,,0
08849-1.opus,1565260,ほにゅうるい,哺乳類,,2
08850-1.opus,1288550,ほね,骨,,2
08851-1.opus,1288620,ほねおしみ,骨惜しみ,,
08852-1.opus,1288670,ほねぐみ,骨組み,,
08853-1.opus,1627360,ほねっぽい,骨っぽい,,4
08854-1.opus,1514880,ぼひ,墓碑,,
08855-1.opus,1514900,ぼひょう,墓標,,0
08856-1.opus,1514900,ぼひょう,墓標,,0
08857-1.opus,1486030,ほほえむ,微笑む,,3
08858-1.opus,1513970,ほゆう,保有,する,0
08859-1.opus,1453870,ほらあな,洞穴,,0
08860-1.opus,1603570,ほりかえす,掘り返す,,
08861-1.opus,1246640,ほりさげる,掘り下げる,,
08862-1.opus,1603580,ほりだしもの,掘り出し物,,0
08863-1.opus,1514030,ほりゅう,保留,する,0
08864-1.opus,1514260,ほりょ,捕虜,,1
08865-1.opus,1246690,ほる,掘る,,1
08866-1.opus,1522150,ほん,本,,1
08867-1.opus,1523780,ぼんおどり,盆踊り,,3
08868-1.opus,1522330,ほんかくてき,本格的,な,0
08869-1.opus,1522550,ほんごし,本腰,,0
08870-1.opus,1522620,ほんしつ,本質,,0
08871-1.opus,1523110,ほんじつ,本日,,1
08872-1.opus,1523110,ほんじつ,本日,,1
08873-1.opus,1522630,ほんしゃ,本社,,1
08874-1.opus,1522640,ほんしゅう,本州,,1
08875-1.opus,1522780,ほんしょう,本性,,
08876-1.opus,1522790,ほんせき,本籍,,
08877-1.opus,1523020,ほんてん,本店,,
08879-1.opus,1523060,ほんとう,本当,,0
08880-1.opus,1611580,ほんとうに,本当に,,
08881-1.opus,1522250,ほんね,本音,,0
08882-1.opus,1523130,ほんのう,本能,,
08883-1.opus,1481980,ぼんのう,煩悩,,
08884-1.opus,1523140,ほんばこ,本箱,,1
08885-1.opus,1523240,ほんみょう,本名,,1
08886-1.opus,1523220,ほんもう,本望,,
08887-1.opus,1522240,ほんや,本屋,,1
08888-1.opus,1523400,ほんやく,翻訳,する,0
08889-1.opus,1523290,ほんりょう,本領,,
08890-1.opus,1956920,まい,舞,,0
08892-1.opus,1524700,まいあさ,毎朝,,
08893-1.opus,1524670,まいかい,毎回,,0
08894-1.opus,1532750,まいご,迷子,,1
08895-1.opus,1532750,まいご,迷子,,1
08896-1.opus,1524690,まいしゅう,毎週,,0
08897-1.opus,1524630,まいすう,枚数,,3
08898-1.opus,1524550,まいそう,埋葬,する,0
08899-1.opus,1640870,まいぞうぶつ,埋蔵物,,3
08900-1.opus,1584350,まいつき,毎月,,0
08900-2.opus,1584350,まいげつ,毎月,,0
08901-1.opus,1524710,まいど,毎度,,0
08902-1.opus,1524720,まいにち,毎日,,
08903-1.opus,1524730,まいばん,毎晩,,
08904-1.opus,1640860,まいふん,毎分,,0
08905-1.opus,1524580,まいぼつ,埋没,する,0
08906-1.opus,1302070,まいる,参る,,1
08907-1.opus,1499100,まう,舞う,,
08908-1.opus,1363940,まうえ,真上,,3
08909-1.opus,1392580,まえ,前,,
08910-1.opus,1603780,まえうり,前売り,,0
08911-1.opus,1467130,まかす,任す,,2
08912-1.opus,1497950,まかす,負かす,,0
08913-1.opus,1467150,まかせる,任せる,,3
08914-1.opus,1239710,まがりかど,曲り角,,
08915-1.opus,1239710,まがりかど,曲り角,,
08916-1.opus,1239730,まがる,曲がる,,0
08917-1.opus,2020920,まき,牧,,
08918-1.opus,1603870,まきじゃく,巻き尺,,0
08919-1.opus,1614080,まきぞえ,巻き添え,,0
08920-1.opus,1215450,まぎわ,間際,,1
08921-1.opus,1211200,まく,巻く,,
08922-1.opus,1524750,まく,幕,,2
08923-1.opus,1498010,まけいぬ,負け犬,,0
08924-1.opus,1497980,まける,負ける,,0
08925-1.opus,1239740,まげる,曲げる,,0
08926-1.opus,1406230,まご,孫,,2
08927-1.opus,1640850,まごでし,孫弟子,,0
08928-1.opus,1580555,まこと,誠,,0
08929-1.opus,1381160,まことに,誠に,,0
08930-1.opus,1406260,まごむすめ,孫娘,,3
08931-1.opus,1406260,まごむすめ,孫娘,,3
08932-1.opus,1376640,まさに,正に,,1
08933-1.opus,1378010,まさゆめ,正夢,,0
08934-1.opus,1603910,まさる,勝る,,
08936-1.opus,1603920,まざる,混ざる,,2
08937-1.opus,1364360,まじめ,真面目,な,0
08939-1.opus,1524130,まじゅつ,魔術,,1
08941-1.opus,1603930,まじる,混じる,,2
08942-1.opus,1271700,まじわる,交わる,,3
08943-1.opus,1403120,ます,増す,,0
08944-1.opus,1387240,まず,先ず,,1
08945-1.opus,1490740,まずしい,貧しい,,3
08946-1.opus,1603950,ますます,益々,,2
08947-1.opus,1290310,まぜる,混ぜる,,2
08948-1.opus,1641100,またせる,待たせる,,3
08950-1.opus,1603990,まち,街,,2
08951-1.opus,1410630,まちあいしつ,待合室,,3
08952-1.opus,1410520,まちあわせる,待ち合わせる,,
08953-1.opus,1215320,まちがい,間違い,,3
08954-1.opus,1215320,まちがい,間違い,,3
08956-1.opus,1215330,まちがえる,間違える,,
08957-1.opus,1204580,まちかど,街角,,0
08958-1.opus,1410550,まちこがれる,待ち焦がれる,,
08960-1.opus,1604000,まちなみ,町並み,,0
08961-1.opus,1410590,まつ,待つ,,1
08962-1.opus,1349860,まつ,松,,1
08963-1.opus,1363250,まっか,真っ赤,な,3
08964-1.opus,1611630,まっきてき,末期的,な,0
08965-1.opus,1604050,まっくろ,真っ黒,な,3
08966-1.opus,1580600,まっすぐ,真っ直ぐ,,3
08967-1.opus,5385754,まつだ,松田,,
08968-1.opus,1394800,まったく,全く,,
08969-1.opus,1349910,まつたけ,松茸,,
08970-1.opus,1525530,まったん,末端,,0
08971-1.opus,1525530,まったん,末端,,0
08972-1.opus,1641140,まっとうする,全うする,,0
08973-1.opus,1349950,まつば,松葉,,1
08974-1.opus,1349970,まつばやし,松林,,3
08975-1.opus,1349970,まつばやし,松林,,3
08976-1.opus,1604130,まつり,祭り,,0
08977-1.opus,1375890,まつりごと,政,,0
08978-1.opus,1295250,まつる,祭る,,
08979-1.opus,1437270,まと,的,,0
08980-1.opus,1401400,まど,窓,,1
08981-1.opus,1401430,まどぎわ,窓際,,0
08982-1.opus,1401420,まどぐち,窓口,,2
08983-1.opus,1401420,まどぐち,窓口,,2
08984-1.opus,1401450,まどべ,窓辺,,0
08985-1.opus,2662230,まなこ,眼,,1
08986-1.opus,1363480,まなつ,真夏,,0
08987-1.opus,1206530,まなぶ,学ぶ,,
08988-1.opus,1215260,まにあう,間に合う,,3
08989-1.opus,1584670,まぬかれる,免れる,,4
08990-1.opus,1363740,まね,真似,,0
08991-1.opus,1349580,まねきねこ,招き猫,,4
08992-1.opus,1349590,まねく,招く,,2
08993-1.opus,1363740,まね,真似,する,0
08994-1.opus,1364160,まひる,真昼,,0
08995-1.opus,1569920,まぶた,目蓋,,1
08996-1.opus,1364210,まふゆ,真冬,,0
08997-1.opus,1524240,まほうつかい,魔法使い,,
08998-1.opus,1524260,まほうびん,魔法瓶,,2
08999-1.opus,1450030,まめ,豆,,2
09000-1.opus,1640960,まめでんきゅう,豆電球,,3
09002-1.opus,1327120,まもる,護る,,2
09003-1.opus,1524440,まやく,麻薬,,0
09004-1.opus,1532710,まよう,迷う,,2
09005-1.opus,1532720,まよわす,迷わす,,3
09006-1.opus,1604230,まるい,丸い,,
09007-1.opus,1604230,まるい,円い,,
09008-1.opus,1604240,まるがお,丸顔,,0
09009-1.opus,1216560,まるた,丸太,,0
09010-1.opus,1216270,まるっきり,丸っきり,,
09011-1.opus,2037080,まるまる,丸まる,,0
09012-1.opus,1216300,まるめる,丸める,,0
09013-1.opus,1199350,まわす,回す,,0
09014-1.opus,1604290,まわり,周り,,0
09015-1.opus,1604300,まわる,回る,,0
09016-1.opus,1526720,まんいん,満員,,0
09017-1.opus,1526720,まんいん,満員,,0
09018-1.opus,1526920,まんが,漫画,,0
09019-1.opus,1526750,まんかい,満開,,0
09020-1.opus,1641040,まんき,満期,,
09021-1.opus,1526760,まんきつ,満喫,する,0
09023-1.opus,1526770,まんげつ,満月,,1
09024-1.opus,1604310,まんざい,漫才,,3
09025-1.opus,1526860,まんぞく,満足,する,1
09026-1.opus,1526860,まんぞく,満足,する,1
09027-1.opus,1526870,まんちょう,満潮,,0
09028-1.opus,1604340,まんてん,満点,,3
09029-1.opus,1604350,まんなか,真ん中,,0
09030-1.opus,1526360,まんねんひつ,万年筆,,3
09031-1.opus,1526360,まんねんひつ,万年筆,,3
09033-1.opus,1526880,まんぱい,満杯,,0
09034-1.opus,1525800,まんびき,万引き,する,0
09036-1.opus,1526890,まんぷく,満腹,,0
09037-1.opus,1526900,まんりょう,満了,する,0
09038-1.opus,1365520,み,身,,0
09039-1.opus,1259140,みえる,見える,,2
09040-1.opus,1527020,みかく,味覚,,0
09041-1.opus,1523940,みがく,磨く,,0
09042-1.opus,1527300,みかんせい,未完成,,2
09043-1.opus,1577640,みき,幹,,1
09044-1.opus,1171010,みぎ,右,,
09046-1.opus,1576400,みぎがわ,右側,,0
09047-1.opus,1171120,みぎて,右手,,0
09048-1.opus,1576410,みぎはし,右端,,
09049-1.opus,1270710,みこし,神輿,,
09050-1.opus,1527480,みこん,未婚,,0
09051-1.opus,1527480,みこん,未婚,,0
09052-1.opus,1399990,みさお,操,,0
09053-1.opus,2571170,みさかいなく,見境なく,,
09054-1.opus,1418620,みじかい,短い,,3
09055-1.opus,5083221,ミシガンこ,ミシガン湖,,
09056-1.opus,1527560,みじゅく,未熟,な,
09058-1.opus,1371260,みず,水,,0
09059-1.opus,1618380,みずあび,水浴び,,
09060-1.opus,1371670,みずいろ,水色,,0
09061-1.opus,1267280,みずうみ,湖,,
09062-1.opus,1371360,みずがし,水菓子,,3
09063-1.opus,1317340,みずから,自ら,,1
09065-1.opus,1371830,みずぎ,水着,,0
09066-1.opus,1371420,みずたまもよう,水玉模様,,5
09067-1.opus,1259660,みすてる,見捨てる,,
09068-1.opus,1371870,みずむし,水虫,,0
09069-1.opus,1582120,みせ,店,,2
09070-1.opus,1604490,みせいねん,未成年,,2
09071-1.opus,1604500,みせかける,見せ掛ける,,
09072-1.opus,1440720,みせさき,店先,,
09073-1.opus,1440720,みせさき,店先,,
09074-1.opus,1641790,みぜに,身銭,,0
09075-1.opus,1259210,みせる,見せる,,2
09076-1.opus,1527040,みそ,味噌,,1
09077-1.opus,1259840,みそこなう,見損なう,,
09078-1.opus,1526670,みたす,満たす,,2
09079-1.opus,1548930,みだす,乱す,,2
09080-1.opus,1548940,みだれる,乱れる,,3
09081-1.opus,1454080,みち,道,,0
09082-1.opus,1365650,みぢか,身近,な,0
09083-1.opus,1365650,みぢか,身近,な,0
09084-1.opus,1526870,みちしお,満ち潮,,0
09085-1.opus,1611770,みちじゅん,道順,,0
09086-1.opus,1454230,みちばた,道端,,0
09087-1.opus,1453680,みちびく,導く,,3
09088-1.opus,1604540,みちる,満ちる,,2
09089-1.opus,1301330,みっか,三日,,0
09092-1.opus,1604550,みつかる,見つかる,,0
09093-1.opus,1604570,みつける,見つける,,0
09094-1.opus,1528250,みっこく,密告,する,0
09095-1.opus,1528260,みっしつ,密室,,0
09096-1.opus,1528280,みっしゅう,密集,する,0
09097-1.opus,1528290,みっせつ,密接,な,0
09098-1.opus,1299740,みっつ,三つ,,3
09099-1.opus,1528320,みつど,密度,,1
09100-1.opus,1528330,みつばい,密売,する,0
09101-1.opus,1528350,みっぷう,密封,する,0
09102-1.opus,1259790,みつもる,見積もる,,
09103-1.opus,1528370,みつゆ,密輸,する,0
09104-1.opus,1641750,みつりん,密林,,0
09105-1.opus,2259750,みどう,御堂,,0
09106-1.opus,1467530,みとめる,認める,,0
09107-1.opus,1555300,みどり,緑,,
09108-1.opus,1555320,みどりいろ,緑色,,0
09109-1.opus,1202150,みな,皆,,2
09109-2.opus,1202150,みんな,皆,,3
09110-1.opus,1365780,みなげ,身投げ,する,
09111-1.opus,1202170,みなさん,皆さん,,2
09112-1.opus,1279990,みなと,港,,
09113-1.opus,1280010,みなとまち,港町,,3
09114-1.opus,1459870,みなみ,南,,
09115-1.opus,1460490,みなみはんきゅう,南半球,,4
09116-1.opus,1263360,みなもと,源,,0
09117-1.opus,1604640,みならい,見習い,,0
09118-1.opus,1604670,みのがす,見逃す,,
09119-1.opus,1365610,みのしろきん,身代金,,
09120-1.opus,1320850,みのる,実る,,2
09121-1.opus,2849579,みばえ,見栄え,,
09122-1.opus,1527990,みはらい,未払い,,2
09123-1.opus,1365730,みぶるい,身震い,する,2
09124-1.opus,1528030,みぼうじん,未亡人,,2
09125-1.opus,1259990,みまう,見舞う,,
09126-1.opus,1528040,みまん,未満,,1
09127-1.opus,1317170,みみ,耳,,2
09128-1.opus,1641660,みみなり,耳鳴り,,
09129-1.opus,1365670,みもと,身元,,
09130-1.opus,2081050,みや,宮,,0
09131-1.opus,1528440,みゃく,脈,,2
09132-1.opus,1604710,みゃくはく,脈拍,,0
09134-1.opus,1528470,みゃくらく,脈絡,,0
09135-1.opus,1445360,みやげ,土産,,0
09136-1.opus,1444950,みやこ,都,,0
09137-1.opus,1741910,みやづかえ,宮仕え,,3
09138-1.opus,1741910,みやづかえ,宮仕え,,3
09139-1.opus,1228410,みやまいり,宮参り,,3
09141-1.opus,1604730,みょうじ,名字,,1
09142-1.opus,1532510,みょうじょう,明星,,0
09143-1.opus,1532590,みょうばん,明晩,,1
09144-1.opus,1532590,みょうばん,明晩,,1
09145-1.opus,1528060,みらい,未来,,1
09146-1.opus,1528060,みらい,未来,,1
09147-1.opus,1528120,みりょう,未了,,0
09148-1.opus,1528150,みりょく,魅力,,0
09149-1.opus,1259290,みる,見る,,1
09150-1.opus,1259920,みわたす,見渡す,,
09151-1.opus,1528590,みんえい,民営,,0
09153-1.opus,1528920,みんしゅう,民衆,,0
09154-1.opus,1528840,みんしゅしゅぎ,民主主義,,4
09155-1.opus,1528840,みんしゅしゅぎ,民主主義,,4
09157-1.opus,1528880,みんしゅとう,民主党,,
09158-1.opus,1604740,みんぞく,民族,,1
09159-1.opus,1604740,みんぞく,民族,,1
09160-1.opus,1529270,みんよう,民謡,,0
09161-1.opus,1561470,むいか,六日,,0
09162-1.opus,1529610,むいみ,無意味,な,2
09163-1.opus,1529650,むえき,無益,な,1
09164-1.opus,1529710,むが,無我,,1
09165-1.opus,1604800,むかう,向かう,,0
09166-1.opus,1253190,むかえる,迎える,,0
09167-1.opus,1382370,むかし,昔,,0
09168-1.opus,1382430,むかしばなし,昔話,,4
09170-1.opus,1476080,むぎ,麦,,1
09171-1.opus,1515630,むくいる,報いる,,
09172-1.opus,2005410,むくう,報う,,2
09173-1.opus,1529940,むくち,無口,な,1
09174-1.opus,1277100,むける,向ける,,0
09175-1.opus,1529880,むげん,無限,,0
09176-1.opus,1277140,むこう,向こう,,
09177-1.opus,1529930,むこう,無効,,0
09178-1.opus,1277150,むこうぎし,向こう岸,,0
09179-1.opus,1529860,むごん,無言,,0
09180-1.opus,1529980,むざい,無罪,,1
09181-1.opus,1426680,むし,虫,,0
09182-1.opus,1356870,むしあつい,蒸し暑い,,4
09183-1.opus,1356870,むしあつい,蒸し暑い,,4
09184-1.opus,1604840,むしき,蒸し器,,
09185-1.opus,1530020,むし,無視,する,1
09187-1.opus,1604850,むしば,虫歯,,0
09189-1.opus,1530080,むじゃき,無邪気,な,1
09190-1.opus,1604860,むしゃぶるい,武者震い,,3
09191-1.opus,1530190,むしょく,無職,,1
09192-1.opus,1530190,むしょく,無職,,1
09193-1.opus,1611920,むしんけい,無神経,な,2
09194-1.opus,1530230,むじんとう,無人島,,0
09195-1.opus,1356900,むす,蒸す,,1
09196-1.opus,1460850,むずかしい,難しい,,
09197-1.opus,1404390,むすこ,息子,,0
09198-1.opus,1404390,むすこ,息子,,0
09199-1.opus,1254670,むすぶ,結ぶ,,0
09200-1.opus,1531190,むすめ,娘,,3
09201-1.opus,1531210,むすめごころ,娘心,,4
09202-1.opus,1531230,むすめむこ,娘婿,,4
09203-1.opus,1530300,むせいふ,無政府,,2
09204-1.opus,1530460,むせんいんしょく,無銭飲食,,4
09205-1.opus,1529490,むそうか,夢想家,,0
09206-1.opus,1529500,むちゅう,夢中,で,0
09207-1.opus,1585315,むっつ,六つ,,3
09208-1.opus,1245370,むなしい,空しい,,
09209-1.opus,1237870,むなもと,胸元,,
09210-1.opus,1237820,むね,胸,,2
09211-1.opus,1530890,むぼうび,無防備,な,2
09212-1.opus,1520090,むほん,謀反,,
09213-1.opus,1530900,むみかんそう,無味乾燥,な,1
09214-1.opus,1406820,むら,村,,2
09215-1.opus,1247500,むらがる,群がる,,
09216-1.opus,1356910,むらす,蒸らす,,2
09217-1.opus,1406830,むらびと,村人,,0
09218-1.opus,1530970,むり,無理,な,1
09219-1.opus,1530970,むり,無理,な,1
09220-1.opus,1531040,むりょう,無料,,
09221-1.opus,1531040,むりょう,無料,,
09222-1.opus,1247510,むれ,群れ,,2
09223-1.opus,1356920,むれる,蒸れる,,2
09224-1.opus,1247520,むれる,群れる,,2
09225-1.opus,1604890,め,目,,1
09226-1.opus,1197710,め,芽,,1
09227-1.opus,1531360,めいあん,名案,,0
09228-1.opus,1532380,めいあん,明暗,,0
09229-1.opus,1641300,めいか,銘菓,,1
09230-1.opus,1532410,めいかく,明確,な,0
09231-1.opus,1532730,めいきゅう,迷宮,,0
09232-1.opus,1531440,めいきょく,名曲,,0
09233-1.opus,1531440,めいきょく,名曲,,0
09234-1.opus,1531520,めいさん,名産,,0
09235-1.opus,1531550,めいし,名刺,,0
09237-1.opus,1531560,めいし,名士,,1
09238-1.opus,1531570,めいし,名詞,,0
09239-1.opus,1611970,めいじ,明治,,1
09242-1.opus,1531600,めいしょ,名所,,
09243-1.opus,1531950,めいじる,命じる,,
09244-1.opus,1532760,めいしん,迷信,,
09245-1.opus,1531690,めいせい,名声,,0
09246-1.opus,1532090,めいちゅう,命中,する,0
09247-1.opus,1531750,めいちょ,名著,,1
09248-1.opus,1641360,めいとう,名刀,,0
09249-1.opus,1532920,めいどう,鳴動,する,0
09250-1.opus,1000220,めいはく,明白,な,0
09251-1.opus,1531810,めいぶつ,名物,,1
09252-1.opus,1531860,めいもん,名門,,0
09253-1.opus,1532670,めいやく,盟約,,0
09254-1.opus,1532680,めいゆう,盟友,,0
09255-1.opus,1531870,めいよ,名誉,な,1
09256-1.opus,1532160,めいれい,命令,する,0
09258-1.opus,1532790,めいろ,迷路,,1
09259-1.opus,1532640,めいろう,明朗,な,0
09260-1.opus,1532800,めいわく,迷惑,な,1
09261-1.opus,1535490,めうえ,目上,,
09262-1.opus,1641220,めがしら,目頭,,2
09263-1.opus,1577670,めがね,眼鏡,,1
09265-1.opus,1482010,めし,飯,,2
09266-1.opus,1346370,めしあがる,召し上がる,,
09267-1.opus,1604960,めしつかい,召し使い,,3
09268-1.opus,1535300,めじるし,目印,,2
09269-1.opus,1346450,めす,召す,,1
09270-1.opus,1431850,めずらしい,珍しい,,4
09271-1.opus,1535370,めだま,目玉,,3
09272-1.opus,1535380,めだまやき,目玉焼き,,0
09273-1.opus,1533030,めつぼう,滅亡,する,0
09274-1.opus,1197740,めばえる,芽生える,,
09275-1.opus,1605020,めめしい,女々しい,,3
09276-1.opus,1605030,めもり,目盛り,,
09277-1.opus,1535250,めをとおす,目を通す,,
09278-1.opus,1533090,めんえき,免疫,,0
09279-1.opus,1533360,めんおりもの,綿織物,,
09280-1.opus,1638130,めんか,綿花,,1
09281-1.opus,1533130,めんきょ,免許,,1
09282-1.opus,1533130,めんきょ,免許,,1
09283-1.opus,1533150,めんきょしょう,免許証,,
09284-1.opus,1641440,めんし,綿糸,,1
09286-1.opus,1533220,めんしょく,免職,する,0
09288-1.opus,1533200,めんじょ,免除,する,1
09289-1.opus,1533230,めんぜい,免税,,0
09290-1.opus,1533230,めんぜい,免税,する,0
09291-1.opus,1533500,めんせき,面積,,1
09292-1.opus,1533260,めんせき,免責,する,0
09294-1.opus,1533510,めんせつ,面接,する,0
09295-1.opus,1533510,めんせつ,面接,する,0
09296-1.opus,1612940,めんだん,面談,,0
09297-1.opus,1533560,めんどうくさい,面倒くさい,,6
09298-1.opus,1533560,めんどうくさい,面倒臭い,,6
09299-1.opus,1533550,めんどう,面倒,な,3
09300-1.opus,1812830,めんぼう,綿棒,,1
09301-1.opus,1533390,めんみつ,綿密,な,0
09302-1.opus,1386000,もうける,設ける,,3
09303-1.opus,1642160,もうさいけっかん,毛細血管,,5
09304-1.opus,1362890,もうしこむ,申し込む,,
09305-1.opus,1612020,もうしぶんない,申し分ない,,
09306-1.opus,1518670,もうじゃ,亡者,,1
09307-1.opus,1534050,もうしょ,猛暑,,1
09308-1.opus,1612040,もうしわけない,申し訳ない,,6
09309-1.opus,1612040,もうしわけない,申し訳ない,,6
09310-1.opus,1363090,もうす,申す,,1
09311-1.opus,1534260,もうちょう,盲腸,,1
09312-1.opus,1534290,もうどうけん,盲導犬,,0
09314-1.opus,1533910,もうはつ,毛髪,,0
09315-1.opus,1533940,もうひつ,毛筆,,0
09318-1.opus,1533950,もうふ,毛布,,1
09319-1.opus,1469570,もえる,燃える,,0
09320-1.opus,1533640,もぎしけん,模擬試験,,
09321-1.opus,1534660,もくざい,木材,,
09323-1.opus,1535460,もくじ,目次,,0
09324-1.opus,1534690,もくせい,木製,,0
09325-1.opus,1534740,もくぞう,木造,,0
09326-1.opus,1534740,もくぞう,木造,,0
09327-1.opus,1535550,もくそく,目測,する,0
09328-1.opus,1534750,もくたん,木炭,,3
09329-1.opus,1535560,もくてき,目的,,0
09330-1.opus,1535580,もくてきち,目的地,,
09332-1.opus,1535030,もくにん,黙認,する,0
09333-1.opus,1535040,もくひ,黙秘,する,
09334-1.opus,1535650,もくひょう,目標,,0
09335-1.opus,1535650,もくひょう,目標,,0
09336-1.opus,1534890,もくようび,木曜日,,3
09338-1.opus,1535710,もくろく,目録,,0
09340-1.opus,1533650,もけい,模型,,0
09341-1.opus,1505390,もじ,文字,,1
09342-1.opus,1612050,もしも,若しも,,1
09343-1.opus,1533670,もしゃ,模写,する,
09344-1.opus,1582900,もす,燃す,,0
09345-1.opus,1533680,もぞう,模造,する,0
09346-1.opus,1546210,もちいる,用いる,,
09347-1.opus,1315590,もちこむ,持ち込む,,
09348-1.opus,1605230,もちぬし,持ち主,,2
09349-1.opus,1535780,もちろん,勿論,,
09350-1.opus,1315720,もつ,持つ,,1
09351-1.opus,1155020,もって,以って,,1
09352-1.opus,1315700,もっていく,持って行く,,
09353-1.opus,1315710,もってくる,持って来る,,4
09354-1.opus,1293700,もっとも,最も,,
09355-1.opus,1389740,もっぱら,専ら,,
09356-1.opus,1260670,もと,基,,
09357-1.opus,2219600,もとい,基,,2
09358-1.opus,1535850,もどす,戻す,,2
09359-1.opus,1605270,もとづく,基づく,,3
09360-1.opus,1229350,もとめる,求める,,3
09361-1.opus,1535880,もどる,戻る,,2
09362-1.opus,1502390,もの,物,,
09363-1.opus,1322990,もの,者,,2
09364-1.opus,1502480,ものがたり,物語,,3
09365-1.opus,1502510,ものごし,物腰,,
09366-1.opus,1502500,ものずき,物好き,,
09367-1.opus,1502470,ものみゆさん,物見遊山,,4
09369-1.opus,1533690,もはん,模範,,0
09370-1.opus,1533700,もほう,模倣,する,0
09371-1.opus,2857870,もみじ,紅葉,,1
09372-1.opus,2857870,もみじ,紅葉,,1
09373-1.opus,1534870,もめん,木綿,,0
09374-1.opus,1582900,もやす,燃やす,,0
09376-1.opus,1533720,もよう,模様,,0
09377-1.opus,1362490,もり,森,,0
09378-1.opus,1379740,もる,盛る,,
09379-1.opus,1584800,もん,門,,1
09380-1.opus,1505260,もんく,文句,,1
09381-1.opus,1505260,もんく,文句,,1
09382-1.opus,1536180,もんこ,門戸,,1
09383-1.opus,1536010,もんだい,問題,,0
09385-1.opus,1505580,もんぶしょう,文部省,,3
09386-1.opus,1537760,や,矢,,1
09387-1.opus,1476840,やえざくら,八重桜,,3
09389-1.opus,1476960,やおや,八百屋,,0
09390-1.opus,1476960,やおや,八百屋,,0
09391-1.opus,1815820,やかたぶね,屋形船,,4
09392-1.opus,1536530,やかん,夜間,,
09393-1.opus,1605410,やきとり,焼き鳥,,0
09394-1.opus,1605440,やきもち,焼きもち,,
09395-1.opus,1605450,やきもの,焼き物,,0
09397-1.opus,1537300,やきゅう,野球,,0
09398-1.opus,1537310,やきゅうじょう,野球場,,0
09399-1.opus,1536650,やきん,夜勤,,0
09400-1.opus,1537970,やく,役,,2
09401-1.opus,1350600,やく,焼く,,0
09402-1.opus,2057030,やく,訳,,
09404-1.opus,1538010,やくしゃ,役者,,0
09405-1.opus,1538370,やくしゃ,訳者,,1
09406-1.opus,1538020,やくしょ,役所,,3
09408-1.opus,1538350,やくす,訳す,,2
09410-1.opus,1538130,やくそく,約束,する,0
09411-1.opus,1538090,やくだつ,役立つ,,3
09412-1.opus,1537980,やくにたつ,役に立つ,,
09413-1.opus,1538050,やくにん,役人,,0
09414-1.opus,1538280,やくひん,薬品,,0
09415-1.opus,1538310,やくみ,薬味,,
09417-1.opus,1538000,やくわり,役割,,
09418-1.opus,1536680,やけい,夜景,,0
09419-1.opus,1577310,やけど,火傷,,0
09420-1.opus,1350610,やける,焼ける,,0
09421-1.opus,1537370,やさい,野菜,,0
09422-1.opus,1537370,やさい,野菜,,0
09423-1.opus,1634060,やさき,矢先,,
09424-1.opus,1539040,やさしい,優しい,,
09425-1.opus,1157000,やさしい,易しい,,
09426-1.opus,1605460,やしき,屋敷,,3
09427-1.opus,1547090,やしなう,養う,,
09428-1.opus,1537770,やじるし,矢印,,2
09430-1.opus,1153670,やすい,安い,,2
09431-1.opus,1227490,やすまる,安まる,,3
09432-1.opus,1227500,やすみ,休み,,3
09433-1.opus,1227560,やすむ,休む,,2
09434-1.opus,1227570,やすめる,休める,,3
09435-1.opus,1153690,やすらか,安らか,,2
09436-1.opus,1153700,やすらぎ,安らぎ,,
09437-1.opus,1537550,やそう,野草,,0
09438-1.opus,1537570,やちょう,野鳥,,0
09439-1.opus,1192270,やちん,家賃,,1
09441-1.opus,1537820,やっかい,厄介,な,1
09442-1.opus,1538200,やっきょく,薬局,,0
09444-1.opus,1662060,やっこう,薬効,,0
09445-1.opus,1583095,やっつ,八つ,,3
09446-1.opus,1605560,やといぬし,雇い主,,
09447-1.opus,1537580,やとう,野党,,1
09449-1.opus,1605570,やとう,雇う,,2
09450-1.opus,1337200,やどす,宿す,,2
09451-1.opus,1337230,やどや,宿屋,,
09452-1.opus,1337210,やどる,宿る,,2
09453-1.opus,1182700,やね,屋根,,1
09455-1.opus,2833193,やぶる,敗る,,2
09456-1.opus,1471200,やぶる,破る,,2
09457-1.opus,1472510,やぶれる,敗れる,,3
09458-1.opus,1471210,やぶれる,破れる,,3
09459-1.opus,1537620,やぼ,野暮,,1
09460-1.opus,1302680,やま,山,,2
09461-1.opus,1490160,やまい,病,,1
09462-1.opus,1302750,やまおく,山奥,,3
09463-1.opus,1302770,やまかじ,山火事,,
09464-1.opus,1302870,やまざくら,山桜,,3
09465-1.opus,1662110,やまざと,山里,,
09466-1.opus,1755250,やまぞい,山沿い,,0
09468-1.opus,1755720,やまづみ,山積み,,0
09469-1.opus,1302900,やまでら,山寺,,2
09470-1.opus,1585330,やまと,大和,,1
09471-1.opus,1303070,やまのぼり,山登り,,3
09472-1.opus,1303120,やまはだ,山肌,,0
09473-1.opus,1755110,やまもと,山本,,0
09474-1.opus,1755450,やまもり,山盛り,,0
09475-1.opus,1605580,やまやま,山々,,2
09476-1.opus,1490170,やみあがり,病み上がり,,0
09477-1.opus,1490180,やみつき,病み付き,,0
09478-1.opus,1310640,やむ,止む,,0
09479-1.opus,1490210,やむ,病む,,1
09480-1.opus,1612100,やむをえない,止むを得ない,,
09481-1.opus,1310680,やめる,止める,,0
09482-1.opus,1318950,やめる,辞める,,0
09484-1.opus,1605630,やわらかい,軟らかい,,4
09485-1.opus,1561950,やわらぐ,和らぐ,,3
09486-1.opus,1561960,やわらげる,和らげる,,4
09487-1.opus,1448580,ゆ,湯,,1
09488-1.opus,1159130,ゆいごん,遺言,,0
09489-1.opus,1541780,ゆいしょ,由緒,,1
09490-1.opus,1541780,ゆいしょ,由緒,,1
09491-1.opus,1254600,ゆう,結う,,
09492-1.opus,1539100,ゆうい,優位,,1
09493-1.opus,1541090,ゆういぎ,有意義,な,3
09494-1.opus,1541120,ゆうえき,有益,な,0
09495-1.opus,1539130,ゆうえつかん,優越感,,
09497-1.opus,1542170,ゆうえんち,遊園地,,3
09499-1.opus,1541140,ゆうがい,有害,な,0
09501-1.opus,1542790,ゆうがた,夕方,,0
09502-1.opus,1539180,ゆうが,優雅,な,1
09503-1.opus,1542690,ゆうかん,夕刊,,0
09505-1.opus,1539730,ゆうかん,勇敢,な,0
09507-1.opus,1539740,ゆうき,勇気,,1
09508-1.opus,1540690,ゆうきゅう,悠久,,0
09510-1.opus,1542770,ゆうぐれ,夕暮れ,,0
09511-1.opus,1541240,ゆうけんしゃ,有権者,,3
09512-1.opus,1541290,ゆうこう,有効,な,0
09513-1.opus,1542710,ゆうこく,夕刻,,0
09514-1.opus,1541350,ゆうざい,有罪,,0
09515-1.opus,1539790,ゆうし,勇士,,1
09516-1.opus,1541360,ゆうし,有志,,1
09517-1.opus,1605660,ゆうし,雄姿,,1
09518-1.opus,1542600,ゆうし,融資,する,
09519-1.opus,1539230,ゆうしゅう,優秀,な,0
09520-1.opus,1540130,ゆうじょう,友情,,0
09521-1.opus,1540130,ゆうじょう,友情,,0
09522-1.opus,1539280,ゆうしょう,優勝,する,0
09524-1.opus,1539320,ゆうしょうはい,優勝杯,,3
09525-1.opus,1542730,ゆうしょく,夕食,,0
09526-1.opus,1542730,ゆうしょく,夕食,,0
09527-1.opus,1540150,ゆうじん,友人,,0
09528-1.opus,1542270,ゆうぜい,遊説,,0
09529-1.opus,1542270,ゆうぜい,遊説,する,0
09530-1.opus,1539340,ゆうせい,優勢,な,0
09531-1.opus,1539430,ゆうせんけん,優先権,,3
09532-1.opus,1539390,ゆうせん,優先,する,0
09533-1.opus,1542380,ゆうそう,郵送,する,0
09534-1.opus,1542380,ゆうそう,郵送,する,0
09535-1.opus,1542390,ゆうそうりょう,郵送料,,
09536-1.opus,1542400,ゆうたい,郵袋,,0
09537-1.opus,1605670,ゆうたい,勇退,する,0
09538-1.opus,1542020,ゆうどう,誘導,する,0
09539-1.opus,1539530,ゆうとうせい,優等生,,3
09540-1.opus,1541550,ゆうどく,有毒,な,0
09541-1.opus,1541570,ゆうのう,有能,な,0
09542-1.opus,1542680,ゆうばえ,夕映え,,0
09543-1.opus,1584910,ゆうはん,夕飯,,0
09544-1.opus,1542750,ゆうひ,夕日,,0
09545-1.opus,1539560,ゆうび,優美,な,1
09546-1.opus,1605680,ゆうびん,郵便,,0
09547-1.opus,1605680,ゆうびん,郵便,,0
09549-1.opus,1542430,ゆうびんきょく,郵便局,,3
09550-1.opus,1747030,ゆうびんばこ,郵便箱,,3
09551-1.opus,1542490,ゆうびんぶつ,郵便物,,3
09552-1.opus,1542420,ゆうびんや,郵便屋,さん,
09553-1.opus,1541830,ゆうふく,裕福,な,
09554-1.opus,1542560,ゆうべん,雄弁,な,
09555-1.opus,1541600,ゆうぼう,有望,な,0
09556-1.opus,1826740,ゆうぼくみん,遊牧民,,4
09557-1.opus,1541620,ゆうめい,有名,な,0
09558-1.opus,1541620,ゆうめい,有名,な,0
09559-1.opus,1542720,ゆうやけ,夕焼け,,0
09560-1.opus,1605720,ゆうり,有利,な,1
09562-1.opus,1541690,ゆうりょう,有料,,0
09563-1.opus,1539570,ゆうりょう,優良,な,0
09564-1.opus,1541710,ゆうりょく,有力,な,0
09565-1.opus,1267120,ゆえ,故,,2
09566-1.opus,1349380,ゆか,床,,0
09567-1.opus,1538560,ゆかい,愉快,な,1
09568-1.opus,1349420,ゆかした,床下,,0
09569-1.opus,1584990,ゆかた,浴衣,,0
09570-1.opus,1386500,ゆき,雪,,2
09571-1.opus,1842580,ゆきかき,雪掻き,,
09572-1.opus,1386580,ゆきがっせん,雪合戦,,3
09573-1.opus,1386590,ゆきぐに,雪国,,2
09574-1.opus,1448600,ゆげ,湯気,,1
09576-1.opus,1538810,ゆけつ,輸血,する,0
09577-1.opus,1538670,ゆし,油脂,,1
09579-1.opus,1538820,ゆしゅつ,輸出,する,0
09580-1.opus,1538820,ゆしゅつ,輸出,する,0
09581-1.opus,1538850,ゆそう,輸送,する,0
09582-1.opus,1518130,ゆたか,豊か,な,1
09584-1.opus,1538690,ゆだん,油断,する,0
09585-1.opus,1538870,ゆにゅう,輸入,する,0
09587-1.opus,1612130,ゆのみ,湯飲み,,3
09588-1.opus,1309650,ゆび,指,,2
09589-1.opus,1310050,ゆびわ,指輪,,0
09591-1.opus,1448650,ゆぶね,湯船,,1
09592-1.opus,1228490,ゆみ,弓,,2
09593-1.opus,1228510,ゆみなり,弓形,,0
09594-1.opus,1228550,ゆみや,弓矢,,2
09596-1.opus,1529410,ゆめ,夢,,2
09597-1.opus,1541810,ゆらい,由来,する,
09598-1.opus,1232870,ゆるす,許す,,2
09599-1.opus,1448680,ゆわかしき,湯沸かし器,,4
09600-1.opus,1537150,よあけ,夜明け,,3
09602-1.opus,1605820,よい,善い,,1
09603-1.opus,1605820,よい,良い,,1
09603-2.opus,2820690,いい,いい,,1
09604-1.opus,1543930,よいん,余韻,,0
09605-1.opus,1547100,よういく,養育,する,0
09606-1.opus,1546220,ようい,用意,する,1
09608-1.opus,1545350,ようい,容易,な,0
09609-1.opus,1546100,ようえき,溶液,,1
09610-1.opus,1476920,ようか,八日,,0
09611-1.opus,1545300,ようかい,妖怪,,0
09612-1.opus,1546110,ようかい,溶解,する,0
09613-1.opus,1545870,ようがし,洋菓子,,3
09614-1.opus,1546540,ようかん,羊羹,,1
09615-1.opus,1546120,ようがん,溶岩,,
09616-1.opus,1545370,ようき,容器,,1
09617-1.opus,1545370,ようき,容器,,1
09618-1.opus,1545390,ようぎしゃ,容疑者,,3
09620-1.opus,1546990,ようき,陽気,な,
09621-1.opus,1794400,ようきゅう,洋弓,,0
09622-1.opus,1546680,ようきゅう,要求,する,0
09623-1.opus,1546680,ようきゅう,要求,する,0
09624-1.opus,1546240,ようぐ,用具,,
09625-1.opus,1546250,ようけん,用件,,
09626-1.opus,1547010,ようこう,陽光,,0
09627-1.opus,1546130,ようこうろ,溶鉱炉,,3
09628-1.opus,1605850,ようご,擁護,する,1
09629-1.opus,1545950,ようさい,洋裁,,0
09630-1.opus,1547140,ようさん,養蚕,,0
09631-1.opus,1545400,ようし,容姿,,1
09633-1.opus,1546290,ようし,用紙,,
09634-1.opus,1547020,ようし,陽子,,1
09635-1.opus,1547150,ようし,養子,,0
09636-1.opus,1547150,ようし,養子,,0
09637-1.opus,1545160,ようじ,幼児,,1
09638-1.opus,1545160,ようじ,幼児,,1
09639-1.opus,1545780,ようじ,楊枝,,0
09641-1.opus,1546300,ようじ,用事,,0
09642-1.opus,1545830,ようしき,様式,,0
09644-1.opus,1545960,ようしき,洋式,,0
09645-1.opus,1545980,ようしゅ,洋酒,,0
09646-1.opus,1545210,ようじょ,幼女,,1
09647-1.opus,1545220,ようしょう,幼少,,0
09648-1.opus,1546000,ようしょく,洋食,,0
09649-1.opus,1546330,ようじんぶかい,用心深い,,6
09650-1.opus,1546340,ようじんぼう,用心棒,,3
09651-1.opus,1545820,ようす,様子,,0
09652-1.opus,1545820,ようす,様子,,0
09653-1.opus,1686780,ようすいち,用水池,,
09654-1.opus,1546610,ようする,要する,,3
09655-1.opus,1547040,ようせい,陽性,,0
09656-1.opus,1545420,ようせき,容積,,1
09657-1.opus,1546150,ようせつ,溶接,する,0
09658-1.opus,1546800,ようそ,要素,,1
09659-1.opus,1794510,ようそう,洋装,,0
09660-1.opus,1545430,ようだい,容態,,0
09660-2.opus,1545430,ようたい,容態,,0
09661-1.opus,1545260,ようちえん,幼稚園,,3
09663-1.opus,1545250,ようち,幼稚,な,0
09664-1.opus,1545270,ようちゅう,幼虫,,0
09665-1.opus,1288430,ようつう,腰痛,,0
09666-1.opus,1546380,ようと,用途,,1
09667-1.opus,1546510,ようとうくにく,羊頭狗肉,,
09668-1.opus,1547210,ようとん,養豚,,0
09669-1.opus,1818990,ようねんき,幼年期,,3
09670-1.opus,1545770,ようび,曜日,,0
09671-1.opus,1546020,ようふく,洋服,,0
09673-1.opus,1546830,ようぼう,要望,する,0
09674-1.opus,1662240,ようみゃく,葉脈,,
09675-1.opus,1546530,ようもう,羊毛,,0
09677-1.opus,1605860,ようやく,要約,する,0
09679-1.opus,1662260,ようらん,要覧,,0
09680-1.opus,1545450,ようりょう,容量,,
09681-1.opus,1546850,ようりょう,要領,,3
09682-1.opus,1546600,ようりょくそ,葉緑素,,
09684-1.opus,1543980,よか,余暇,,1
09685-1.opus,1543980,よか,余暇,,1
09686-1.opus,1542910,よかん,予感,する,0
09687-1.opus,1542920,よき,予期,する,1
09689-1.opus,1544040,よきょう,余興,,0
09691-1.opus,1545020,よきん,預金,する,0
09692-1.opus,1547320,よく,欲,,2
09693-1.opus,1585000,よくあさ,翌朝,,0
09694-1.opus,1547270,よくあつ,抑圧,する,0
09695-1.opus,1547490,よくげつ,翌月,,0
09696-1.opus,1547460,よくしつ,浴室,,0
09697-1.opus,1547510,よくじつ,翌日,,0
09698-1.opus,1547500,よくしゅう,翌週,,0
09699-1.opus,1855160,よくしゅん,翌春,,0
09700-1.opus,2146950,よくしりょく,抑止力,,3
09701-1.opus,1547290,よくせい,抑制,する,0
09702-1.opus,1547480,よくそう,浴槽,,0
09703-1.opus,1547520,よくねん,翌年,,0
09704-1.opus,1547390,よくばり,欲張り,,
09705-1.opus,1547410,よくぼう,欲望,,0
09706-1.opus,1547410,よくぼう,欲望,,0
09707-1.opus,1547300,よくよう,抑揚,,0
09708-1.opus,1605900,よくよくじつ,翌々日,,
09709-1.opus,1544090,よけい,余計,な,0
09710-1.opus,1180570,よこ,横,,0
09711-1.opus,1575900,よこいと,横糸,,0
09712-1.opus,1180850,よこがき,横書き,,0
09713-1.opus,1180850,よこがき,横書き,,0
09714-1.opus,1655110,よこくへん,予告編,,0
09715-1.opus,1178960,よごす,汚す,,0
09716-1.opus,1180740,よこづな,横綱,,0
09717-1.opus,1180840,よこどり,横取り,する,0
09718-1.opus,1180990,よこはば,横幅,,0
09719-1.opus,2164610,よこはま,横浜,,0
09720-1.opus,5149160,よこはまし,横浜市,,
09721-1.opus,1180940,よこぶえ,横笛,,
09722-1.opus,1179005,よごれる,汚れる,,0
09723-1.opus,1544140,よざい,余罪,,0
09724-1.opus,1543000,よさん,予算,,
09725-1.opus,1543000,よさん,予算,,
09726-1.opus,1541760,よし,由,,1
09727-1.opus,1307230,よじ,四時,,1
09728-1.opus,1581170,よしあし,善し悪し,,
09729-1.opus,1543070,よしゅう,予習,する,0
09730-1.opus,1543070,よしゅう,予習,する,0
09731-1.opus,1544260,よじょう,余剰,,0
09732-1.opus,1307160,よすみ,四隅,,1
09733-1.opus,1219560,よせる,寄せる,,0
09734-1.opus,1543110,よせん,予選,,0
09735-1.opus,1543130,よそう,予想,する,0
09736-1.opus,1402280,よそおう,装う,,
09737-1.opus,1543200,よそく,予測,する,0
09738-1.opus,1536670,よぞら,夜空,,1
09739-1.opus,1544370,よだん,余談,,0
09740-1.opus,1544380,よち,余地,,1
09741-1.opus,1543220,よち,予知,する,1
09742-1.opus,1655170,よちょきん,預貯金,,2
09743-1.opus,1307320,よっか,四日,,0
09744-1.opus,1307060,よつかど,四つ角,,0
09745-1.opus,1307060,よつかど,四つ角,,0
09746-1.opus,1547350,よっきゅう,欲求,,0
09747-1.opus,1307040,よっつ,四つ,,3
09748-1.opus,1372660,よっぱらい,酔っ払い,,0
09750-1.opus,1543240,よてい,予定,する,0
09751-1.opus,1639030,よていひょう,予定表,,0
09752-1.opus,1544870,よとう,与党,,1
09753-1.opus,1544870,よとう,与党,,1
09754-1.opus,1536930,よなか,夜中,,3
09755-1.opus,1373850,よのなか,世の中,,2
09756-1.opus,1544470,よは,余波,,1
09758-1.opus,1543320,よび,予備,,1
09759-1.opus,1543430,よびこう,予備校,,0
09760-1.opus,1266440,よぶ,呼ぶ,,0
09761-1.opus,1606000,よふかし,夜更かし,,
09762-1.opus,1606000,よふかし,夜更かし,する,
09763-1.opus,1544520,よぶん,余分,な,0
09764-1.opus,1543660,よぼう,予防,する,0
09765-1.opus,1543660,よぼう,予防,する,0
09766-1.opus,1543690,よぼうせっしゅ,予防接種,,4
09767-1.opus,1605980,よほど,余程,,0
09768-1.opus,5567634,よみうりしんぶん,読売新聞,,
09769-1.opus,1456330,よみかた,読み方,,
09770-1.opus,1456300,よみなおす,読み直す,,
09771-1.opus,1456360,よむ,読む,,1
09772-1.opus,1544570,よめい,余命,,
09774-1.opus,1543750,よやく,予約,する,0
09775-1.opus,1168660,よる,因る,,0
09776-1.opus,1536350,よる,夜,,1
09777-1.opus,1219680,よる,寄る,,0
09778-1.opus,2018890,よるおそく,夜遅く,,
09779-1.opus,2115150,よるがた,夜型,,
09780-1.opus,1612230,よろこばす,喜ばす,,4
09781-1.opus,1218760,よろこぶ,喜ぶ,,3
09782-1.opus,1606150,よろん,世論,,1
09782-2.opus,1606150,せろん,世論,,1
09783-1.opus,1324520,よわい,弱い,,2
09784-1.opus,1324740,よわごし,弱腰,,0
09785-1.opus,1324580,よわまる,弱まる,,3
09786-1.opus,1324840,よわむし,弱虫,,2
09787-1.opus,1324590,よわめる,弱める,,3
09788-1.opus,1324650,よわる,弱る,,2
09790-1.opus,1548420,らいう,雷雨,,1
09791-1.opus,1585030,らいきゃく,来客,,0
09792-1.opus,1547900,らいげつ,来月,,
09794-1.opus,1557510,らいさん,礼賛,する,0
09795-1.opus,1548010,らいしゅう,来週,,0
09796-1.opus,1548010,らいしゅう,来週,,0
09797-1.opus,1548200,らいにち,来日,する,0
09799-1.opus,1548220,らいねん,来年,,0
09800-1.opus,1852900,ライむぎ,ライ麦,,
09801-1.opus,1207290,らくえん,楽園,,0
09803-1.opus,1548770,らくがき,落書き,,0
09804-1.opus,1548720,らくご,落語,,0
09805-1.opus,1548750,らくさつ,落札,する,0
09806-1.opus,1643880,らくじょう,落城,する,0
09807-1.opus,1643910,らくせん,落選,する,0
09808-1.opus,1548810,らくだい,落第,する,0
09809-1.opus,1548840,らくちょう,落丁,,0
09810-1.opus,1207230,らく,楽,な,
09811-1.opus,1548890,らくのう,酪農,,0
09812-1.opus,1618530,らくば,落馬,する,0
09814-1.opus,1775760,らくよう,落陽,,0
09815-1.opus,1547570,らしんばん,羅針盤,,0
09816-1.opus,1548650,らっか,落下,する,0
09817-1.opus,1207310,らっかん,楽観,する,0
09818-1.opus,1207320,らっかんてき,楽観的,な,0
09819-1.opus,1207320,らっかんてき,楽観的,な,0
09820-1.opus,1549170,らんおう,卵黄,,0
09821-1.opus,1549170,らんおう,卵黄,,0
09822-1.opus,1643940,らんかいはつ,乱開発,,3
09823-1.opus,1549200,らんかん,卵管,,0
09824-1.opus,1643950,らんきりゅう,乱気流,,3
09825-1.opus,1548990,らんざつ,乱雑,な,0
09827-1.opus,1549260,らんそう,卵巣,,0
09828-1.opus,1549260,らんそう,卵巣,,0
09829-1.opus,1549050,らんとう,乱闘,,0
09830-1.opus,1822080,らんどく,乱読,する,0
09831-1.opus,1549310,らんぱく,卵白,,
09833-1.opus,1549100,らんぼう,乱暴,な,0
09834-1.opus,1549110,らんみゃく,乱脈,な,0
09835-1.opus,1549470,りえき,利益,,1
09836-1.opus,1549470,りえき,利益,,1
09837-1.opus,1549900,りか,理科,,1
09838-1.opus,1549500,りがい,利害,,1
09839-1.opus,1549910,りかい,理解,する,1
09840-1.opus,1549910,りかい,理解,する,1
09841-1.opus,1555000,りきし,力士,,
09842-1.opus,1554850,りきむ,力む,,2
09843-1.opus,1550860,りきゅう,離宮,,0
09844-1.opus,1550980,りく,陸,,
09845-1.opus,1551020,りくぐん,陸軍,,2
09846-1.opus,1551020,りくぐん,陸軍,,2
09847-1.opus,1551050,りくじょう,陸上,,0
09848-1.opus,1644320,りくち,陸地,,0
09849-1.opus,1551150,りくろ,陸路,,1
09850-1.opus,1549550,りこう,利口,な,0
09851-1.opus,1549550,りこう,利口,な,0
09852-1.opus,1612240,りこしゅぎ,利己主義,,3
09853-1.opus,1550880,りこん,離婚,する,0
09854-1.opus,1550880,りこん,離婚,する,0
09855-1.opus,1549560,りし,利子,,1
09856-1.opus,1549800,りしゅう,履修,する,0
09858-1.opus,1550020,りそう,理想,,0
09859-1.opus,1549600,りそく,利息,,0
09861-1.opus,1550930,りだつ,離脱,する,0
09862-1.opus,1551170,りちぎ,律儀,な,1
09863-1.opus,1551200,りつ,率,,1
09864-1.opus,1551590,りつあん,立案,する,0
09865-1.opus,1612250,りっきょう,陸橋,,0
09866-1.opus,1551630,りっけん,立憲,,0
09867-1.opus,1838420,りっけんせいじ,立憲政治,,5
09868-1.opus,1551650,りっこうほ,立候補,する,3
09869-1.opus,1551680,りっしゅん,立春,,0
09870-1.opus,1551790,りっぱ,立派,な,0
09871-1.opus,1551790,りっぱ,立派,な,0
09872-1.opus,1551800,りっぷく,立腹,する,0
09873-1.opus,1549620,りてん,利点,,0
09874-1.opus,1644480,りとう,離島,,0
09875-1.opus,2858813,りめん,裏面,,
09876-1.opus,1551950,りゃく,略,,
09877-1.opus,1551990,りゃくご,略語,,0
09878-1.opus,1552000,りゃくじ,略字,,0
09879-1.opus,1551960,りゃくす,略す,,2
09880-1.opus,1606250,りゃくだつ,略奪,する,0
09881-1.opus,1552070,りゃくれき,略歴,,0
09882-1.opus,1550140,りゆう,理由,,0
09884-1.opus,1552740,りゅうがく,留学,する,0
09885-1.opus,1552750,りゅうがくせい,留学生,,
09886-1.opus,1585110,りゅうこう,流行,する,0
09887-1.opus,1552880,りゅうさん,硫酸,,0
09888-1.opus,1552910,りゅうし,粒子,,1
09889-1.opus,1552940,りゅうせい,隆盛,,0
09890-1.opus,1552430,りゅうちょう,流暢,な,1
09891-1.opus,1612260,りゅうねん,留年,する,0
09892-1.opus,1552520,りゅうは,流派,,1
09893-1.opus,1552520,りゅうは,流派,,1
09894-1.opus,1552530,りゅうひょう,流氷,,0
09895-1.opus,1554230,りょう,寮,,1
09896-1.opus,1956080,りょう,漁,,1
09897-1.opus,1554640,りょう,量,,1
09898-1.opus,1554720,りょういき,領域,,0
09899-1.opus,1554720,りょういき,領域,,0
09900-1.opus,1553310,りょうかい,了解,する,0
09901-1.opus,1553310,りょうかい,了解,する,0
09902-1.opus,1553820,りょうがえ,両替,,0
09904-1.opus,1585140,りょうがわ,両側,,0
09905-1.opus,1554280,りょうきん,料金,,1
09906-1.opus,1612280,りょうくう,領空,,0
09907-1.opus,1554550,りょうこう,良好,な,0
09908-1.opus,1775240,りょうさいけんぼ,良妻賢母,,5
09909-1.opus,1554660,りょうさん,量産,する,0
09910-1.opus,1233010,りょうし,漁師,,1
09911-1.opus,1554740,りょうじかん,領事館,,
09913-1.opus,1554570,りょうしき,良識,,0
09914-1.opus,1554580,りょうしつ,良質,,0
09915-1.opus,1554760,りょうしゅうしょ,領収書,,
09917-1.opus,1606280,りょうしょう,了承,する,0
09918-1.opus,1602710,りょうしん,両親,,1
09919-1.opus,1602710,りょうしん,両親,,1
09920-1.opus,1554590,りょうしん,良心,,1
09921-1.opus,1549660,りよう,利用,する,0
09923-1.opus,1554240,りょうせい,寮生,,
09924-1.opus,1554780,りょうち,領地,,1
09925-1.opus,1554250,りょうちょう,寮長,,1
09926-1.opus,1553660,りょうて,両手,,0
09927-1.opus,1554790,りょうど,領土,,1
09928-1.opus,1644920,りょうない,領内,,1
09929-1.opus,1585170,りょうはし,両端,,0
09930-1.opus,1585180,りょうふう,涼風,,
09931-1.opus,1554260,りょうぼ,寮母,,1
09932-1.opus,1554470,りょうほう,療法,,0
09933-1.opus,1916070,りょうほうとも,両方共,,
09934-1.opus,1554030,りょうめん,両面,,
09935-1.opus,1585190,りょうようじょ,療養所,,
09936-1.opus,1554480,りょうよう,療養,する,0
09938-1.opus,1554310,りょうり,料理,,1
09939-1.opus,1554310,りょうり,料理,する,1
09940-1.opus,1553130,りょかん,旅館,,0
09941-1.opus,1553130,りょかん,旅館,,0
09943-1.opus,1644870,りょくちゃ,緑茶,,0
09945-1.opus,1553160,りょけん,旅券,,0
09946-1.opus,1553170,りょこう,旅行,する,0
09947-1.opus,1553170,りょこう,旅行,する,0
09948-1.opus,1553250,りょひ,旅費,,0
09949-1.opus,1550970,りりく,離陸,する,0
09950-1.opus,1549680,りりつ,利率,,0
09951-1.opus,1549820,りれきしょ,履歴書,,
09952-1.opus,1550160,りろん,理論,,
09953-1.opus,1555740,りんかく,輪郭,,0
09954-1.opus,1555580,りんきおうへん,臨機応変,,1
09955-1.opus,1555470,りんぎょう,林業,,
09956-1.opus,1585210,りんごく,隣国,,
09957-1.opus,1555610,りんじ,臨時,,0
09958-1.opus,1555630,りんじゅう,臨終,,0
09959-1.opus,1916230,りんしょうい,臨床医,,3
09960-1.opus,1916230,りんしょうい,臨床医,,3
09961-1.opus,1555670,りんじょうかん,臨場感,,3
09962-1.opus,1555850,りんじん,隣人,,0
09963-1.opus,1555680,りんせき,臨席,する,0
09964-1.opus,1555860,りんせき,隣席,する,0
09965-1.opus,1555870,りんせつ,隣接,する,0
09966-1.opus,1606370,るいけい,類型,,0
09967-1.opus,1556090,るいご,類語,,0
09969-1.opus,1556100,るいじ,類似,する,0
09970-1.opus,1556110,るいじんえん,類人猿,,3
09971-1.opus,1644740,るいせん,涙腺,,0
09972-1.opus,1552760,るす,留守,,1
09976-1.opus,1552800,るすばん,留守番,,0
09978-1.opus,1552810,るすばんでんわ,留守番電話,,5
09979-1.opus,1552540,るふ,流布,する,1
09980-1.opus,1552540,るふ,流布,する,1
09981-1.opus,1585230,れい,例,,1
09982-1.opus,1557630,れい,零,,1
09983-1.opus,1557660,れいか,零下,,1
09984-1.opus,1556410,れいがい,例外,,0
09985-1.opus,1557470,れいぎ,礼儀,,3
09986-1.opus,1557500,れいきん,礼金,,0
09987-1.opus,1556980,れいこく,冷酷,な,0
09988-1.opus,1757840,れいさいきぎょう,零細企業,,5
09989-1.opus,1557690,れいじ,零時,,1
09990-1.opus,1557530,れいじょう,礼状,,0
09991-1.opus,1557000,れいしょう,冷笑,する,0
09992-1.opus,1557050,れいせい,冷静,な,0
09993-1.opus,1557050,れいせい,冷静,な,0
09994-1.opus,1557540,れいせつ,礼節,,0
09995-1.opus,1557080,れいせん,冷泉,,0
09996-1.opus,1557110,れいぞうこ,冷蔵庫,,3
09997-1.opus,1557110,れいぞうこ,冷蔵庫,,3
09998-1.opus,1556550,れいだい,例題,,0
09999-1.opus,1557710,れいてん,零点,,
10000-1.opus,1557720,れいど,零度,,1
10002-1.opus,1557210,れいとうこ,冷凍庫,,3
10003-1.opus,1556570,れいねん,例年,,0
10004-1.opus,1557560,れいはい,礼拝,する,0
10005-1.opus,1556590,れいぶん,例文,,0
10006-1.opus,1557290,れいぼう,冷房,,0
10007-1.opus,1558050,れきし,歴史,,0
10008-1.opus,1558050,れきし,歴史,,0
10009-1.opus,1558110,れきしかん,歴史観,,3
10010-1.opus,1558160,れきしてき,歴史的,な,0
10011-1.opus,1612300,れきぜん,歴然,たる,0
10012-1.opus,1558270,れきにん,歴任,する,0
10013-1.opus,1558300,れきほう,歴訪,する,0
10014-1.opus,1558330,れつ,列,,1
10015-1.opus,1558340,れっきょ,列挙,する,
10016-1.opus,1558370,れっしゃ,列車,,
10017-1.opus,1558390,れっとう,列島,,0
10018-1.opus,1558520,れっとうかん,劣等感,,3
10019-1.opus,1558800,れんあい,恋愛,,0
10020-1.opus,1558800,れんあい,恋愛,,0
10021-1.opus,1559380,れんきゅう,連休,,0
10022-1.opus,1559390,れんけい,連係,する,0
10023-1.opus,1559160,れんしゅう,練習,する,0
10024-1.opus,1559160,れんしゅう,練習,する,0
10025-1.opus,1559560,れんしょう,連勝,する,0
10026-1.opus,1559600,れんそう,連想,する,0
10027-1.opus,1559610,れんぞく,連続,する,0
10029-1.opus,1559670,れんたいかん,連帯感,,3
10030-1.opus,1644110,れんだん,連弾,,0
10031-1.opus,1559870,れんめい,連盟,,0
10032-1.opus,1559900,れんらく,連絡,する,0
10034-1.opus,1146810,ローマじ,ローマ字,,
10035-1.opus,1560750,ろうかく,楼閣,,0
10036-1.opus,1612310,ろうか,老化,する,0
10037-1.opus,1612320,ろうがん,老眼,,0
10038-1.opus,1644540,ろうがんきょう,老眼鏡,,0
10039-1.opus,1561040,ろうご,老後,,
10040-1.opus,1561090,ろうじん,老人,,0
10041-1.opus,1560350,ろうそ,労組,,1
10042-1.opus,1606450,ろうどう,労働,,0
10043-1.opus,1606450,ろうどう,労働,,0
10044-1.opus,1560510,ろうどうくみあい,労働組合,,5
10045-1.opus,1560460,ろうどうじかん,労働時間,,5
10046-1.opus,1560500,ろうどうじょうけん,労働条件,,5
10047-1.opus,1560730,ろうどく,朗読,する,0
10048-1.opus,1561080,ろうにゃくなんにょ,老若男女,,5
10049-1.opus,1560800,ろうひ,浪費,する,
10050-1.opus,1560740,ろうほう,朗報,,0
10051-1.opus,1560650,ろうりょく,労力,,1
10052-1.opus,1561150,ろうれい,老齢,,0
10053-1.opus,1606460,ろうろう,朗々,と,
10054-1.opus,5337566,ろくおんじ,鹿苑寺,,1
10055-1.opus,1561590,ろくおん,録音,する,0
10056-1.opus,1561590,ろくおん,録音,する,0
10057-1.opus,1561610,ろくが,録画,する,0
10058-1.opus,1561330,ろくがつ,六月,,4
10060-1.opus,2583620,ろくじ,六時,,2
10061-1.opus,1555340,ろくしょう,緑青,,
10062-1.opus,1555340,ろくしょう,緑青,,
10065-1.opus,5338334,ろくめいかん,鹿鳴館,,3
10066-1.opus,1560050,ろじ,路地,,1
10067-1.opus,1612340,ろじょう,路上,,0
10068-1.opus,1560040,ろせん,路線,,0
10070-1.opus,2143010,ろっぴゃく,六百,,
10071-1.opus,2143010,ろっぴゃく,六百,,
10072-1.opus,1561550,ろっぽん,六本,,
10073-1.opus,1561550,ろっぽん,六本,,
10075-1.opus,1561650,ろんがい,論外,な,
10076-1.opus,1561660,ろんぎ,論議,する,1
10077-1.opus,1561690,ろんきょ,論拠,,1
10078-1.opus,1561620,ろんじる,論じる,,
10079-1.opus,1561760,ろんそう,論争,,0
10080-1.opus,1561840,ろんぶん,論文,,0
10081-1.opus,1561840,ろんぶん,論文,,0
10082-1.opus,1561850,ろんり,論理,,1
10083-1.opus,1561890,ろんりてき,論理的,な,0
10084-1.opus,1555710,わ,輪,,1
10086-1.opus,1562000,わか,和歌,,1
10087-1.opus,1324300,わかい,若い,,2
10088-1.opus,1562030,わかい,和解,する,0
10089-1.opus,1606630,わがくに,我が国,,1
10090-1.opus,1562020,わがし,和菓子,,2
10091-1.opus,1501660,わかす,沸かす,,0
10092-1.opus,1324360,わかて,若手,,0
10093-1.opus,1606640,わがはい,吾輩,,0
10094-1.opus,1606640,わがはい,我が輩,,0
10095-1.opus,1324350,わかもの,若者,,0
10096-1.opus,1324350,わかもの,若者,,0
10097-1.opus,1606650,わがや,我が家,,1
10098-1.opus,1606560,わかる,分かる,,2
10099-1.opus,1606580,わかれみち,分かれ道,,3
10100-1.opus,1606590,わかれる,別れる,,3
10101-1.opus,1501690,わきかえる,沸き返る,,3
10102-1.opus,1606680,わく,沸く,,0
10103-1.opus,1562600,わくせい,惑星,,0
10104-1.opus,1538330,わけ,訳,,1
10105-1.opus,1503000,わける,分ける,,2
10106-1.opus,1555720,わゴム,輪ゴム,,0
10107-1.opus,1225090,わざ,技,,2
10108-1.opus,1295080,わざわい,災い,,0
10109-1.opus,1562110,わしつ,和室,,0
10110-1.opus,1917490,わじまぬり,輪島塗り,,0
10111-1.opus,1562130,わしょく,和食,,0
10113-1.opus,1212200,わずらう,患う,,
10114-1.opus,2514990,わすれがたい,忘れ難い,,5
10115-1.opus,1519230,わすれもの,忘れ物,,0
10116-1.opus,1519210,わすれる,忘れる,,0
10117-1.opus,2183280,わせだ,早稲田,,
10118-1.opus,1533340,わた,綿,,2
10120-1.opus,1562400,わだい,話題,,0
10121-1.opus,1812800,わたがし,綿菓子,,
10122-1.opus,1854980,わたくしども,私共,,5
10123-1.opus,1311110,わたし,私,,0
10123-2.opus,2842390,わたくし,私,,0
10124-1.opus,1311300,わたしたち,私達,,3
10125-1.opus,1444610,わたす,渡す,,0
10126-1.opus,5546313,わたなべ,渡辺,,
10128-1.opus,1444650,わたりどり,渡り鳥,,3
10129-1.opus,1444680,わたる,渡る,,0
10130-1.opus,1562190,わふく,和服,,0
10131-1.opus,1562290,わようせっちゅう,和洋折衷,,
10132-1.opus,1351350,わらいばなし,笑い話,,4
10133-1.opus,1351350,わらいばなし,笑い話,,4
10134-1.opus,1351360,わらう,笑う,,0
10135-1.opus,1453920,わらべ,童,,1
10136-1.opus,1453930,わらべうた,童歌,,3
10137-1.opus,1606810,わりあい,割合,,0
10138-1.opus,1606840,わりかん,割り勘,,0
10139-1.opus,1606880,わりざん,割り算,,2
10140-1.opus,1983690,わりと,割と,,0
10141-1.opus,1207750,わりびく,割り引く,,3
10142-1.opus,1208000,わる,割る,,0
10143-1.opus,1151260,わるい,悪い,,2
10144-1.opus,1151720,わるがしこい,悪賢い,,5
10145-1.opus,1575730,わるくち,悪口,,2
10146-1.opus,1575730,わるぐち,悪口,,2
10147-1.opus,1196670,われ,我,,1
10148-1.opus,1208020,われる,割れる,,0
10149-1.opus,1607050,われわれ,我々,,0
10150-1.opus,1562800,わん,湾,,1
10151-1.opus,1562820,わんきょく,湾曲,する,0
10152-1.opus,1651370,わんこう,湾口,,0
10153-1.opus,1562880,わんしょう,腕章,,0
10154-1.opus,1917750,わんない,湾内,,1
10155-1.opus,1562910,わんぱく,腕白,な,
10156-1.opus,1562950,わんりょく,腕力,,
